1700725020000,0,0,0,0,0,0,0.3556,0.3557,1
1700725080000,0,0,0,0,0,0,0.35559999999999964,0.3556999999999994,83
1700725140000,0,0,0,0,0,0,0.3554450310559006,0.3555459627329201,322
1700725200000,0,0,0,0,0,0,0.3553002217294918,0.3554006651884734,451
1700725260000,0,0,0,0,0,0,0.35525890410958894,0.3553595890410968,146
1700725320000,0,0,0,0,0,0,0.3550954918032791,0.35519590163934533,244
1700725380000,0,0,0,0,0,0,0.354734472049689,0.35483509316770023,322
1700725440000,0,0,0,0,0,0,0.35478008213552503,0.3548804928131397,487
1700725500000,0,0,0,0,0,0,0.35461237113402094,0.3547134020618562,97
1700725560000,0,0,0,0,0,0,0.3546609427609436,0.35476262626262395,297
1700725620000,0,0,0,0,0,0,0.35517894736841876,0.35527993421052684,912
1700725680000,0,0,0,0,0,0,0.3554728929384978,0.35558451025057164,439
1700725740000,0,0,0,0,0,0,0.35549598930481474,0.3556125668449207,374
1700725800000,0,0,0,0,0,0,0.3554075098814245,0.3555090909090927,253
1700725860000,0,0,0,0,0,0,0.35574522613064957,0.35584623115577707,597
1700725920000,0,0,0,0,0,0,0.35621564625850366,0.35632018140589683,441
1700725980000,0,0,0,0,0,0,0.35630068493150724,0.35640684931506755,146
1700726040000,0,0,0,0,0,0,0.3561848167539262,0.35628691099476506,191
1700726100000,0,0,0,0,0,0,0.3561909909909913,0.35629414414414395,222
1700726160000,0,0,0,0,0,0,0.3563480314960634,0.35644822834645845,508
1700726220000,0,0,0,0,0,0,0.3565588832487284,0.35665972927241724,591
1700726280000,0,0,0,0,0,0,0.3565083700440514,0.3566083700440503,454
1700726340000,0,0,0,0,0,0,0.3567075664621675,0.35680838445807866,489
1700726400000,0,0,0,0,0,0,0.35698073089701043,0.35708139534883915,602
1700726460000,0,0,0,0,0,0,0.3573151999999996,0.3574191999999992,375
1700726520000,0,0,0,0,0,0,0.3578881612090687,0.3579919395465981,397
1700726580000,0,0,0,0,0,0,0.35782032520325185,0.3579222222222208,369
1700726640000,0,0,0,0,0,0,0.3579444444444441,0.3580454545454534,198
1700726700000,0,0,0,0,0,0,0.357856571428571,0.3579565714285718,175
1700726760000,0,0,0,0,0,0,0.35747733644859736,0.35758014018691475,428
1700726820000,0,0,0,0,0,0,0.35774928716903986,0.357851527494906,491
1700726880000,0,0,0,0,0,0,0.3575095238095238,0.3576101190476198,168
1700726940000,0,0,0,0,0,0,0.3571599137931034,0.3572612068965521,232
1700727000000,0,0,0,0,0,0,0.35690373831775685,0.3570037383177575,214
1700727060000,0,0,0,0,0,0,0.3566334792122556,0.35673479212253656,457
1700727120000,0,0,0,0,0,0,0.3568436893203894,0.3569441747572828,206
1700727180000,0,0,0,0,0,0,0.35727429577464764,0.35737816901408337,284
1700727240000,0,0,0,0,0,0,0.3572163636363632,0.35731696969696963,165
1700727300000,0,0,0,0,0,0,0.357035937499999,0.3571368303571438,448
1700727360000,0,0,0,0,0,0,0.3569094059405944,0.3570099009900992,202
1700727420000,0,0,0,0,0,0,0.3571952941176462,0.3572970588235293,340
1700727480000,0,0,0,0,0,0,0.3570802631578939,0.3571824561403514,228
1700727540000,0,0,0,0,0,0,0.35693319672131096,0.3570348360655738,244
1700727600000,0,0,0,0,0,0,0.3568301242236049,0.35693509316770317,322
1700727660000,0,0,0,0,0,0,0.3569,0.35700170648464286,293
1700727720000,0,0,0,0,0,0,0.3571403743315509,0.35724251336898577,374
1700727780000,0,0,0,0,0,0,0.3567554179566591,0.35685696594427296,323
1700727840000,0,0,0,0,0,0,0.35676380090497795,0.3568647058823542,221
1700727900000,0,0,0,0,0,0,0.35660185758513874,0.35670464396284896,323
1700727960000,0,0,0,0,0,0,0.35671253481894283,0.35681420612813475,359
1700728020000,0,0,0,0,0,0,0.35690904109589083,0.3570123287671234,365
1700728080000,0,0,0,0,0,0,0.3573031746031732,0.35740507936508037,315
1700728140000,0,0,0,0,0,0,0.35767470588235256,0.3577770588235295,170
1700728200000,0,0,0,0,0,0,0.35757835051546466,0.3576814432989687,194
1700728260000,0,0,0,0,0,0,0.35719590163934517,0.3572978142076502,366
1700728320000,0,0,0,0,0,0,0.35727780487804806,0.35738073170731727,410
1700728380000,0,0,0,0,0,0,0.35749758454106306,0.357599033816426,207
1700728440000,0,0,0,0,0,0,0.357698999999999,0.35780200000000006,300
1700728500000,0,0,0,0,0,0,0.3580629156010221,0.35816598465473104,391
1700728560000,0,0,0,0,0,0,0.3581734151329274,0.35827525562371904,489
1700728620000,0,0,0,0,0,0,0.35839108280254633,0.3584997876857743,471
1700728680000,0,0,0,0,0,0,0.35846899383983505,0.35857700205338705,487
1700728740000,0,0,0,0,0,0,0.3586025925925931,0.35870518518518657,270
1700728800000,0,0,0,0,0,0,0.35864274509803823,0.35874431372549004,255
1700728860000,0,0,0,0,0,0,0.3587579124579156,0.35886178451178663,594
1700728920000,0,0,0,0,0,0,0.35890501930501995,0.3590084942084957,259
1700728980000,0,0,0,0,0,0,0.35896028037383126,0.3590761682242998,214
1700729040000,1,0,1016.0,0,1016.0,1,0.35938885017421424,0.3594937282229963,287
1700729100000,0,0,0,0,0,0,0.35974164705882633,0.3598444705882366,425
1700729160000,0,0,0,0,0,0,0.3596444743935305,0.35974528301886916,371
1700729220000,0,0,0,0,0,0,0.35961559999999954,0.3597208000000003,250
1700729280000,0,0,0,0,0,0,0.3596044334975367,0.35970788177339796,203
1700729340000,0,0,0,0,0,0,0.35950593220339067,0.3596097457627118,236
1700729400000,0,0,0,0,0,0,0.3593453724604966,0.35945237020315707,443
1700729460000,0,0,0,0,0,0,0.3593217391304349,0.35942648221343887,253
1700729520000,0,0,0,0,0,0,0.35954279661017097,0.359644915254236,236
1700729580000,0,0,0,0,0,0,0.35964928571428567,0.35975071428571537,280
1700729640000,0,0,0,0,0,0,0.35976109090909153,0.3598650909090905,275
1700729700000,0,0,0,0,0,0,0.3598102803738349,0.35991121495327183,321
1700729760000,0,0,0,0,0,0,0.3598856741573028,0.35998904494382167,356
1700729820000,0,0,0,0,0,0,0.36008275290215397,0.3601898839137626,603
1700729880000,0,0,0,0,0,0,0.36010380434782635,0.36020543478260886,184
1700729940000,0,0,0,0,0,0,0.3599751054852329,0.3600793248945155,237
1700730000000,0,0,0,0,0,0,0.3599949704142013,0.36010207100591896,338
1700730060000,0,0,0,0,0,0,0.36020612582781436,0.36031076158940284,604
1700730120000,0,0,0,0,0,0,0.3599069883527475,0.36001081530782336,601
1700730180000,0,0,0,0,0,0,0.35941394557822776,0.3595198979591796,588
1700730240000,0,0,0,0,0,0,0.3589339522546418,0.35903793103448317,377
1700730300000,0,0,0,0,0,0,0.3584043046357618,0.35850794701986444,604
1700730360000,0,0,0,0,0,0,0.3584067857142879,0.3585116071428579,560
1700730420000,0,0,0,0,0,0,0.35852144772118044,0.3586257372654154,373
1700730480000,0,0,0,0,0,0,0.3583444180522577,0.358451543942994,421
1700730540000,0,0,0,0,0,0,0.35831602434077325,0.35842170385395694,493
1700730600000,0,0,0,0,0,0,0.3579573446327684,0.3580587570621465,354
1700730660000,0,0,0,0,0,0,0.35789540229885064,0.35799616858237654,261
1700730720000,0,0,0,0,0,0,0.35786490066225174,0.35796754966887395,151
1700730780000,0,0,0,0,0,0,0.3575999999999991,0.3577043062200955,209
1700730840000,0,0,0,0,0,0,0.3579085308056866,0.3580104265402838,211
1700730900000,0,0,0,0,0,0,0.35839583333333414,0.35850320512820555,312
1700730960000,0,0,0,0,0,0,0.3582853960396025,0.3583871287128706,404
1700731020000,0,0,0,0,0,0,0.35819283387622075,0.35830162866449494,307
1700731080000,0,0,0,0,0,0,0.3577542094455842,0.357856057494866,487
1700731140000,0,0,0,0,0,0,0.3579559888579379,0.35805766016712853,359
1700731200000,0,0,0,0,0,0,0.3581390879478804,0.35824169381107385,307
1700731260000,0,0,0,0,0,0,0.35829829059829044,0.35839957264957334,234
1700731320000,0,0,0,0,0,0,0.35837641277641513,0.35847862407862396,407
1700731380000,0,0,0,0,0,0,0.35827599999999826,0.35838149999999996,200
1700731440000,0,0,0,0,0,0,0.3582169014084487,0.35832629107981173,213
1700731500000,0,0,0,0,0,0,0.3583170909090918,0.3584189090909115,275
1700731560000,0,0,0,0,0,0,0.35820820895522243,0.35830970149253705,268
1700731620000,0,0,0,0,0,0,0.3583164305949026,0.3584178470254966,353
1700731680000,0,0,0,0,0,0,0.35858717105263027,0.3586888157894737,304
1700731740000,0,0,0,0,0,0,0.3584544715447153,0.3585585365853671,246
1700731800000,0,0,0,0,0,0,0.35826654676258946,0.3583676258992812,278
1700731860000,0,0,0,0,0,0,0.3584974937343366,0.35859974937343225,399
1700731920000,0,0,0,0,0,0,0.3585533678756481,0.3586564766839375,193
1700731980000,0,0,0,0,0,0,0.35844951456310986,0.35855080906148734,309
1700732040000,0,0,0,0,0,0,0.3585311977715876,0.35863286908077924,359
1700732100000,0,0,0,0,0,0,0.3585866855524068,0.3586895184135972,353
1700732160000,0,0,0,0,0,0,0.35889575757575776,0.35899787878787787,330
1700732220000,0,0,0,0,0,0,0.3588533834586458,0.3589578947368429,133
1700732280000,0,0,0,0,0,0,0.358909333333334,0.35901466666666804,225
1700732340000,0,0,0,0,0,0,0.3588910931174095,0.3589919028340082,247
1700732400000,0,0,0,0,0,0,0.35889999999999955,0.35900323886639646,247
1700732460000,0,0,0,0,0,0,0.35921824324324253,0.3593182432432437,148
1700732520000,0,0,0,0,0,0,0.3594499999999998,0.35956067961165045,206
1700732580000,0,0,0,0,0,0,0.3595590361445781,0.3596638554216857,166
1700732640000,0,0,0,0,0,0,0.3597062499999997,0.3598142857142861,112
1700732700000,0,0,0,0,0,0,0.3598184397163144,0.35992021276595776,282
1700732760000,0,0,0,0,0,0,0.3597211886304933,0.3598258397932835,387
1700732820000,0,0,0,0,0,0,0.3598954545454538,0.35999621212121247,264
1700732880000,0,0,0,0,0,0,0.35969839357429756,0.3598004016064261,249
1700732940000,0,0,0,0,0,0,0.3596531976744194,0.35975436046511866,344
1700733000000,0,0,0,0,0,0,0.35977410714285807,0.3598785714285737,336
1700733060000,0,0,0,0,0,0,0.35978206896551723,0.35988344827586305,145
1700733120000,0,0,0,0,0,0,0.3597545454545456,0.3598576496674068,451
1700733180000,0,0,0,0,0,0,0.35963293269230867,0.359742307692311,416
1700733240000,0,0,0,0,0,0,0.3596095563139928,0.35971023890784953,293
1700733300000,0,0,0,0,0,0,0.35950878661087815,0.35960920502092153,239
1700733360000,0,0,0,0,0,0,0.3599358736059457,0.3600384758364302,538
1700733420000,0,0,0,0,0,0,0.3602247863247847,0.3603292735042716,468
1700733480000,0,0,0,0,0,0,0.3603214007782098,0.360423346303503,257
1700733540000,1,0,474.0,0,474.0,1,0.36051610878661366,0.3606225941422596,478
1700733600000,0,0,0,0,0,0,0.3607351941747558,0.36083980582524217,412
1700733660000,0,0,0,0,0,0,0.3610463133640532,0.3611481566820266,434
1700733720000,0,0,0,0,0,0,0.36097634782608634,0.3610812173913,575
1700733780000,0,0,0,0,0,0,0.36095387647831645,0.3610542706964467,761
1700733840000,0,0,0,0,0,0,0.3609234126984125,0.36102579365079396,252
1700733900000,0,0,0,0,0,0,0.36077614678898945,0.36089602446483143,327
1700733960000,0,0,0,0,0,0,0.36085007633587785,0.36095175572518845,655
1700734020000,0,0,0,0,0,0,0.3607418316831682,0.36084405940594105,404
1700734080000,0,0,0,0,0,0,0.3607872274143298,0.36088971962616806,321
1700734140000,0,0,0,0,0,0,0.3609343396226407,0.3610358490566041,265
1700734200000,0,0,0,0,0,0,0.36050916666666744,0.3606113888888907,360
1700734260000,0,0,0,0,0,0,0.36080468986383674,0.36090590015128216,661
1700734320000,0,0,0,0,0,0,0.36077338129496384,0.3608776978417263,278
1700734380000,0,0,0,0,0,0,0.3605851562500026,0.3606880208333314,384
1700734440000,0,0,0,0,0,0,0.3609064444444455,0.3610073333333306,450
1700734500000,0,0,0,0,0,0,0.3607999999999989,0.36090000000000066,212
1700734560000,0,0,0,0,0,0,0.3604906066536183,0.36059510763209335,511
1700734620000,0,0,0,0,0,0,0.3599520295202972,0.36005738007380395,542
1700734680000,0,0,0,0,0,0,0.35962178423236507,0.35972759336099785,482
1700734740000,0,0,0,0,0,0,0.35995000000000127,0.3600527093596074,406
1700734800000,0,0,0,0,0,0,0.3600152823920261,0.3601166112956814,301
1700734860000,0,0,0,0,0,0,0.3598067610062905,0.35990786163522215,636
1700734920000,0,0,0,0,0,0,0.35979755244755096,0.3598986013986022,286
1700734980000,0,0,0,0,0,0,0.3601661654135338,0.3602755639097743,266
1700735040000,0,0,0,0,0,0,0.360098579545457,0.36019914772727313,352
1700735100000,0,0,0,0,0,0,0.3599128205128197,0.36001474358974395,312
1700735160000,0,0,0,0,0,0,0.35978414096916295,0.359889427312774,454
1700735220000,0,0,0,0,0,0,0.36013593750000017,0.3602368749999992,320
1700735280000,0,0,0,0,0,0,0.3602291525423729,0.36033016949152524,295
1700735340000,0,0,0,0,0,0,0.36031844262295093,0.360418852459016,244
1700735400000,0,0,0,0,0,0,0.3605231372549024,0.3606278431372555,510
1700735460000,0,0,0,0,0,0,0.3605449275362329,0.360646666666665,345
1700735520000,0,0,0,0,0,0,0.3606020100502521,0.3607045226130645,199
1700735580000,0,0,0,0,0,0,0.3606670129870131,0.3607740259740269,385
1700735640000,0,0,0,0,0,0,0.3604952755905513,0.3606003937007889,254
1700735700000,0,0,0,0,0,0,0.3604343848580449,0.3605359621451104,317
1700735760000,0,0,0,0,0,0,0.35987688821752567,0.35998625377643834,662
1700735820000,0,0,0,0,0,0,0.35932536912751206,0.3594365100671117,745
1700735880000,0,0,0,0,0,0,0.35929230769230713,0.3594035164835155,455
1700735940000,0,0,0,0,0,0,0.35966312849162035,0.35976703910614544,179
1700736000000,0,0,0,0,0,0,0.359539114391144,0.3596450184501857,271
1700736060000,0,0,0,0,0,0,0.3596987730061343,0.3598036809815959,163
1700736120000,0,0,0,0,0,0,0.35984090909090893,0.3599418181818186,110
1700736180000,0,0,0,0,0,0,0.35999134948096906,0.36009307958477565,289
1700736240000,0,0,0,0,0,0,0.3595240331491696,0.35962900552485944,362
1700736300000,0,0,0,0,0,0,0.35921973684210584,0.3593258771929813,228
1700736360000,0,0,0,0,0,0,0.35919744408945714,0.3592993610223659,313
1700736420000,0,0,0,0,0,0,0.35903770491803383,0.35913770491803276,122
1700736480000,0,0,0,0,0,0,0.3590587499999989,0.3591641666666666,240
1700736540000,0,0,0,0,0,0,0.3589875486381327,0.35908793774318915,257
1700736600000,0,0,0,0,0,0,0.35882626262626294,0.3589272727272723,198
1700736660000,0,0,0,0,0,0,0.3588411764705878,0.35894150326797475,306
1700736720000,0,0,0,0,0,0,0.3585393442622938,0.35864610655737433,488
1700736780000,0,0,0,0,0,0,0.35817824773413737,0.3582836858006031,331
1700736840000,0,0,0,0,0,0,0.35840365448505024,0.35850996677740843,301
1700736900000,0,0,0,0,0,0,0.35887350427350734,0.35897393162393193,468
1700736960000,0,0,0,0,0,0,0.3596817378497818,0.35981089837997204,679
1700737020000,0,0,0,0,0,0,0.3596307692307675,0.35973356643356613,286
1700737080000,0,0,0,0,0,0,0.3594255760368648,0.35952695852534555,434
1700737140000,0,0,0,0,0,0,0.3597135265700474,0.35981690821255985,207
1700737200000,0,0,0,0,0,0,0.35947323943661863,0.35957417840375566,213
1700737260000,0,0,0,0,0,0,0.3594936475409828,0.35959590163934524,488
1700737320000,0,0,0,0,0,0,0.35911097744361237,0.35921473684210786,665
1700737380000,0,0,0,0,0,0,0.3588632124352335,0.35896787564766797,193
1700737440000,0,0,0,0,0,0,0.358473523809527,0.3585765714285693,525
1700737500000,0,0,0,0,0,0,0.3581443089430897,0.35825,492
1700737560000,0,0,0,0,0,0,0.3578603588906996,0.3579637846655784,613
1700737620000,0,0,0,0,0,0,0.35752185128983244,0.357626100151742,659
1700737680000,0,0,0,0,0,0,0.3577218683651783,0.3578312101910806,471
1700737740000,0,0,0,0,0,0,0.3576742857142861,0.35777666666666597,210
1700737800000,0,0,0,0,0,0,0.35772490566037823,0.35782641509433954,265
1700737860000,0,0,0,0,0,0,0.35760277777777716,0.35770404040403847,396
1700737920000,0,0,0,0,0,0,0.3574534375000008,0.3575571874999995,320
1700737980000,0,0,0,0,0,0,0.3570004201680669,0.3571021008403366,238
1700738040000,0,1,0,113.0,113.0,1,0.3565715151515141,0.35667915151515067,825
1700738100000,0,0,0,0,0,0,0.35613655913978537,0.3562420890937012,651
1700738160000,0,0,0,0,0,0,0.35672973451327133,0.3568330973451305,565
1700738220000,0,0,0,0,0,0,0.35660359408033937,0.3567076109936602,473
1700738280000,0,0,0,0,0,0,0.3561246312684337,0.35623303834808034,678
1700738340000,0,0,0,0,0,0,0.35603366583541246,0.35613615960099787,401
1700738400000,0,0,0,0,0,0,0.35612224334600684,0.35622927756653866,526
1700738460000,0,0,0,0,0,0,0.35654310051107063,0.35664855195911227,587
1700738520000,0,0,0,0,0,0,0.35691785714285684,0.35702321428571515,504
1700738580000,1,0,105.0,0,105.0,1,0.35545268361581833,0.35558185028248745,1416
1700738640000,0,0,0,0,0,0,0.35577116279069687,0.3558881395348824,860
1700738700000,0,0,0,0,0,0,0.3547342828077322,0.35484994913530105,983
1700738760000,0,0,0,0,0,0,0.3552396358543427,0.3553457983193278,714
1700738820000,0,0,0,0,0,0,0.35580972515856263,0.3559152219873129,473
1700738880000,0,0,0,0,0,0,0.3559629067245123,0.3560655097613886,461
1700738940000,0,0,0,0,0,0,0.35645944700460697,0.3565649769585254,217
1700739000000,0,0,0,0,0,0,0.3565634146341458,0.356681707317073,984
1700739060000,0,0,0,0,0,0,0.35686252465483226,0.3569670611439864,507
1700739120000,0,0,0,0,0,0,0.35699576923077037,0.3570980769230762,260
1700739180000,0,0,0,0,0,0,0.35705016286645075,0.3571579804560261,307
1700739240000,0,0,0,0,0,0,0.35733399999999976,0.35743650000000016,200
1700739300000,0,0,0,0,0,0,0.35760694980695,0.35770965250965253,259
1700739360000,0,0,0,0,0,0,0.357525754060325,0.357629234338746,431
1700739420000,0,0,0,0,0,0,0.3578483999999991,0.35795400000000044,250
1700739480000,0,0,0,0,0,0,0.35809431279620774,0.358196208530805,211
1700739540000,0,0,0,0,0,0,0.35822204301075194,0.3583263440860222,186
1700739600000,0,0,0,0,0,0,0.35812307692307627,0.35822582417582327,182
1700739660000,0,0,0,0,0,0,0.3579117870722437,0.35801444866920185,263
1700739720000,0,0,0,0,0,0,0.3577989949748745,0.35790201005025074,199
1700739780000,0,0,0,0,0,0,0.3579737037037039,0.3580759259259245,270
1700739840000,0,0,0,0,0,0,0.3581917808219174,0.35829383561643907,146
1700739900000,0,0,0,0,0,0,0.3579943478260857,0.358098260869565,230
1700739960000,0,0,0,0,0,0,0.3578929577464779,0.35799464788732416,355
1700740020000,0,0,0,0,0,0,0.3580913838120082,0.3581932114882507,383
1700740080000,0,0,0,0,0,0,0.3579999999999997,0.35810238907849656,293
1700740140000,0,0,0,0,0,0,0.35723726315789667,0.3573427368421073,475
1700740200000,0,0,0,0,0,0,0.3570582840236698,0.3571671597633136,338
1700740260000,0,0,0,0,0,0,0.3569571942446054,0.35706079136690694,278
1700740320000,0,0,0,0,0,0,0.35692165775401297,0.3570227272727281,374
1700740380000,0,0,0,0,0,0,0.35664878048780624,0.35675447154471734,246
1700740440000,0,0,0,0,0,0,0.35658831615119957,0.3566922680412357,582
1700740500000,0,0,0,0,0,0,0.3565610526315785,0.35666210526315817,190
1700740560000,0,0,0,0,0,0,0.35630126050419986,0.356404831932772,476
1700740620000,0,0,0,0,0,0,0.3561094527363185,0.3562124378109455,201
1700740680000,0,0,0,0,0,0,0.35614095238095195,0.35624761904761804,315
1700740740000,0,0,0,0,0,0,0.3566764890282158,0.356779937304076,319
1700740800000,0,0,0,0,0,0,0.35674162679425936,0.35684784688995314,209
1700740860000,0,0,0,0,0,0,0.3568653645833329,0.3569695312499999,384
1700740920000,0,0,0,0,0,0,0.3568441964285714,0.35694866071428694,448
1700740980000,0,0,0,0,0,0,0.35654148936170227,0.356644042553194,470
1700741040000,0,1,0,305.0,305.0,1,0.35661054054054214,0.3567162162162188,370
1700741100000,0,0,0,0,0,0,0.3563295774647893,0.35643145539905985,213
1700741160000,0,0,0,0,0,0,0.3564951830443128,0.3565982658959526,519
1700741220000,0,0,0,0,0,0,0.3571354166666701,0.35723750000000026,528
1700741280000,0,0,0,0,0,0,0.35780707070707013,0.3579090909090913,396
1700741340000,0,0,0,0,0,0,0.3580822055137843,0.3581919799498739,399
1700741400000,0,0,0,0,0,0,0.35792228412256183,0.3580272980501395,359
1700741460000,0,0,0,0,0,0,0.3576166666666668,0.35772142857142686,546
1700741520000,0,0,0,0,0,0,0.35782941176470623,0.35793273657288893,391
1700741580000,0,0,0,0,0,0,0.357954777070062,0.3580573248407636,314
1700741640000,0,0,0,0,0,0,0.3579390804597693,0.3580465517241364,348
1700741700000,0,0,0,0,0,0,0.3584706624605689,0.3585845425867506,317
1700741760000,0,0,0,0,0,0,0.3582691206543981,0.3583717791411065,489
1700741820000,0,0,0,0,0,0,0.3586361031518628,0.3587435530085959,349
1700741880000,0,0,0,0,0,0,0.35937504159733336,0.3594843594009964,601
1700741940000,0,0,0,0,0,0,0.359446946564884,0.3595480916030525,262
1700742000000,0,0,0,0,0,0,0.35961127450980346,0.35971666666666674,204
1700742060000,0,0,0,0,0,0,0.3596785185185191,0.359782469135804,405
1700742120000,0,0,0,0,0,0,0.36017989821882934,0.36028295165394353,393
1700742180000,0,0,0,0,0,0,0.36035428571428413,0.3604597959183662,490
1700742240000,0,0,0,0,0,0,0.36029244604316696,0.3603942446043173,278
1700742300000,0,0,0,0,0,0,0.36034108910891066,0.36045198019802177,404
1700742360000,0,0,0,0,0,0,0.3602433823529425,0.36034632352941015,408
1700742420000,0,0,0,0,0,0,0.3599665071770336,0.3600665071770343,209
1700742480000,0,0,0,0,0,0,0.3601638392857151,0.36026473214285787,224
1700742540000,0,0,0,0,0,0,0.35984977578475363,0.35995291479820707,223
1700742600000,0,0,0,0,0,0,0.36012903225806525,0.3602336917562724,279
1700742660000,0,0,0,0,0,0,0.3597898336414071,0.3598907578558257,541
1700742720000,0,0,0,0,0,0,0.3597056872037937,0.3598087677725127,422
1700742780000,0,0,0,0,0,0,0.3594233812949616,0.3595300359712212,556
1700742840000,0,0,0,0,0,0,0.35912265625000006,0.35922421875000116,384
1700742900000,0,0,0,0,0,0,0.35903333333333426,0.3591462121212115,264
1700742960000,0,0,0,0,0,0,0.3584893656716427,0.3585949626865654,536
1700743020000,0,0,0,0,0,0,0.35800724637681175,0.3581144927536243,483
1700743080000,0,0,0,0,0,0,0.3581033472803342,0.3582046025104601,239
1700743140000,0,0,0,0,0,0,0.35835912698412853,0.35845952380952356,252
1700743200000,0,0,0,0,0,0,0.3583211038961032,0.3584224025974012,308
1700743260000,0,0,0,0,0,0,0.3584593684210534,0.3585621052631583,475
1700743320000,0,0,0,0,0,0,0.3579064202334616,0.3580118677042794,514
1700743380000,0,0,0,0,0,0,0.3580715517241374,0.3581750000000004,232
1700743440000,0,0,0,0,0,0,0.3583670498084291,0.35847011494252995,261
1700743500000,0,0,0,0,0,0,0.3582450980392148,0.3583470588235286,153
1700743560000,0,0,0,0,0,0,0.35800060882800533,0.3581060882800603,657
1700743620000,0,0,0,0,0,0,0.35775206812651894,0.3578564476885639,411
1700743680000,0,0,0,0,0,0,0.3577760683760671,0.35787863247863355,468
1700743740000,0,0,0,0,0,0,0.3577376146788986,0.35783853211009176,218
1700743800000,0,0,0,0,0,0,0.3577658536585356,0.35786829268292747,164
1700743860000,0,0,0,0,0,0,0.35764318181818167,0.3577450757575768,264
1700743920000,0,0,0,0,0,0,0.3574549488054607,0.35755665529010394,293
1700743980000,0,0,0,0,0,0,0.35747243243243276,0.3575848648648653,185
1700744040000,0,0,0,0,0,0,0.3573106635071092,0.3574156398104278,422
1700744100000,0,0,0,0,0,0,0.3573311728395049,0.3574342592592598,324
1700744160000,0,0,0,0,0,0,0.3574718015665806,0.35757441253263816,383
1700744220000,0,0,0,0,0,0,0.3574104046242772,0.3575115606936418,173
1700744280000,0,0,0,0,0,0,0.3574676691729321,0.35757067669172826,266
1700744340000,0,0,0,0,0,0,0.35749179687500016,0.3575968750000013,256
1700744400000,0,0,0,0,0,0,0.3575941605839419,0.3576970802919709,137
1700744460000,0,0,0,0,0,0,0.3573406060606075,0.3574430303030299,330
1700744520000,0,0,0,0,0,0,0.3575381355932193,0.3576422033898305,590
1700744580000,0,0,0,0,0,0,0.35802654155495994,0.3581289544235905,373
1700744640000,0,0,0,0,0,0,0.35777340425531884,0.357880851063829,282
1700744700000,0,0,0,0,0,0,0.3576192307692292,0.35772115384615394,260
1700744760000,0,0,0,0,0,0,0.35813076923076853,0.35823545966228576,533
1700744820000,0,0,0,0,0,0,0.3580417910447752,0.3581452736318404,201
1700744880000,0,0,0,0,0,0,0.357633108108109,0.357736486486486,148
1700744940000,0,0,0,0,0,0,0.35761574585635303,0.3577182320441975,362
1700745000000,0,0,0,0,0,0,0.35743181818181796,0.35753409090909133,220
1700745060000,0,0,0,0,0,0,0.35766484641638163,0.35776825938566514,293
1700745120000,0,0,0,0,0,0,0.3586467741935479,0.35875548387096745,620
1700745180000,0,0,0,0,0,0,0.3598120315581879,0.3599195266272228,507
1700745240000,0,0,0,0,0,0,0.35976791443850176,0.3598711229946524,187
1700745300000,0,0,0,0,0,0,0.35968473118279615,0.3597937634408622,465
1700745360000,0,0,0,0,0,0,0.3593680434782629,0.35947065217391233,460
1700745420000,0,0,0,0,0,0,0.359038028169013,0.35914084507042243,284
1700745480000,0,0,0,0,0,0,0.3589349693251532,0.35903558282208614,163
1700745540000,0,0,0,0,0,0,0.3589364000000007,0.3590388000000015,250
1700745600000,0,0,0,0,0,0,0.35876601941747577,0.3588669902912614,103
1700745660000,0,0,0,0,0,0,0.3589068681318662,0.3590090659340655,364
1700745720000,0,0,0,0,0,0,0.35935251989390077,0.35946180371352643,754
1700745780000,0,0,0,0,0,0,0.35969436201780364,0.35980089020771494,337
1700745840000,0,0,0,0,0,0,0.359926779661017,0.36003186440677964,295
1700745900000,0,0,0,0,0,0,0.3599900684931547,0.3600960616438386,584
1700745960000,0,0,0,0,0,0,0.3597273743016757,0.3598296089385476,179
1700746020000,0,0,0,0,0,0,0.35996477611940275,0.3600671641791049,335
1700746080000,0,0,0,0,0,0,0.35983602150537713,0.35993870967741987,186
1700746140000,0,0,0,0,0,0,0.35991930501930425,0.3600285714285721,518
1700746200000,0,0,0,0,0,0,0.35996200941915424,0.36006954474097475,637
1700746260000,0,0,0,0,0,0,0.3597290697674419,0.3598325581395341,258
1700746320000,0,0,0,0,0,0,0.35979883720930356,0.35990058139534875,172
1700746380000,0,0,0,0,0,0,0.3594249249249234,0.35952642642642374,666
1700746440000,0,0,0,0,0,0,0.35977343096234343,0.35988158995815683,478
1700746500000,0,0,0,0,0,0,0.3601775700934596,0.360285981308411,321
1700746560000,0,0,0,0,0,0,0.3599942396313377,0.36009723502304414,434
1700746620000,0,0,0,0,0,0,0.359706730769233,0.35981033653846217,416
1700746680000,0,0,0,0,0,0,0.36009768518518404,0.3602034722222229,432
1700746740000,0,0,0,0,0,0,0.36048803418803527,0.3605970085470117,702
1700746800000,0,0,0,0,0,0,0.3603842767295598,0.3604858490566049,318
1700746860000,0,0,0,0,0,0,0.3602714285714267,0.3603764976958512,434
1700746920000,0,0,0,0,0,0,0.36006943164362976,0.3601712749616014,651
1700746980000,0,0,0,0,0,0,0.35980617283950656,0.35990833333333405,324
1700747040000,0,0,0,0,0,0,0.35931809045226043,0.3594246231155757,796
1700747100000,0,0,0,0,0,0,0.35950000000000004,0.35960258064516043,155
1700747160000,0,0,0,0,0,0,0.35987588235294105,0.35997647058823606,340
1700747220000,0,0,0,0,0,0,0.3599536388140164,0.36005714285714346,371
1700747280000,0,0,0,0,0,0,0.359338909090911,0.3594460000000021,550
1700747340000,0,0,0,0,0,0,0.3586412300683366,0.35874715261958834,439
1700747400000,0,0,0,0,0,0,0.35805986038394644,0.35816666666666874,573
1700747460000,0,0,0,0,0,0,0.3580690744920983,0.35817268623024917,443
1700747520000,0,0,0,0,0,0,0.3575592592592614,0.35766225749559144,567
1700747580000,0,0,0,0,0,0,0.35753694915254386,0.35763999999999946,295
1700747640000,0,0,0,0,0,0,0.35782592592592644,0.3579277777777766,216
1700747700000,0,0,0,0,0,0,0.3582728813559335,0.3583755932203393,295
1700747760000,0,0,0,0,0,0,0.3584090507726254,0.35851434878587074,453
1700747820000,0,0,0,0,0,0,0.3584501501501519,0.3585531531531532,333
1700747880000,0,0,0,0,0,0,0.35875118483412344,0.35885355450237033,211
1700747940000,0,0,0,0,0,0,0.3590071428571416,0.359109523809524,252
1700748000000,0,0,0,0,0,0,0.35894079754601216,0.35904509202454044,326
1700748060000,0,0,0,0,0,0,0.35890083565459624,0.35900501392757767,359
1700748120000,0,0,0,0,0,0,0.3591428143712579,0.3592473053892192,334
1700748180000,0,0,0,0,0,0,0.3596908496732022,0.35979607843137235,306
1700748240000,0,0,0,0,0,0,0.3599187301587314,0.36002539682539714,315
1700748300000,0,0,0,0,0,0,0.3599365079365079,0.3600428571428582,252
1700748360000,0,0,0,0,0,0,0.36013699186991943,0.36023943089430827,246
1700748420000,0,0,0,0,0,0,0.36036310679611555,0.3604650485436889,206
1700748480000,0,0,0,0,0,0,0.3603050359712234,0.3604093525179843,278
1700748540000,0,0,0,0,0,0,0.3603100649350644,0.36041428571428485,308
1700748600000,0,0,0,0,0,0,0.3599958955223895,0.3600985074626872,268
1700748660000,0,0,0,0,0,0,0.3596221153846152,0.3597269230769227,208
1700748720000,0,0,0,0,0,0,0.35971103678929855,0.3598167224080266,299
1700748780000,0,0,0,0,0,0,0.36016889952153186,0.3602712918660282,209
1700748840000,0,0,0,0,0,0,0.3598947643979067,0.3600146596858652,382
1700748900000,0,0,0,0,0,0,0.3599297520661159,0.36003223140495844,121
1700748960000,0,0,0,0,0,0,0.3598641176470605,0.3599655882352959,340
1700749020000,0,0,0,0,0,0,0.36000301003344676,0.3601063545150495,299
1700749080000,0,0,0,0,0,0,0.36024902723735347,0.36035097276264266,514
1700749140000,0,0,0,0,0,0,0.3598521400778226,0.3599536964980554,257
1700749200000,0,0,0,0,0,0,0.3595763565891468,0.3596782945736416,258
1700749260000,0,0,0,0,0,0,0.35893481675392686,0.3590356020942411,382
1700749320000,0,0,0,0,0,0,0.35816444906444794,0.35827276507276706,962
1700749380000,0,0,0,0,0,0,0.35826489361702024,0.3583710106382982,376
1700749440000,0,0,0,0,0,0,0.3584133949191676,0.35851685912240117,433
1700749500000,0,0,0,0,0,0,0.3585878440366983,0.35869082568807314,436
1700749560000,0,0,0,0,0,0,0.35867653758542295,0.35877790432802065,439
1700749620000,0,0,0,0,0,0,0.35879961832060975,0.35890076335877924,262
1700749680000,0,0,0,0,0,0,0.35849501557632524,0.3586006230529601,321
1700749740000,0,0,0,0,0,0,0.35849383177570054,0.35862130841121537,535
1700749800000,0,0,0,0,0,0,0.35855076923076995,0.3586528205128205,195
1700749860000,0,0,0,0,0,0,0.35897430555555626,0.35907708333333127,432
1700749920000,0,0,0,0,0,0,0.35928096707818913,0.3594204732510302,972
1700749980000,0,0,0,0,0,0,0.3593182389937101,0.35942232704402505,318
1700750040000,0,0,0,0,0,0,0.3594557692307689,0.35955705128205034,156
1700750100000,0,0,0,0,0,0,0.359885572139304,0.35998955223880713,201
1700750160000,0,0,0,0,0,0,0.3598392156862768,0.35994196078431384,255
1700750220000,0,0,0,0,0,0,0.35971507246376866,0.35982202898550847,345
1700750280000,0,0,0,0,0,0,0.35963633440514264,0.35976463022507965,622
1700750340000,0,0,0,0,0,0,0.35830891255605446,0.3584337443946243,1784
1700750400000,0,0,0,0,0,0,0.3586564606741572,0.35876151685393415,356
1700750460000,0,0,0,0,0,0,0.35850094043887115,0.3586144200626964,319
1700750520000,0,0,0,0,0,0,0.35817684887459617,0.35827974276527125,311
1700750580000,0,0,0,0,0,0,0.3579790697674413,0.3580813953488369,172
1700750640000,0,0,0,0,0,0,0.3582088235294113,0.3583156862745103,204
1700750700000,0,0,0,0,0,0,0.3581192982456142,0.3582201754385957,114
1700750760000,0,0,0,0,0,0,0.3578827102803736,0.35798411214953274,214
1700750820000,0,0,0,0,0,0,0.35805462184873976,0.3581546218487388,119
1700750880000,0,0,0,0,0,0,0.3580174603174605,0.3581174603174605,63
1700750940000,0,0,0,0,0,0,0.3581983240223459,0.3583005586592181,179
1700751000000,0,0,0,0,0,0,0.35839789156626756,0.3584990963855418,332
1700751060000,0,0,0,0,0,0,0.3580837962962961,0.3581874999999982,216
1700751120000,0,0,0,0,0,0,0.35756368715083936,0.35766480446927323,179
1700751180000,0,0,0,0,0,0,0.3566622166246853,0.356764231738034,397
1700751240000,0,0,0,0,0,0,0.35593203252032324,0.3560530081300779,615
1700751300000,0,0,0,0,0,0,0.35586518847006665,0.3559709534368065,451
1700751360000,0,0,0,0,0,0,0.3560246284501062,0.35612823779193387,471
1700751420000,0,0,0,0,0,0,0.3561656488549607,0.356269211195929,393
1700751480000,0,0,0,0,0,0,0.35613177570093524,0.3562373831775702,321
1700751540000,0,0,0,0,0,0,0.3559901098901085,0.35609478021977986,364
1700751600000,0,0,0,0,0,0,0.3557119999999995,0.35581349999999984,200
1700751660000,0,0,0,0,0,0,0.3558239436619717,0.3559272300469491,213
1700751720000,0,0,0,0,0,0,0.35618617886178816,0.356286991869919,123
1700751780000,0,0,0,0,0,0,0.35640337423312757,0.3565070552147232,326
1700751840000,0,0,0,0,0,0,0.35640959488272717,0.3565127931769709,469
1700751900000,0,0,0,0,0,0,0.35646395939086206,0.3565654822335023,197
1700751960000,0,0,0,0,0,0,0.35664207920792024,0.35674455445544734,404
1700752020000,0,0,0,0,0,0,0.35695841924398797,0.3570591065292103,291
1700752080000,0,0,0,0,0,0,0.35702293986636885,0.3571276169265033,449
1700752140000,0,0,0,0,0,0,0.35673862660944233,0.3568416309012872,233
1700752200000,0,0,0,0,0,0,0.35594654088050354,0.35604905660377395,159
1700752260000,0,0,0,0,0,0,0.35564618834080847,0.35574663677129964,223
1700752320000,0,0,0,0,0,0,0.35529315068493184,0.355394520547946,219
1700752380000,0,0,0,0,0,0,0.35485983379501423,0.35496786703601046,361
1700752440000,0,0,0,0,0,0,0.3541667364016768,0.354271548117156,478
1700752500000,0,0,0,0,0,0,0.35383127753304267,0.35394339207048453,454
1700752560000,0,0,0,0,0,0,0.35394702970296965,0.35405148514851514,404
1700752620000,0,0,0,0,0,0,0.35449425675675655,0.3545993243243232,296
1700752680000,0,0,0,0,0,0,0.3547992907801416,0.354904255319149,141
1700752740000,0,0,0,0,0,0,0.35417417218543107,0.3542778145695365,302
1700752800000,0,0,0,0,0,0,0.35368481228668963,0.3537895904436865,586
1700752860000,0,0,0,0,0,0,0.35328888888888776,0.3533938596491224,342
1700752920000,0,0,0,0,0,0,0.3522356545960998,0.352344289693595,359
1700752980000,0,0,0,0,0,0,0.35228588435374186,0.3523955782312905,588
1700753040000,0,0,0,0,0,0,0.3524141025641029,0.35251709401709397,468
1700753100000,0,0,0,0,0,0,0.3526724919093852,0.3527757281553402,309
1700753160000,0,0,0,0,0,0,0.3521628415300546,0.35226648451730536,549
1700753220000,0,0,0,0,0,0,0.3515578947368414,0.3516690225563919,665
1700753280000,0,0,0,0,0,0,0.35113675213675594,0.35125523504273704,936
1700753340000,0,0,0,0,0,0,0.3517482889733837,0.35185171102661533,263
1700753400000,0,0,0,0,0,0,0.3521676315789464,0.35227131578947324,380
1700753460000,0,0,0,0,0,0,0.35183626373626176,0.35193937728937774,546
1700753520000,0,0,0,0,0,0,0.35119179894179703,0.35129761904761875,378
1700753580000,0,0,0,0,0,0,0.35196591549295614,0.3520698591549291,355
1700753640000,0,0,0,0,0,0,0.352550722311398,0.3526569823435003,623
1700753700000,0,0,0,0,0,0,0.3530645333333337,0.3531672,375
1700753760000,0,0,0,0,0,0,0.3531473999999994,0.3532524000000002,500
1700753820000,0,0,0,0,0,0,0.3534375690607734,0.3535419889502751,362
1700753880000,0,0,0,0,0,0,0.35298049886621446,0.3530850340136056,441
1700753940000,0,0,0,0,0,0,0.3528524590163938,0.3529551912568314,366
1700754000000,0,0,0,0,0,0,0.3524584097859333,0.352562996941898,327
1700754060000,0,0,0,0,0,0,0.35252647427854444,0.35262936010037654,797
1700754120000,0,0,0,0,0,0,0.3532438335809777,0.353347548291232,673
1700754180000,0,0,0,0,0,0,0.35347588652482165,0.3535840425531919,282
1700754240000,0,0,0,0,0,0,0.3534086956521732,0.3535153623188404,345
1700754300000,0,0,0,0,0,0,0.3528817787418681,0.352985032537964,461
1700754360000,0,0,0,0,0,0,0.35339600938967064,0.3535016431924874,426
1700754420000,0,0,0,0,0,0,0.3529055643879157,0.3530065182829889,629
1700754480000,0,0,0,0,0,0,0.352778313253014,0.35287966867470194,664
1700754540000,0,0,0,0,0,0,0.3527743589743584,0.35287728937728935,273
1700754600000,0,0,0,0,0,0,0.3529825214899737,0.3530876790830989,698
1700754660000,0,0,0,0,0,0,0.35298752260397864,0.3530916817359874,553
1700754720000,0,0,0,0,0,0,0.3526646788990833,0.35276788990825686,218
1700754780000,0,0,0,0,0,0,0.3522149572649573,0.352317948717949,234
1700754840000,0,0,0,0,0,0,0.3516345514950152,0.3517365448504983,301
1700754900000,0,0,0,0,0,0,0.35160177514792945,0.3517041420118338,169
1700754960000,0,0,0,0,0,0,0.3518513986013982,0.35195524475524365,286
1700755020000,0,0,0,0,0,0,0.3516732499999992,0.3517769999999986,400
1700755080000,0,0,0,0,0,0,0.35130080645161327,0.35140645161290235,372
1700755140000,0,0,0,0,0,0,0.3515941935483869,0.35169612903225844,155
1700755200000,0,0,0,0,0,0,0.35185787037037075,0.3519638888888875,216
1700755260000,0,0,0,0,0,0,0.3516902515723259,0.3517955974842763,318
1700755320000,0,0,0,0,0,0,0.351642767295597,0.35174811320754745,636
1700755380000,0,0,0,0,0,0,0.35247454242928344,0.35258136439267784,601
1700755440000,0,0,0,0,0,0,0.35287841269841397,0.3529800000000028,630
1700755500000,0,0,0,0,0,0,0.35269859437750894,0.3528034136546183,498
1700755560000,0,0,0,0,0,0,0.35285308953342054,0.35295435056746416,793
1700755620000,0,0,0,0,0,0,0.35311651982378706,0.35322004405286167,454
1700755680000,0,0,0,0,0,0,0.3534537383177568,0.3535558411214974,428
1700755740000,0,0,0,0,0,0,0.3542382716049381,0.3543408779149537,729
1700756100000,0,0,0,0,0,0,0.354,0.3541,1
1700756160000,0,0,0,0,0,0,0.35400409836065605,0.35410737704917944,122
1700756220000,0,0,0,0,0,0,0.35413829787234286,0.35424042553191504,329
1700756280000,0,0,0,0,0,0,0.3539351421188641,0.3540377260981925,387
1700756340000,0,0,0,0,0,0,0.35377994791666884,0.35388151041666643,384
1700756400000,0,0,0,0,0,0,0.35377404580153005,0.3538755725190844,393
1700756460000,0,0,0,0,0,0,0.35378629441624637,0.3538873096446709,394
1700756520000,0,0,0,0,0,0,0.35386845493562485,0.3539710300429178,466
1700756580000,0,0,0,0,0,0,0.35463570057581856,0.35473627639155003,521
1700756640000,0,0,0,0,0,0,0.35494066852367634,0.3550412256267419,359
1700756700000,0,0,0,0,0,0,0.35495672514619764,0.35505789473684024,513
1700756760000,0,0,0,0,0,0,0.35460402684563697,0.35470536912751444,596
1700756820000,0,0,0,0,0,0,0.3542736175115158,0.35437557603686737,868
1700756880000,0,0,0,0,0,0,0.35422019498607027,0.3543211699164319,718
1700756940000,0,0,0,0,0,0,0.3543130830489132,0.3544137656427737,879
1700757000000,0,0,0,0,0,0,0.35474663299663517,0.3548515151515165,594
1700757060000,0,0,0,0,0,0,0.3546909650924035,0.3547921971252561,487
1700757120000,0,0,0,0,0,0,0.3544711475409826,0.35457213114754155,305
1700757180000,0,0,0,0,0,0,0.3539531732418562,0.35405471698113333,583
1700757240000,0,0,0,0,0,0,0.353830303030307,0.3539311688311674,462
1700757300000,0,0,0,0,0,0,0.35387279069767563,0.35397395348837385,430
1700757360000,0,0,0,0,0,0,0.35381258278146144,0.35391456953642164,453
1700757420000,0,0,0,0,0,0,0.3539776349614397,0.3540786632390766,389
1700757480000,0,0,0,0,0,0,0.3536753926701564,0.35377827225130937,382
1700757540000,0,0,0,0,0,0,0.35283233618233456,0.3529373219373216,702
1700757600000,0,0,0,0,0,0,0.35291335078534003,0.35301492146596863,382
1700757660000,0,0,0,0,0,0,0.3528926267281134,0.35299308755760167,434
1700757720000,0,0,0,0,0,0,0.3527937579617838,0.3529030573248412,785
1700757780000,0,0,0,0,0,0,0.35310225563909337,0.3532043233082684,532
1700757840000,0,0,0,0,0,0,0.35296032171581887,0.35306219839142033,373
1700757900000,0,0,0,0,0,0,0.35269717514124255,0.35280000000000084,354
1700757960000,0,0,0,0,0,0,0.3525571428571428,0.3526599303135878,287
1700758020000,0,0,0,0,0,0,0.35239742647059114,0.352499632352938,544
1700758080000,0,0,0,0,0,0,0.3527881219903701,0.352890369181381,623
1700758140000,0,0,0,0,0,0,0.35321235059760775,0.35331513944222975,502
1700758200000,0,0,0,0,0,0,0.3533256070640183,0.35342847682119033,453
1700758260000,0,0,0,0,0,0,0.35327668874171914,0.35337933774834174,755
1700758320000,0,0,0,0,0,0,0.35304254658384954,0.35314409937888175,322
1700758380000,0,0,0,0,0,0,0.35274251700680226,0.3528445578231287,294
1700758440000,0,0,0,0,0,0,0.352690726817042,0.3527924812030091,399
1700758500000,0,0,0,0,0,0,0.35277694013303756,0.3528793791574283,451
1700758560000,0,0,0,0,0,0,0.35287558823529386,0.3529770588235277,340
1700758620000,0,0,0,0,0,0,0.3529558823529393,0.35305751633986937,306
1700758680000,0,0,0,0,0,0,0.35315077720207294,0.3532523316062165,386
1700758740000,0,0,0,0,0,0,0.3527398305084757,0.3528419491525416,236
1700758800000,0,0,0,0,0,0,0.35258825910931363,0.35269311740890563,247
1700758860000,0,0,0,0,0,0,0.3527559677419345,0.352857096774193,620
1700758920000,0,0,0,0,0,0,0.3528998266897745,0.3530025996533812,577
1700758980000,0,0,0,0,0,0,0.35296297709923663,0.35306450381679266,262
1700759040000,0,0,0,0,0,0,0.352959550561798,0.35306011235955026,178
1700759100000,0,0,0,0,0,0,0.35339407582938415,0.3534992890995268,422
1700759160000,0,0,0,0,0,0,0.35381671309192275,0.35391810584958305,359
1700759220000,0,0,0,0,0,0,0.3541600000000006,0.3542612658227836,395
1700759280000,0,0,0,0,0,0,0.3540247706422003,0.3541298165137614,436
1700759340000,0,0,0,0,0,0,0.35429894366197073,0.3544007042253522,284
1700759400000,0,0,0,0,0,0,0.35427149122807117,0.35437368421052645,228
1700759460000,0,0,0,0,0,0,0.354097237569062,0.3542013812154711,362
1700759520000,0,0,0,0,0,0,0.35405956521739107,0.3541630434782615,230
1700759580000,0,0,0,0,0,0,0.3542155778894471,0.3543175879396983,199
1700759640000,0,0,0,0,0,0,0.35455109717868377,0.3546526645768018,319
1700759700000,0,0,0,0,0,0,0.35469676767676817,0.35479838383838536,495
1700759760000,0,0,0,0,0,0,0.3547108665749699,0.35481554332874443,727
1700759820000,0,0,0,0,0,0,0.35464318181818244,0.3547450000000004,440
1700759880000,0,0,0,0,0,0,0.3546124528301888,0.35471622641509387,265
1700759940000,0,0,0,0,0,0,0.35482035175879356,0.35492311557788797,398
1700760000000,0,0,0,0,0,0,0.3549802158273391,0.35508309352518,278
1700760060000,0,0,0,0,0,0,0.3548546296296292,0.35495895061728544,324
1700760120000,0,0,0,0,0,0,0.35496816326530595,0.3550722448979591,245
1700760180000,0,0,0,0,0,0,0.35502913907284644,0.355130463576159,151
1700760240000,0,0,0,0,0,0,0.3549753424657524,0.35507671232876736,146
1700760300000,0,0,0,0,0,0,0.3548376344086025,0.35493870967742003,93
1700760360000,0,0,0,0,0,0,0.3545856020942411,0.35468664921465975,382
1700760420000,0,0,0,0,0,0,0.3547888888888902,0.35489249249249083,333
1700760480000,0,0,0,0,0,0,0.3548899613899614,0.3549915057915065,259
1700760540000,0,0,0,0,0,0,0.3548674999999995,0.35497249999999997,160
1700760600000,0,0,0,0,0,0,0.35504211956521536,0.355144021739129,368
1700760660000,0,0,0,0,0,0,0.3550516826923052,0.35515336538461256,416
1700760720000,0,0,0,0,0,0,0.3548703124999997,0.3549710937500004,128
1700760780000,0,0,0,0,0,0,0.3551120370370363,0.35521296296296456,324
1700760840000,0,0,0,0,0,0,0.3551879464285679,0.3552885416666655,672
1700760900000,0,0,0,0,0,0,0.35494959999999987,0.3550511999999999,125
1700760960000,0,0,0,0,0,0,0.35479174484052023,0.35489587242025933,533
1700761020000,0,0,0,0,0,0,0.35482681388012866,0.3549271293375418,634
1700761080000,0,0,0,0,0,0,0.35469097888675516,0.3547921305182357,521
1700761140000,0,0,0,0,0,0,0.35437472527472463,0.3544824175824182,182
1700761200000,0,0,0,0,0,0,0.35436153846153734,0.35447202797202826,143
1700761260000,0,0,0,0,0,0,0.3542607142857144,0.35436326530612194,196
1700761320000,0,0,0,0,0,0,0.35439009009009037,0.3544915915915906,333
1700761380000,0,0,0,0,0,0,0.3544657894736839,0.3545674342105265,304
1700761440000,0,0,0,0,0,0,0.35439390243902424,0.3544993902439028,164
1700761500000,0,0,0,0,0,0,0.3544401913875604,0.3545435406698561,209
1700761560000,0,0,0,0,0,0,0.3545824626865713,0.3546839552238795,536
1700761620000,0,0,0,0,0,0,0.3548759197324414,0.3549772575250838,299
1700761680000,0,0,0,0,0,0,0.3549068493150702,0.3550073972602705,365
1700761740000,0,0,0,0,0,0,0.35509856115107624,0.35519928057553835,556
1700761800000,0,0,0,0,0,0,0.35526843853820617,0.35537093023255967,602
1700761860000,0,0,0,0,0,0,0.3550101694915262,0.3551128813559313,295
1700761920000,0,0,0,0,0,0,0.35504106583072165,0.35514597701149087,957
1700761980000,0,0,0,0,0,0,0.3552082833133275,0.35530900360144213,833
1700762040000,0,0,0,0,0,0,0.3550353785900741,0.3551356396866811,766
1700762100000,0,0,0,0,0,0,0.3552715986394511,0.35537210884353393,1176
1700762160000,0,0,0,0,0,0,0.3553294573643337,0.3554295434969865,1161
1700762220000,0,0,0,0,0,0,0.35504725956566113,0.35515129265770373,967
1700762280000,0,0,0,0,0,0,0.3545550000000003,0.3546561111111111,180
1700762340000,0,0,0,0,0,0,0.3545643171806161,0.3546660792951546,227
1700762400000,0,0,0,0,0,0,0.3545032374100705,0.35462050359712066,278
1700762460000,0,0,0,0,0,0,0.35494989604989385,0.35505166320166115,962
1700762520000,0,0,0,0,0,0,0.3551165405405357,0.3552169729729775,925
1700762580000,0,0,0,0,0,0,0.35506508972267,0.35516541598694645,613
1700762640000,0,0,0,0,0,0,0.35482826086956737,0.3549287625418097,598
1700762700000,0,0,0,0,0,0,0.35484251968503944,0.35494356955380496,381
1700762760000,0,0,0,0,0,0,0.35526072106261997,0.35536375711574997,527
1700762820000,0,0,0,0,0,0,0.3558680232558143,0.35596918604651,344
1700762880000,0,0,0,0,0,0,0.356525516528922,0.35662933884297143,968
1700762940000,0,0,0,0,0,0,0.35644952766531934,0.35655141700404946,741
1700763000000,0,0,0,0,0,0,0.35646103023516623,0.3565615901455717,893
1700763060000,0,0,0,0,0,0,0.35655132352940777,0.3566519117647019,680
1700763120000,0,0,0,0,0,0,0.3565126383763863,0.35661319188191815,1084
1700763180000,0,0,0,0,0,0,0.35657835153921863,0.3566785501489595,1007
1700763240000,0,0,0,0,0,0,0.35648070175438373,0.3565831578947365,285
1700763300000,0,0,0,0,0,0,0.35655584112149263,0.3566563084112148,428
1700763360000,0,0,0,0,0,0,0.3566982798165117,0.3567990825688048,872
1700763420000,0,0,0,0,0,0,0.35682444668008384,0.3569254527162977,994
1700763480000,0,0,0,0,0,0,0.3568936014625226,0.35699433272394987,547
1700763540000,0,0,0,0,0,0,0.35717444444444496,0.3572788888888906,360
1700763600000,0,0,0,0,0,0,0.3570344000000001,0.3571367999999996,125
1700763660000,0,0,0,0,0,0,0.35700769230769164,0.357109935897437,312
1700763720000,0,0,0,0,0,0,0.35691935483870907,0.35702137096774206,248
1700763780000,0,0,0,0,0,0,0.35672162162162363,0.3568243243243248,259
1700763840000,0,0,0,0,0,0,0.35671352657004923,0.356819806763286,207
1700763900000,0,0,0,0,0,0,0.3567086956521752,0.3568086956521736,138
1700763960000,0,0,0,0,0,0,0.35694278350515535,0.35704432989690743,194
1700764020000,0,0,0,0,0,0,0.35684985835694333,0.35695240793201183,353
1700764080000,0,0,0,0,0,0,0.3567612676056337,0.356863380281691,142
1700764140000,0,0,0,0,0,0,0.35671746031746143,0.356819047619048,189
1700764200000,0,0,0,0,0,0,0.3565918604651152,0.3566924418604655,172
1700764260000,0,0,0,0,0,0,0.3565845588235314,0.3566863970588241,272
1700764320000,0,0,0,0,0,0,0.3569203007518794,0.35702142857142904,266
1700764380000,0,0,0,0,0,0,0.3572935064935056,0.35739707792207914,308
1700764440000,0,0,0,0,0,0,0.35759039408867127,0.3576923645320171,406
1700764500000,0,0,0,0,0,0,0.3578978313253013,0.35799879518072153,415
1700764560000,0,0,0,0,0,0,0.3580676991150431,0.3581716814159283,226
1700764620000,0,0,0,0,0,0,0.35829999999999906,0.35840132158590354,227
1700764680000,0,0,0,0,0,0,0.35842950819672137,0.3585322404371559,549
1700764740000,0,0,0,0,0,0,0.3585755555555553,0.35867833333333365,180
1700764800000,0,0,0,0,0,0,0.3584696531791916,0.3585713872832396,346
1700764860000,0,0,0,0,0,0,0.35849114583333375,0.3585945312500005,384
1700764920000,0,0,0,0,0,0,0.35824133858267593,0.3583448818897626,254
1700764980000,0,0,0,0,0,0,0.3579711382113817,0.358071951219512,246
1700765040000,0,0,0,0,0,0,0.3579000000000004,0.35800000000000026,59
1700765100000,0,0,0,0,0,0,0.35799214285714326,0.35809357142857035,140
1700765160000,0,0,0,0,0,0,0.3580343902439037,0.35813512195121716,410
1700765220000,0,0,0,0,0,0,0.35859850299401186,0.35870059880239724,334
1700765280000,0,0,0,0,0,0,0.35898399999999897,0.3590847272727278,275
1700765340000,0,0,0,0,0,0,0.3593278959810874,0.3594371158392431,423
1700765400000,0,0,0,0,0,0,0.3599589211618289,0.3600616182572625,482
1700765460000,0,0,0,0,0,0,0.3601013157894734,0.3602063596491231,456
1700765520000,0,0,0,0,0,0,0.36049983050847617,0.36060203389830864,590
1700765580000,0,0,0,0,0,0,0.36057737003058266,0.3606792048929662,327
1700765640000,0,0,0,0,0,0,0.36036258064516064,0.3604638709677413,310
1700765700000,0,0,0,0,0,0,0.35998125000000347,0.3600844696969729,528
1700765760000,0,0,0,0,0,0,0.3597796774193586,0.3598829032258087,620
1700765820000,0,0,0,0,0,0,0.35936091954022936,0.3594698275862061,348
1700765880000,0,0,0,0,0,0,0.3593770833333342,0.359477916666665,240
1700765940000,0,0,0,0,0,0,0.3594378378378377,0.35953945945945864,185
1700766000000,0,0,0,0,0,0,0.35949144736842004,0.35959144736842136,152
1700766060000,0,0,0,0,0,0,0.35982205387205907,0.3599260942760938,594
1700766120000,0,0,0,0,0,0,0.36002960893854813,0.3601296089385474,179
1700766180000,0,0,0,0,0,0,0.35951958146487434,0.35962346786247945,669
1700766240000,0,0,0,0,0,0,0.35898676470588414,0.35909052287582033,612
1700766300000,0,0,0,0,0,0,0.3587076131687245,0.35880987654321206,486
1700766360000,0,0,0,0,0,0,0.3587703150912125,0.3588729684908829,603
1700766420000,0,0,0,0,0,0,0.3589875989445917,0.35908970976253357,379
1700766480000,0,0,0,0,0,0,0.3592957386363642,0.3594011363636351,352
1700766540000,0,0,0,0,0,0,0.3585808383233555,0.3586865269461076,668
1700766600000,0,0,0,0,0,0,0.3582230769230769,0.35832495309568296,533
1700766660000,0,0,0,0,0,0,0.35809014084507335,0.35819416498994133,497
1700766720000,0,0,0,0,0,0,0.3577401360544208,0.3578455782312908,441
1700766780000,0,0,0,0,0,0,0.35747025862068993,0.357571982758621,232
1700766840000,0,0,0,0,0,0,0.3575403921568641,0.35764235294117613,255
1700766900000,0,0,0,0,0,0,0.3574696356275298,0.35757125506072873,247
1700766960000,0,0,0,0,0,0,0.35778376383764027,0.35788929889299137,542
1700767020000,0,0,0,0,0,0,0.3583757062146906,0.35848107344632946,354
1700767080000,0,0,0,0,0,0,0.3587604910714303,0.3588627232142843,448
1700767140000,0,0,0,0,0,0,0.35939623115577757,0.3594987437185917,398
1700767200000,0,0,0,0,0,0,0.3594581818181787,0.3595647272727252,550
1700767260000,0,0,0,0,0,0,0.3590381818181798,0.3591418181818178,605
1700767320000,0,0,0,0,0,0,0.3586366666666662,0.3587405555555557,360
1700767380000,0,0,0,0,0,0,0.35830934065934117,0.35841117216117047,546
1700767440000,0,0,0,0,0,0,0.3582603988603978,0.35836324786324875,351
1700767500000,0,0,0,0,0,0,0.35809492753623096,0.358194927536232,138
1700767560000,0,0,0,0,0,0,0.35792378752887,0.3580290993071599,433
1700767620000,0,0,0,0,0,0,0.3581361764705881,0.35823823529411614,340
1700767680000,0,0,0,0,0,0,0.35815539568345156,0.35826043165467614,417
1700767740000,0,0,0,0,0,0,0.35819745042492873,0.3583045325779019,353
1700767800000,0,0,0,0,0,0,0.3583931343283583,0.3584952238805975,335
1700767860000,0,0,0,0,0,0,0.35818854166666836,0.3582918750000022,480
1700767920000,0,0,0,0,0,0,0.3581362676056341,0.3582376760563356,284
1700767980000,0,0,0,0,0,0,0.3582555555555604,0.35835942028985834,621
1700768040000,0,0,0,0,0,0,0.3584441975308649,0.35854716049382773,405
1700768100000,0,0,0,0,0,0,0.35883287671232783,0.3589363013698639,146
1700768160000,0,0,0,0,0,0,0.3586959706959723,0.35879798534798835,546
1700768220000,0,0,0,0,0,0,0.35905558912386754,0.35915830815709826,331
1700768280000,0,0,0,0,0,0,0.3593776548672579,0.3594845132743384,452
1700768340000,0,0,0,0,0,0,0.3597976851851856,0.3599004629629641,216
1700768400000,0,0,0,0,0,0,0.3597107255520505,0.35981356466877135,317
1700768460000,0,0,0,0,0,0,0.35949009523809605,0.3595940952380963,525
1700768520000,0,0,0,0,0,0,0.3597558922558925,0.3598589225589229,297
1700768580000,0,0,0,0,0,0,0.3600920844327171,0.3601970976253306,379
1700768640000,0,0,0,0,0,0,0.3603346153846151,0.3604367132867126,286
1700768700000,0,0,0,0,0,0,0.36051031390134514,0.36061928251121145,223
1700768760000,0,0,0,0,0,0,0.3605949999999981,0.3606967647058814,340
1700768820000,0,0,0,0,0,0,0.360759909909909,0.3608630630630633,222
1700768880000,0,0,0,0,0,0,0.36108897795591405,0.36119899799599436,499
1700768940000,0,0,0,0,0,0,0.3616652421652407,0.36177051282050976,702
1700769000000,0,0,0,0,0,0,0.36168971962617097,0.3617981308411236,535
1700769060000,0,0,0,0,0,0,0.3619585434173649,0.3620635854341733,714
1700769120000,0,0,0,0,0,0,0.3619424635332251,0.3620508914100506,617
1700769180000,0,0,0,0,0,0,0.36207020408163165,0.3621742857142855,245
1700769240000,0,0,0,0,0,0,0.36181363636363684,0.3619185064935072,308
1700769300000,0,0,0,0,0,0,0.3615800000000001,0.3616851515151521,330
1700769360000,0,0,0,0,0,0,0.36099725400457633,0.36109862700228645,437
1700769420000,0,0,0,0,0,0,0.3604808798646362,0.3605944162436566,591
1700769480000,0,0,0,0,0,0,0.36033503937007855,0.36044055118110163,254
1700769540000,0,0,0,0,0,0,0.36014355400696896,0.3602473867595837,287
1700769600000,0,0,0,0,0,0,0.36010103896103907,0.3602044155844158,385
1700769660000,0,0,0,0,0,0,0.3604731428571422,0.3605758095238094,525
1700769720000,0,0,0,0,0,0,0.36054613899613913,0.3606507722007712,518
1700769780000,0,0,0,0,0,0,0.36112204724409397,0.36122795275590647,254
1700769840000,0,0,0,0,0,0,0.3616182716049395,0.36172197530864353,405
1700769900000,0,0,0,0,0,0,0.3610811224489783,0.36118494897959175,392
1700769960000,0,0,0,0,0,0,0.3611244949494931,0.3612265151515146,396
1700770020000,0,0,0,0,0,0,0.3611807531380734,0.3612824267782418,239
1700770080000,0,0,0,0,0,0,0.36118398058252305,0.36128592233009754,206
1700770140000,0,0,0,0,0,0,0.361314649681529,0.36141464968152953,157
1700770200000,0,0,0,0,0,0,0.36102647975077895,0.36112928348909645,321
1700770260000,0,0,0,0,0,0,0.36119324894514815,0.3612962025316477,237
1700770320000,0,0,0,0,0,0,0.3611095588235286,0.36122242647058744,272
1700770380000,0,0,0,0,0,0,0.3608835164835152,0.3609879120879125,273
1700770440000,0,0,0,0,0,0,0.36086882591093006,0.36097004048582915,247
1700770500000,0,0,0,0,0,0,0.36146295707471804,0.3615963434022235,629
1700770560000,0,0,0,0,0,0,0.362924629080114,0.3630370178041543,1348
1700770620000,0,0,0,0,0,0,0.3629419148936162,0.36304638297872494,470
1700770680000,0,0,0,0,0,0,0.3630575596816984,0.3631610079575603,377
1700770740000,0,0,0,0,0,0,0.3636056603773565,0.3637096698113202,424
1700770800000,0,0,0,0,0,0,0.3641462822458282,0.3642502276176,659
1700770860000,1,0,215.0,0,215.0,1,0.3642809462915598,0.36438439897698094,782
1700770920000,1,0,140.0,0,140.0,1,0.36494153061224555,0.3650463265306147,980
1700770980000,0,0,0,0,0,0,0.3649440000000008,0.3650490000000009,400
1700771040000,0,0,0,0,0,0,0.36496389452332506,0.3650728194726146,493
1700771100000,1,0,461.0,0,461.0,1,0.36548230088495476,0.3655871681415926,452
1700771160000,3,0,888.0,0,888.0,3,0.36592594594594546,0.3660302702702674,740
1700771220000,0,0,0,0,0,0,0.3658836148648659,0.36598597972973324,592
1700771280000,0,0,0,0,0,0,0.36531212553494935,0.3654184022824521,701
1700771340000,0,0,0,0,0,0,0.365055585831061,0.365158583106267,367
1700771400000,0,0,0,0,0,0,0.3657992610837456,0.3659039408866989,406
1700771460000,0,0,0,0,0,0,0.36582768000000077,0.3659312000000028,625
1700771520000,0,0,0,0,0,0,0.36563458646616825,0.36573571428571744,532
1700771580000,2,0,177.0,0,177.0,2,0.3664448573897985,0.36654788245462383,1157
1700771640000,0,0,0,0,0,0,0.36660085470085824,0.36670547008547216,585
1700771700000,0,0,0,0,0,0,0.3655772885283855,0.3656829663962911,863
1700771760000,0,0,0,0,0,0,0.36487463768115924,0.36497644927536366,552
1700771820000,0,0,0,0,0,0,0.3645908771929831,0.3646954385964932,570
1700771880000,0,0,0,0,0,0,0.36478227272727354,0.3648850000000009,440
1700771940000,0,0,0,0,0,0,0.3648420886075962,0.36494715189873456,316
1700772000000,0,0,0,0,0,0,0.3650405405405393,0.3651425061425054,407
1700772060000,0,0,0,0,0,0,0.36554427710843485,0.36564668674698736,332
1700772120000,0,0,0,0,0,0,0.36566702127659717,0.3657695744680865,470
1700772180000,0,0,0,0,0,0,0.3656424242424241,0.3657449494949485,396
1700772240000,0,0,0,0,0,0,0.3651681250000029,0.3652690625000022,640
1700772300000,0,0,0,0,0,0,0.36505734870316797,0.36516224783861667,347
1700772360000,0,0,0,0,0,0,0.36475269645608527,0.36485839753466737,649
1700772420000,0,0,0,0,0,0,0.36447126696832743,0.3645746606334877,442
1700772480000,0,0,0,0,0,0,0.36488698224852056,0.3649891518737681,507
1700772540000,0,0,0,0,0,0,0.3649999999999991,0.3651008771929816,228
1700772600000,0,0,0,0,0,0,0.36516314199395783,0.3652643504531727,331
1700772660000,0,0,0,0,0,0,0.36479215686274696,0.36489436274509707,408
1700772720000,0,0,0,0,0,0,0.3652816216216221,0.36538648648648514,370
1700772780000,0,0,0,0,0,0,0.36503797101449387,0.3651417391304344,345
1700772840000,0,0,0,0,0,0,0.3647849999999992,0.3648899999999997,100
1700772900000,0,0,0,0,0,0,0.3646759493670881,0.36478396624472653,237
1700772960000,0,0,0,0,0,0,0.36485292307692313,0.3649544615384599,325
1700773020000,0,0,0,0,0,0,0.3650310880829016,0.3651347150259069,193
1700773080000,0,0,0,0,0,0,0.36543827893174957,0.3655400593471816,337
1700773140000,0,0,0,0,0,0,0.3655482993197278,0.36565306122448926,147
1700773200000,0,0,0,0,0,0,0.3653643799472299,0.3654659630606842,379
1700773260000,0,0,0,0,0,0,0.3654539305301605,0.3655585009140744,547
1700773320000,0,0,0,0,0,0,0.3651473684210553,0.3652485829959534,494
1700773380000,0,0,0,0,0,0,0.3652406417112301,0.3653478609625662,374
1700773440000,0,0,0,0,0,0,0.3654898148148144,0.3655916666666678,324
1700773500000,0,0,0,0,0,0,0.36567649999999985,0.36577649999999984,200
1700773560000,0,0,0,0,0,0,0.36560417633410797,0.3657046403712312,431
1700773620000,1,0,198.0,0,198.0,1,0.3663038632986605,0.3664072808320935,673
1700773680000,0,0,0,0,0,0,0.366142934782609,0.36624347826086995,184
1700773740000,0,0,0,0,0,0,0.36584949832776137,0.36595083612040447,598
1700773800000,0,0,0,0,0,0,0.3660177304964545,0.36611985815602904,423
1700773860000,0,0,0,0,0,0,0.36603073593073915,0.3661354978354994,462
1700773920000,0,0,0,0,0,0,0.3656193760262728,0.3657215106732375,609
1700773980000,0,0,0,0,0,0,0.3655105849582153,0.3656139275766003,359
1700774040000,0,0,0,0,0,0,0.3651700934579434,0.3652705607476643,214
1700774100000,0,0,0,0,0,0,0.36501014492753586,0.36511207729468553,207
1700774160000,0,0,0,0,0,0,0.36513563068920835,0.3652384915474639,769
1700774220000,0,0,0,0,0,0,0.36542853403141373,0.36553036649214643,382
1700774280000,0,0,0,0,0,0,0.3656825925925912,0.3657855555555556,270
1700774340000,0,0,0,0,0,0,0.36519943820224676,0.3653039325842699,178
1700774400000,0,0,0,0,0,0,0.36539470899470916,0.36549947089947044,189
1700774460000,0,0,0,0,0,0,0.3656064587973284,0.3657089086859691,449
1700774520000,0,0,0,0,0,0,0.36571969696969664,0.3658217171717159,198
1700774580000,0,0,0,0,0,0,0.3654927659574456,0.36559361702127596,235
1700774640000,0,0,0,0,0,0,0.3656099476439787,0.3657109947643973,191
1700774700000,0,0,0,0,0,0,0.3655852140077811,0.3656891050583644,257
1700774760000,0,0,0,0,0,0,0.3651876106194715,0.36529778761062126,452
1700774820000,0,0,0,0,0,0,0.3649113207547174,0.3650185534591183,318
1700774880000,0,0,0,0,0,0,0.3649951534733456,0.36509903069467137,619
1700774940000,0,0,0,0,0,0,0.36466597510373466,0.36477800829875634,482
1700775000000,0,0,0,0,0,0,0.36485374449339175,0.364954625550662,227
1700775060000,0,0,0,0,0,0,0.36475741444866955,0.36485893536121833,263
1700775120000,0,0,0,0,0,0,0.3644672413793112,0.36456982758620865,232
1700775180000,0,0,0,0,0,0,0.3642878048780492,0.3643916376306645,287
1700775240000,0,0,0,0,0,0,0.36394139784946267,0.3640462365591383,372
1700775300000,0,0,0,0,0,0,0.36385957446808487,0.363986170212766,188
1700775360000,0,0,0,0,0,0,0.3640087976539583,0.3641129032258059,341
1700775420000,0,0,0,0,0,0,0.36403068783068754,0.3641312169312162,189
1700775480000,0,0,0,0,0,0,0.3638701570680635,0.3639753926701565,191
1700775540000,0,0,0,0,0,0,0.36344972677595544,0.3635513661202198,183
1700775600000,0,0,0,0,0,0,0.36319718309859256,0.36329859154929517,142
1700775660000,0,0,0,0,0,0,0.3629853868194836,0.36309083094555744,349
1700775720000,0,0,0,0,0,0,0.3628965714285726,0.3629994285714283,175
1700775780000,0,0,0,0,0,0,0.3628649746192898,0.36296700507614216,197
1700775840000,0,0,0,0,0,0,0.3628713091921998,0.36297437325905446,359
1700775900000,0,0,0,0,0,0,0.3628740061162074,0.3629767584097862,327
1700775960000,0,0,0,0,0,0,0.36287235294117676,0.36297294117647155,170
1700776020000,0,0,0,0,0,0,0.3627096428571415,0.362811785714285,280
1700776080000,0,0,0,0,0,0,0.36284648437499956,0.36294843750000133,256
1700776140000,0,0,0,0,0,0,0.3628343453510402,0.3629370018975325,527
1700776200000,0,0,0,0,0,0,0.3626623853211013,0.36276376146788786,218
1700776260000,0,0,0,0,0,0,0.36262605633802814,0.36273556338028146,284
1700776320000,0,0,0,0,0,0,0.3626053003533566,0.36271590106007107,283
1700776380000,0,0,0,0,0,0,0.36272499999999996,0.36282500000000095,152
1700776440000,0,0,0,0,0,0,0.3626411764705873,0.36274338235294146,136
1700776500000,0,0,0,0,0,0,0.3623894230769229,0.3624908653846147,208
1700776560000,0,0,0,0,0,0,0.3623967914438494,0.36250909090908906,374
1700776620000,0,0,0,0,0,0,0.3619095959595958,0.36201717171717224,198
1700776680000,0,0,0,0,0,0,0.3618968609865478,0.3619986547085194,223
1700776740000,0,0,0,0,0,0,0.36197291666666614,0.3620739583333333,96
1700776800000,0,0,0,0,0,0,0.3619641509433959,0.3620672955974847,159
1700776860000,0,0,0,0,0,0,0.361950931677018,0.3620540372670809,161
1700776920000,0,0,0,0,0,0,0.36174411764705866,0.36185245098039204,204
1700776980000,0,0,0,0,0,0,0.36175510204081607,0.361856122448979,98
1700777040000,0,0,0,0,0,0,0.36176354515050135,0.36187424749164016,299
1700777100000,0,0,0,0,0,0,0.3615363265306145,0.36164693877550935,245
1700777160000,0,0,0,0,0,0,0.3617755952380966,0.36188541666666657,336
1700777220000,0,0,0,0,0,0,0.36209747191011293,0.3622011235955061,356
1700777280000,0,0,0,0,0,0,0.3629269293924483,0.3630403940886701,609
1700777340000,0,0,0,0,0,0,0.3629404682274231,0.363048494983277,299
1700777400000,0,0,0,0,0,0,0.36239725274725265,0.36251593406593274,364
1700777460000,0,0,0,0,0,0,0.36207045454545417,0.36217772727272723,220
1700777520000,0,0,0,0,0,0,0.3619524663677123,0.36206278026905764,223
1700777580000,0,0,0,0,0,0,0.3618379146919426,0.36194265402843684,211
1700777640000,0,0,0,0,0,0,0.361222776572666,0.3613290672451182,461
1700777700000,0,0,0,0,0,0,0.3610678832116784,0.36117226277372233,137
1700777760000,0,0,0,0,0,0,0.3610150442477866,0.3611256637168133,339
1700777820000,0,0,0,0,0,0,0.3610855813953483,0.3611860465116279,215
1700777880000,0,0,0,0,0,0,0.36138900523560263,0.36149528795811625,191
1700777940000,0,0,0,0,0,0,0.3614644951140074,0.36157361563517887,307
1700778000000,0,0,0,0,0,0,0.3615483253588523,0.36165454545454573,209
1700778060000,0,0,0,0,0,0,0.3616425414364645,0.36175524861878505,181
1700778120000,0,0,0,0,0,0,0.36148208955223865,0.3615906716417907,268
1700778180000,0,0,0,0,0,0,0.361631958762887,0.36174484536082446,194
1700778240000,0,0,0,0,0,0,0.3619015789473683,0.36200789473684186,190
1700778300000,0,0,0,0,0,0,0.36162224532224624,0.3617303534303551,481
1700778360000,0,0,0,0,0,0,0.3613079754601217,0.361409815950921,163
1700778420000,0,0,0,0,0,0,0.36107795698924716,0.36117956989247196,186
1700778480000,0,0,0,0,0,0,0.36125563218390866,0.36136000000000307,435
1700778540000,0,0,0,0,0,0,0.3615225680933845,0.36162568093385217,257
1700778600000,0,0,0,0,0,0,0.3615999999999996,0.3616999999999999,63
1700778660000,0,0,0,0,0,0,0.36175728155339876,0.36185873786407763,206
1700778720000,0,0,0,0,0,0,0.3618629032258056,0.3619629032258065,124
1700778780000,0,0,0,0,0,0,0.3617759259259261,0.36187777777777785,54
1700778840000,0,0,0,0,0,0,0.36140406504064965,0.3615059620596207,369
1700778900000,0,0,0,0,0,0,0.36108156028368765,0.3611815602836874,141
1700778960000,0,0,0,0,0,0,0.36104181818181796,0.3611418181818185,110
1700779020000,0,0,0,0,0,0,0.3609284916201109,0.3610357541899441,179
1700779080000,0,0,0,0,0,0,0.360804262295081,0.36090557377049304,305
1700779140000,0,0,0,0,0,0,0.3609255319148943,0.3610276595744671,141
1700779200000,0,0,0,0,0,0,0.3609725000000005,0.3610775000000004,80
1700779260000,0,0,0,0,0,0,0.3608466666666661,0.360947333333334,150
1700779320000,0,0,0,0,0,0,0.3607433333333336,0.36084500000000014,60
1700779380000,0,0,0,0,0,0,0.360649462365592,0.36075161290322505,186
1700779440000,0,0,0,0,0,0,0.3604742474916384,0.3605789297658877,299
1700779500000,0,0,0,0,0,0,0.36046475409835965,0.3605655737704927,122
1700779560000,0,0,0,0,0,0,0.36047802197802176,0.36058076923076954,182
1700779620000,0,0,0,0,0,0,0.3604610526315781,0.360561052631579,95
1700779680000,0,0,0,0,0,0,0.36042549019607734,0.3605267973856215,153
1700779740000,0,0,0,0,0,0,0.3604000000000001,0.36049999999999993,47
1700779800000,0,0,0,0,0,0,0.3604089041095887,0.36051164383561585,146
1700779860000,0,0,0,0,0,0,0.36047075471698076,0.36057169811320766,106
1700779920000,0,0,0,0,0,0,0.3605912280701764,0.36069502923976543,342
1700779980000,0,0,0,0,0,0,0.3606322580645166,0.36073333333333374,93
1700780040000,0,0,0,0,0,0,0.36059842931937147,0.3606989528795817,191
1700780100000,0,0,0,0,0,0,0.3606000000000001,0.36070000000000074,114
1700780160000,0,0,0,0,0,0,0.36060000000000014,0.3607000000000007,110
1700780220000,0,0,0,0,0,0,0.3606849462365596,0.36078494623655943,93
1700780280000,0,0,0,0,0,0,0.36097416666666454,0.36107416666666275,600
1700780340000,0,0,0,0,0,0,0.3609830188679239,0.361083396226415,265
1700780400000,0,0,0,0,0,0,0.3608526881720434,0.3609559139784949,93
1700780460000,0,0,0,0,0,0,0.36086592797783884,0.3609670360110818,361
1700780520000,0,0,0,0,0,0,0.3609546448087426,0.36105464480874305,183
1700780580000,0,0,0,0,0,0,0.3610542372881346,0.3611553672316382,177
1700780640000,0,0,0,0,0,0,0.3611843930635818,0.36128583815028864,346
1700780700000,0,0,0,0,0,0,0.3610459183673467,0.3611479591836726,196
1700780760000,0,0,0,0,0,0,0.36096329787234044,0.3610643617021272,188
1700780820000,0,0,0,0,0,0,0.36109781931463886,0.3612009345794382,321
1700780880000,0,0,0,0,0,0,0.3610916349809872,0.3611954372623557,263
1700780940000,0,0,0,0,0,0,0.36101394230769307,0.3611168269230751,208
1700781000000,0,0,0,0,0,0,0.3609254545454542,0.3610318181818185,110
1700781060000,0,0,0,0,0,0,0.36091927710843374,0.36101927710843357,166
1700781120000,0,0,0,0,0,0,0.3606148571428583,0.360716571428571,175
1700781180000,0,0,0,0,0,0,0.36056142857142803,0.3606614285714294,140
1700781240000,0,0,0,0,0,0,0.3608077464788739,0.36090845070422456,142
1700781300000,0,0,0,0,0,0,0.36107400000000067,0.36117599999999794,200
1700781360000,0,0,0,0,0,0,0.36103879668049427,0.36113962655601217,482
1700781420000,0,0,0,0,0,0,0.3607958333333318,0.3608965277777785,288
1700781480000,0,0,0,0,0,0,0.36090328358209117,0.36100417910447535,335
1700781540000,0,0,0,0,0,0,0.3609467600700481,0.36104693520139813,571
1700781600000,0,0,0,0,0,0,0.3608661993769523,0.3609668224299031,642
1700781660000,0,0,0,0,0,0,0.36064701873935423,0.360747189097106,587
1700781720000,0,0,0,0,0,0,0.36053017077799054,0.3606305502846319,527
1700781780000,0,0,0,0,0,0,0.3605077380952373,0.36060833333333325,168
1700781840000,0,0,0,0,0,0,0.36059017467249166,0.36069061135371216,458
1700781900000,0,0,0,0,0,0,0.3604425806451618,0.3605448387096769,310
1700781960000,0,0,0,0,0,0,0.36038096054888313,0.360483361921098,583
1700782020000,0,0,0,0,0,0,0.3603192893401007,0.3604213197969538,197
1700782080000,0,0,0,0,0,0,0.3602025316455715,0.36030316455696204,316
1700782140000,0,0,0,0,0,0,0.36007176913425015,0.360173776662482,797
1700782200000,0,0,0,0,0,0,0.3599626865671641,0.36006318407960375,201
1700782260000,0,0,0,0,0,0,0.3602835314091653,0.36038404074702746,589
1700782320000,0,0,0,0,0,0,0.36045404858299696,0.3605550607287487,494
1700782380000,0,0,0,0,0,0,0.3604665289256201,0.36056735537190193,242
1700782440000,0,0,0,0,0,0,0.36080079365078754,0.3609014550264511,756
1700782500000,0,0,0,0,0,0,0.3601512411347544,0.3602542553191465,564
1700782560000,0,0,0,0,0,0,0.35962641975308596,0.3597288888888896,405
1700782620000,0,0,0,0,0,0,0.35952692307692186,0.35963034188034126,234
1700782680000,0,0,0,0,0,0,0.3592894977168945,0.3593926940639274,219
1700782740000,0,0,0,0,0,0,0.3588088772845952,0.35891853785901,383
1700782800000,0,0,0,0,0,0,0.358771724137931,0.3588744827586203,145
1700782860000,0,0,0,0,0,0,0.3591018927444776,0.35920283911671574,634
1700782920000,0,0,0,0,0,0,0.3591878260869561,0.3592895652173913,230
1700782980000,0,0,0,0,0,0,0.3588837563451778,0.3589908629441637,197
1700783040000,0,0,0,0,0,0,0.35891226993864994,0.3590128834355838,163
1700783100000,0,0,0,0,0,0,0.35873000000000027,0.35883416666666595,120
1700783160000,0,0,0,0,0,0,0.35843333333333327,0.35853627450980496,204
1700783220000,0,0,0,0,0,0,0.3584420091324208,0.3585511415525111,219
1700783280000,0,0,0,0,0,0,0.3586167832167824,0.35871678321678346,143
1700783340000,0,0,0,0,0,0,0.3586930909090905,0.35879527272727435,275
1700783400000,0,0,0,0,0,0,0.3586251700680282,0.358732653061224,147
1700783460000,0,0,0,0,0,0,0.3586858870967747,0.3587875000000012,248
1700783520000,0,0,0,0,0,0,0.35867945205479435,0.3587808219178079,73
1700783580000,0,0,0,0,0,0,0.35870078124999977,0.3588078124999995,256
1700783640000,0,0,0,0,0,0,0.35842338308457766,0.3585338308457716,201
1700783700000,0,0,0,0,0,0,0.3585041958041966,0.358606293706293,143
1700783760000,0,0,0,0,0,0,0.3585999999999994,0.3586999999999997,72
1700783820000,0,0,0,0,0,0,0.35893263598326264,0.3590334728033475,239
1700783880000,0,0,0,0,0,0,0.359016756756757,0.3591205405405405,185
1700783940000,0,0,0,0,0,0,0.35866930232558086,0.35877023255813983,215
1700784000000,0,0,0,0,0,0,0.3583567765567766,0.35845787545787755,273
1700784060000,0,0,0,0,0,0,0.3585668041237094,0.35866886597938075,485
1700784120000,0,0,0,0,0,0,0.3590286016949122,0.35913029661016793,472
1700784180000,0,0,0,0,0,0,0.35894524361948793,0.359049187935039,862
1700784240000,0,0,0,0,0,0,0.358435768261966,0.3585375314861453,397
1700784300000,0,0,0,0,0,0,0.35829839999999874,0.3583994666666664,375
1700784360000,0,0,0,0,0,0,0.3583208762886599,0.3584224226804149,388
1700784420000,0,0,0,0,0,0,0.3582202952029496,0.358322140221401,271
1700784480000,0,0,0,0,0,0,0.3577773778920295,0.35788277634961446,389
1700784540000,0,0,0,0,0,0,0.3575416666666667,0.35764652777777883,288
1700784600000,0,0,0,0,0,0,0.35702912423625066,0.3571399185336053,491
1700784660000,0,0,0,0,0,0,0.3567944625407178,0.3569000000000006,307
1700784720000,0,0,0,0,0,0,0.3567448818897644,0.3568456692913388,127
1700784780000,0,0,0,0,0,0,0.3568542600896852,0.35695650224215325,223
1700784840000,0,0,0,0,0,0,0.3569350943396233,0.3570373584905659,265
1700784900000,0,0,0,0,0,0,0.3566292035398236,0.3567309734513287,226
1700784960000,0,0,0,0,0,0,0.35684153846153877,0.3569423076923079,260
1700785020000,0,0,0,0,0,0,0.3567746268656731,0.3568815920398012,402
1700785080000,0,0,0,0,0,0,0.3569977198697079,0.35710130293159803,307
1700785140000,0,0,0,0,0,0,0.3576819225251065,0.3577892395982792,697
1700785200000,0,0,0,0,0,0,0.3572368821292795,0.357345817490497,526
1700785260000,0,0,0,0,0,0,0.357085,0.35718780000000033,500
1700785320000,0,0,0,0,0,0,0.3573358241758218,0.35743780219780047,455
1700785380000,0,0,0,0,0,0,0.3577758497316638,0.35787835420393715,559
1700785440000,0,0,0,0,0,0,0.3581413959085484,0.3582447653429634,831
1700785500000,0,0,0,0,0,0,0.35852376237623584,0.3586243811881218,808
1700785560000,0,0,0,0,0,0,0.35850368188512693,0.3586072164948436,679
1700785620000,0,0,0,0,0,0,0.35897912457912273,0.3590821548821551,297
1700785680000,0,0,0,0,0,0,0.35869081632653205,0.3587959183673474,392
1700785740000,0,0,0,0,0,0,0.35885499999999937,0.358959375,160
1700785800000,0,0,0,0,0,0,0.35842988929889036,0.3585333948339473,542
1700785860000,0,0,0,0,0,0,0.35825734840698914,0.35835806783144536,973
1700785920000,0,0,0,0,0,0,0.3579468842729961,0.3580489614243302,337
1700785980000,0,0,0,0,0,0,0.3581654723127022,0.3582690553745918,307
1700786040000,0,0,0,0,0,0,0.3583449494949499,0.35845101010101,198
1700786100000,0,0,0,0,0,0,0.35861895161290336,0.3587213709677432,248
1700786160000,0,0,0,0,0,0,0.35854879120879135,0.3586591208791206,455
1700786220000,0,0,0,0,0,0,0.35863484848484833,0.35873737373737463,198
1700786280000,0,0,0,0,0,0,0.35919152759948564,0.3593068035943484,779
1700786340000,0,0,0,0,0,0,0.35890264705882596,0.3590050000000017,680
1700786400000,0,0,0,0,0,0,0.35891416893732997,0.3590179836512265,367
1700786460000,0,0,0,0,0,0,0.35885225080385913,0.3589564308681679,622
1700786520000,0,0,0,0,0,0,0.3583222222222208,0.35842349206349244,315
1700786580000,0,0,0,0,0,0,0.3580993079584768,0.358204152249134,289
1700786640000,0,0,0,0,0,0,0.3585036437246966,0.3586052631578949,247
1700786700000,0,0,0,0,0,0,0.3586735241502676,0.3587767441860475,559
1700786760000,0,0,0,0,0,0,0.35863102866779084,0.35873558178752357,593
1700786820000,0,0,0,0,0,0,0.3587853018372706,0.3588973753280853,381
1700786880000,0,0,0,0,0,0,0.35894183168316884,0.35904579207920584,404
1700786940000,0,0,0,0,0,0,0.3590141975308636,0.3591175925925932,324
1700787000000,0,0,0,0,0,0,0.35874518828451957,0.3588497907949793,239
1700787060000,0,0,0,0,0,0,0.3584931578947374,0.35859500000000094,380
1700787120000,0,0,0,0,0,0,0.3585350649350652,0.35863766233766275,231
1700787180000,0,0,0,0,0,0,0.3585593750000004,0.3586651041666676,384
1700787240000,0,0,0,0,0,0,0.3580963815789456,0.3582006578947359,304
1700787300000,0,0,0,0,0,0,0.3585611009174338,0.35866311926605693,545
1700787360000,0,0,0,0,0,0,0.35893333333333255,0.3590352657004827,414
1700787420000,0,0,0,0,0,0,0.3592406249999985,0.3593492187499998,256
1700787480000,0,0,0,0,0,0,0.3588535331905773,0.3589620985010712,467
1700787540000,0,0,0,0,0,0,0.35889300411522684,0.35899711934156464,243
1700787600000,0,0,0,0,0,0,0.35876831275720117,0.3588695473251038,243
1700787660000,0,0,0,0,0,0,0.35889071566731273,0.3589928433268846,517
1700787720000,0,0,0,0,0,0,0.35903881673881793,0.3591486291486288,693
1700787780000,0,0,0,0,0,0,0.35902185185185076,0.35912259259259305,270
1700787840000,0,0,0,0,0,0,0.35944613466334113,0.3595488778054874,401
1700787900000,0,0,0,0,0,0,0.35991002386634685,0.3600162291169455,419
1700787960000,0,0,0,0,0,0,0.36036224489795854,0.3604696428571435,392
1700788020000,0,0,0,0,0,0,0.36070891472868316,0.36081162790697613,258
1700788080000,0,0,0,0,0,0,0.3608575525812596,0.3609695984703625,523
1700788140000,0,0,0,0,0,0,0.3609014084507019,0.3610058685445993,426
1700788200000,0,0,0,0,0,0,0.36106746987951727,0.3611710843373493,166
1700788260000,0,0,0,0,0,0,0.36099042553191424,0.36109414893617003,188
1700788320000,0,0,0,0,0,0,0.3609062176165793,0.3610134715025896,386
1700788380000,0,0,0,0,0,0,0.36124458762886746,0.36135618556701243,388
1700788440000,0,0,0,0,0,0,0.3612334630350174,0.36133852140077755,257
1700788500000,0,0,0,0,0,0,0.36127301587301575,0.3613772486772514,378
1700788560000,1,0,142.0,0,142.0,1,0.3617563953488377,0.3618598837209295,516
1700788620000,0,0,0,0,0,0,0.3619942222222204,0.3620979999999994,450
1700788680000,0,0,0,0,0,0,0.36180885416666836,0.36191354166666817,384
1700788740000,0,0,0,0,0,0,0.3617178124999997,0.3618200000000003,320
1700788800000,0,0,0,0,0,0,0.3616401985111674,0.36174218362282884,403
1700788860000,0,0,0,0,0,0,0.36120908119658185,0.3613115384615404,936
1700788920000,0,0,0,0,0,0,0.3611674999999998,0.36126857142857216,280
1700788980000,0,0,0,0,0,0,0.3616670454545506,0.3617687500000016,704
1700789040000,0,0,0,0,0,0,0.3613840000000012,0.3614848888888905,225
1700789100000,0,0,0,0,0,0,0.36140193548387317,0.3615032258064549,465
1700789160000,0,0,0,0,0,0,0.3614403819918188,0.3615410641200573,733
1700789220000,0,0,0,0,0,0,0.36106481069041985,0.36116547884186606,449
1700789280000,0,0,0,0,0,0,0.3607082437275988,0.36081290322580517,279
1700789340000,0,0,0,0,0,0,0.36071524163568686,0.36082639405204353,269
1700789400000,0,0,0,0,0,0,0.36079694656488565,0.36090076335877813,262
1700789460000,0,0,0,0,0,0,0.36077639860139976,0.36087762237762405,572
1700789520000,0,0,0,0,0,0,0.36042917771883237,0.36052970822281327,377
1700789580000,0,0,0,0,0,0,0.3602772532188835,0.36038068669527906,233
1700789640000,0,0,0,0,0,0,0.36021258741258727,0.3603146853146855,143
1700789700000,0,0,0,0,0,0,0.36007214285714234,0.36017214285714366,140
1700789760000,0,0,0,0,0,0,0.3599863207547171,0.36008867924528437,212
1700789820000,0,0,0,0,0,0,0.3598831632653064,0.3599867346938791,196
1700789880000,0,0,0,0,0,0,0.3598082262210783,0.35990976863753305,389
1700789940000,0,0,0,0,0,0,0.3596342657342649,0.35973496503496494,143
1700790000000,0,0,0,0,0,0,0.35949166666666693,0.35959393939393863,132
1700790060000,0,0,0,0,0,0,0.35968150684931777,0.3597821917808239,438
1700790120000,0,0,0,0,0,0,0.35959239436619955,0.3596960563380289,355
1700790180000,0,0,0,0,0,0,0.3596786476868324,0.3597797153024929,281
1700790240000,0,0,0,0,0,0,0.35959617224880414,0.359696491228072,627
1700790300000,0,0,0,0,0,0,0.35965758293839084,0.3597580568720417,422
1700790360000,0,0,0,0,0,0,0.3598756756756774,0.35997610241821093,703
1700790420000,0,0,0,0,0,0,0.3598561776061829,0.35995810810810813,518
1700790480000,0,0,0,0,0,0,0.35991886446886806,0.36001941391941494,546
1700790540000,0,0,0,0,0,0,0.3600551487414225,0.3601572082379896,437
1700790600000,0,0,0,0,0,0,0.3597763157894731,0.35987684210526427,190
1700790660000,0,0,0,0,0,0,0.3595481116584535,0.3596494252873562,609
1700790720000,0,0,0,0,0,0,0.35936701754386036,0.3594694736842078,285
1700790780000,0,0,0,0,0,0,0.35935511811023746,0.35945590551180984,254
1700790840000,0,0,0,0,0,0,0.3591625806451624,0.3592658064516122,310
1700790900000,0,0,0,0,0,0,0.3591537906137178,0.3592545126353799,277
1700790960000,0,0,0,0,0,0,0.35927729885057585,0.35937931034482495,348
1700791020000,0,0,0,0,0,0,0.35942481203007454,0.3595255639097748,133
1700791080000,0,0,0,0,0,0,0.3594608433734929,0.3595632530120457,332
1700791140000,0,0,0,0,0,0,0.35949493670885935,0.35960295358649663,237
1700791200000,0,0,0,0,0,0,0.35935527638190795,0.35945552763818883,398
1700791260000,0,0,0,0,0,0,0.35928109890109705,0.3593846153846134,455
1700791320000,0,0,0,0,0,0,0.35978198198198236,0.35988873873874005,222
1700791380000,0,0,0,0,0,0,0.3598712643678173,0.3599735632183908,174
1700791440000,0,0,0,0,0,0,0.3594763848396485,0.35957930029154317,343
1700791500000,0,0,0,0,0,0,0.3592397476340698,0.3593438485804423,317
1700791560000,0,0,0,0,0,0,0.3589422705314012,0.35904396135265715,414
1700791620000,0,0,0,0,0,0,0.35856359102244423,0.3586663341645883,401
1700791680000,0,0,0,0,0,0,0.3585408071748888,0.3586421524663681,223
1700791740000,0,0,0,0,0,0,0.35885203252032394,0.3589556910569105,246
1700791800000,0,0,0,0,0,0,0.35901511254019236,0.35911864951768585,311
1700791860000,0,0,0,0,0,0,0.35943105022831023,0.3595383561643835,219
1700791920000,0,0,0,0,0,0,0.3597058823529408,0.35980653594771334,153
1700791980000,0,0,0,0,0,0,0.3597425531914892,0.3598436170212765,94
1700792040000,0,0,0,0,0,0,0.3596189189189191,0.359718918918919,37
1700792100000,0,0,0,0,0,0,0.3595646464646468,0.3596666666666665,99
1700792160000,0,0,0,0,0,0,0.35963514851485184,0.3597361386138608,202
1700792220000,0,0,0,0,0,0,0.3598633217993089,0.35996712802768144,289
1700792280000,0,0,0,0,0,0,0.35983009708737884,0.35993009708737816,103
1700792340000,0,0,0,0,0,0,0.3600034482758624,0.3601074712643681,174
1700792400000,0,0,0,0,0,0,0.36005315315315317,0.36015585585585547,111
1700792460000,0,0,0,0,0,0,0.3599302325581399,0.360034302325582,172
1700792520000,0,0,0,0,0,0,0.36009491525423765,0.36019717514124333,177
1700792580000,0,0,0,0,0,0,0.3600760416666664,0.36017812499999974,96
1700792640000,0,0,0,0,0,0,0.36014787878787885,0.36024909090909113,165
1700792700000,0,0,0,0,0,0,0.3600647887323946,0.36016619718309933,213
1700792760000,0,0,0,0,0,0,0.36003478260869637,0.3601374999999999,184
1700792820000,0,0,0,0,0,0,0.3598626943005189,0.35996813471502714,386
1700792880000,0,0,0,0,0,0,0.3598015789473692,0.35990368421052604,190
