1700725020000,0,0,0,0,0,0,5.265,5.266,1
1700725080000,0,0,0,0,0,0,5.265517241379311,5.26651724137931,29
1700725140000,0,0,0,0,0,0,5.262341864716613,5.26335831809874,547
1700725200000,0,0,0,0,0,0,5.261395927601781,5.262400452488661,442
1700725260000,0,0,0,0,0,0,5.26291616766468,5.2639161676646795,167
1700725320000,0,0,0,0,0,0,5.263369491525409,5.264410169491493,295
1700725380000,0,0,0,0,0,0,5.262051418439731,5.263076241134704,564
1700725440000,0,0,0,0,0,0,5.260592592592594,5.262175925925919,108
1700725500000,0,0,0,0,0,0,5.259240740740746,5.260351851851847,54
1700725560000,0,0,0,0,0,0,5.259866666666661,5.260933333333342,75
1700725620000,0,0,0,0,0,0,5.262815573770485,5.263954918032797,244
1700725680000,0,0,0,0,0,0,5.26351851851852,5.264555555555554,27
1700725740000,0,0,0,0,0,0,5.260962962962959,5.262018518518521,54
1700725800000,0,0,0,0,0,0,5.2588740157480345,5.260031496062992,127
1700725860000,0,0,0,0,0,0,5.261682539682536,5.262761904761908,126
1700725920000,0,0,0,0,0,0,5.263595744680853,5.264617021276601,94
1700725980000,0,0,0,0,0,0,5.262323232323222,5.2633838383838425,99
1700726040000,0,0,0,0,0,0,5.260450980392154,5.261450980392156,51
1700726100000,0,0,0,0,0,0,5.259702127659571,5.260925531914901,94
1700726160000,0,0,0,0,0,0,5.2587200000000065,5.259819999999998,50
1700726220000,0,0,0,0,0,0,5.260507462686567,5.261537313432829,67
1700726280000,0,0,0,0,0,0,5.261161290322578,5.262193548387096,31
1700726340000,0,0,0,0,0,0,5.260642857142854,5.261714285714285,42
1700726400000,0,0,0,0,0,0,5.263257861635216,5.2643522012578545,159
1700726460000,0,0,0,0,0,0,5.2603061224489505,5.261629251700682,294
1700726520000,0,0,0,0,0,0,5.26652000000001,5.267644000000013,250
1700726580000,0,0,0,0,0,0,5.264330188679251,5.265330188679241,106
1700726640000,0,0,0,0,0,0,5.2649911111111045,5.266031111111145,225
1700726700000,0,0,0,0,0,0,5.265174479166708,5.266182291666694,384
1700726760000,0,0,0,0,0,0,5.265428246013697,5.266444191343974,439
1700726820000,0,0,0,0,0,0,5.270623794212229,5.271678456591636,311
1700726880000,0,0,0,0,0,0,5.270901565995526,5.271901565995497,447
1700726940000,0,0,0,0,0,0,5.270781746031733,5.2717876984126715,504
1700727000000,0,0,0,0,0,0,5.269035149384817,5.270036906854116,569
1700727060000,0,0,0,0,0,0,5.268999999999996,5.269999999999986,404
1700727120000,0,0,0,0,0,0,5.269593886462872,5.270598253275089,229
1700727180000,0,0,0,0,0,0,5.2732236024844825,5.2742546583850825,161
1700727240000,0,0,0,0,0,0,5.273401606425692,5.274441767068287,249
1700727300000,0,0,0,0,0,0,5.270231250000005,5.271399999999994,160
1700727360000,0,0,0,0,0,0,5.267711538461537,5.268750000000002,52
1700727420000,0,0,0,0,0,0,5.268922077922077,5.270012987012992,77
1700727480000,0,0,0,0,0,0,5.268643243243259,5.269691891891895,185
1700727540000,0,0,0,0,0,0,5.268996031746021,5.270003968253938,252
1700727600000,0,0,0,0,0,0,5.271944444444439,5.272944444444427,288
1700727660000,0,0,0,0,0,0,5.27268273092368,5.273698795180721,249
1700727720000,0,0,0,0,0,0,5.272152542372878,5.273194915254246,118
1700727780000,0,0,0,0,0,0,5.267934065934066,5.269010989010977,91
1700727840000,0,0,0,0,0,0,5.266000000000002,5.266999999999998,60
1700727900000,0,0,0,0,0,0,5.267119047619046,5.268226190476182,84
1700727960000,0,0,0,0,0,0,5.266623076923103,5.267626923076947,260
1700728020000,0,0,0,0,0,0,5.264126436781605,5.265183908045986,174
1700728080000,0,0,0,0,0,0,5.261179487179491,5.262333333333331,78
1700728140000,0,0,0,0,0,0,5.262500000000002,5.263652173913047,46
1700728200000,0,0,0,0,0,0,5.262577464788735,5.263633802816897,71
1700728260000,0,0,0,0,0,0,5.261788461538452,5.262891025641015,156
1700728320000,0,0,0,0,0,0,5.264155844155843,5.265181818181814,77
1700728380000,0,0,0,0,0,0,5.2639999999999985,5.265,24
1700728440000,0,0,0,0,0,0,5.2675445544554425,5.268712871287129,101
1700728500000,0,0,0,0,0,0,5.27266878980893,5.273700636942676,157
1700728560000,0,0,0,0,0,0,5.270208791208783,5.271285714285717,91
1700728620000,0,0,0,0,0,0,5.275579088471872,5.276747989276153,373
1700728680000,0,0,0,0,0,0,5.27680281690142,5.27804694835681,213
1700728740000,0,0,0,0,0,0,5.282551459293348,5.28372350230418,651
1700728800000,0,0,0,0,0,0,5.284088383838382,5.285181818181849,396
1700728860000,0,0,0,0,0,0,5.280952631578943,5.282068421052631,190
1700728920000,0,0,0,0,0,0,5.28190909090909,5.282909090909092,22
1700728980000,0,0,0,0,0,0,5.282533333333327,5.28353333333333,45
1700729040000,0,0,0,0,0,0,5.289282208588957,5.290464212678906,489
1700729100000,0,0,0,0,0,0,5.294059917355389,5.295148760330589,484
1700729160000,0,0,0,0,0,0,5.290589285714289,5.291607142857137,168
1700729220000,0,0,0,0,0,0,5.285326315789468,5.286457894736833,190
1700729280000,0,0,0,0,0,0,5.286802247190994,5.287925842696597,445
1700729340000,0,0,0,0,0,0,5.286238636363641,5.287329545454541,88
1700729400000,0,0,0,0,0,0,5.28207860262009,5.283109170305673,229
1700729460000,0,0,0,0,0,0,5.282736470588216,5.2838517647059025,425
1700729520000,0,0,0,0,0,0,5.283082352941175,5.284270588235294,85
1700729580000,0,0,0,0,0,0,5.283315789473676,5.284355263157899,76
1700729640000,0,0,0,0,0,0,5.282261744966439,5.283463087248316,149
1700729700000,0,0,0,0,0,0,5.282883333333333,5.283949999999996,60
1700729760000,0,0,0,0,0,0,5.287686915887845,5.28884112149532,214
1700729820000,0,0,0,0,0,0,5.290125000000016,5.291205882352948,136
1700729880000,0,0,0,0,0,0,5.292398305084747,5.293533898305082,118
1700729940000,0,0,0,0,0,0,5.2933142857142865,5.29440000000001,105
1700730000000,0,0,0,0,0,0,5.2967432950191755,5.297839080459769,261
1700730060000,0,0,0,0,0,0,5.297478124999979,5.298631249999973,320
1700730120000,0,0,0,0,0,0,5.300884615384648,5.301940384615359,520
1700730180000,0,0,0,0,0,0,5.2971298405467255,5.298309794988615,439
1700730240000,0,0,0,0,0,0,5.294270588235306,5.295372549019632,255
1700730300000,0,0,0,0,0,0,5.29052579365078,5.291666666666684,504
1700730360000,0,0,0,0,0,0,5.291516736401675,5.292541841004181,478
1700730420000,0,0,0,0,0,0,5.2936531986532245,5.29468350168351,297
1700730480000,0,0,0,0,0,0,5.29349779735684,5.294572687224668,227
1700730540000,0,0,0,0,0,0,5.294409448818893,5.29548031496063,127
1700730600000,0,0,0,0,0,0,5.291743119266052,5.29277064220184,109
1700730660000,0,0,0,0,0,0,5.290547263681586,5.291890547263689,201
1700730720000,0,0,0,0,0,0,5.290338709677417,5.291387096774197,62
1700730780000,0,0,0,0,0,0,5.289397260273976,5.290438356164375,73
1700730840000,0,0,0,0,0,0,5.290436363636363,5.291463636363633,110
1700730900000,0,0,0,0,0,0,5.293410958904112,5.294438356164382,73
1700730960000,0,0,0,0,0,0,5.292477611940295,5.293507462686571,67
1700731020000,0,0,0,0,0,0,5.292960937499986,5.293964843749971,256
1700731080000,0,0,0,0,0,0,5.290999999999985,5.291999999999966,360
1700731140000,0,0,0,0,0,0,5.2910000000000235,5.2920000000000105,171
1700731200000,0,0,0,0,0,0,5.291682464454998,5.29269668246446,211
1700731260000,0,0,0,0,0,0,5.292432835820903,5.293455223880595,134
1700731320000,0,0,0,0,0,0,5.28982608695651,5.290843478260872,115
1700731380000,0,0,0,0,0,0,5.286832214765095,5.288020134228193,149
1700731440000,0,0,0,0,0,0,5.2850617283950685,5.286135802469126,162
1700731500000,0,0,0,0,0,0,5.283636363636366,5.284699999999999,110
1700731560000,0,0,0,0,0,0,5.28193650793651,5.283285714285717,126
1700731620000,0,0,0,0,0,0,5.281709219858144,5.282886524822717,282
1700731680000,0,0,0,0,0,0,5.282999999999998,5.284000000000002,29
1700731740000,0,0,0,0,0,0,5.2829999999999995,5.284000000000003,25
1700731800000,0,0,0,0,0,0,5.284981366459622,5.286074534161496,161
1700731860000,0,0,0,0,0,0,5.286231292517,5.2873129251700695,147
1700731920000,0,0,0,0,0,0,5.28378873239436,5.284802816901417,71
1700731980000,0,0,0,0,0,0,5.285147540983618,5.286323770491808,244
1700732040000,0,0,0,0,0,0,5.283316901408449,5.284471830985924,142
1700732100000,0,0,0,0,0,0,5.284186440677967,5.285449152542366,118
1700732160000,0,0,0,0,0,0,5.285678571428555,5.286750000000008,140
1700732220000,0,0,0,0,0,0,5.28706451612903,5.288096774193553,93
1700732280000,0,0,0,0,0,0,5.288389999999998,5.289389999999997,100
1700732340000,0,0,0,0,0,0,5.287542372881362,5.288576271186432,59
1700732400000,0,0,0,0,0,0,5.285749999999999,5.286796874999997,64
1700732460000,0,0,0,0,0,0,5.286846153846159,5.287892307692305,65
1700732520000,0,0,0,0,0,0,5.288366197183096,5.289478873239436,71
1700732580000,0,0,0,0,0,0,5.286600000000002,5.287675000000003,40
1700732640000,0,0,0,0,0,0,5.288357142857151,5.289464285714281,84
1700732700000,0,0,0,0,0,0,5.29322222222222,5.294350877192972,171
1700732760000,0,0,0,0,0,0,5.293723905723903,5.294966329966348,297
1700732820000,0,0,0,0,0,0,5.292489361702124,5.293521276595743,94
1700732880000,0,0,0,0,0,0,5.2896902654867235,5.290823008849561,113
1700732940000,0,0,0,0,0,0,5.289032520325209,5.290211382113826,123
1700733000000,0,0,0,0,0,0,5.288126760563382,5.289225352112672,71
1700733060000,0,0,0,0,0,0,5.290058252427178,5.291126213592226,103
1700733120000,0,0,0,0,0,0,5.2908633093525115,5.292021582733827,139
1700733180000,0,0,0,0,0,0,5.291389312977084,5.292812977099244,262
1700733240000,0,0,0,0,0,0,5.29382905982906,5.294897435897446,117
1700733300000,0,0,0,0,0,0,5.29678076923077,5.298188461538447,260
1700733360000,0,0,0,0,0,0,5.303264880952391,5.304380952380946,336
1700733420000,0,0,0,0,0,0,5.309446502057588,5.310633744855965,486
1700733480000,0,0,0,0,0,0,5.30670303030303,5.307781818181811,165
1700733540000,0,0,0,0,0,0,5.305653153153169,5.30690090090091,222
1700733600000,0,0,0,0,0,0,5.308905982905957,5.310042735042717,351
1700733660000,0,0,0,0,0,0,5.3099892665474195,5.3111842576028545,559
1700733720000,0,0,0,0,0,0,5.307892966360867,5.309253822629954,327
1700733780000,0,0,0,0,0,0,5.306091304347838,5.307156521739139,230
1700733840000,0,0,0,0,0,0,5.3056791666666685,5.3068291666666845,240
1700733900000,0,0,0,0,0,0,5.299679300291522,5.302361516034977,343
1700733960000,0,0,0,0,0,0,5.298397849462376,5.299634408602149,186
1700734020000,0,0,0,0,0,0,5.299885714285717,5.300923809523818,105
1700734080000,0,0,0,0,0,0,5.301138554216866,5.302186746987963,166
1700734140000,0,0,0,0,0,0,5.302996268656698,5.304220149253743,268
1700734200000,0,0,0,0,0,0,5.299304123711342,5.300541237113396,194
1700734260000,0,0,0,0,0,0,5.296951923076923,5.2980096153846254,104
1700734320000,0,0,0,0,0,0,5.2977991071428505,5.299111607142841,224
1700734380000,0,0,0,0,0,0,5.30210544217691,5.30312244897962,294
1700734440000,0,0,0,0,0,0,5.303457142857134,5.304504761904763,105
1700734500000,0,0,0,0,0,0,5.301146666666674,5.302199999999996,75
1700734560000,0,0,0,0,0,0,5.299466898954716,5.300672473867601,287
1700734620000,0,0,0,0,0,0,5.292802985074636,5.294229850746292,335
1700734680000,0,0,0,0,0,0,5.295241176470593,5.29628235294119,170
1700734740000,0,0,0,0,0,0,5.29807482993196,5.299142857142847,147
1700734800000,0,0,0,0,0,0,5.298520325203257,5.299593495934946,246
1700734860000,0,0,0,0,0,0,5.295955414012741,5.297000000000009,157
1700734920000,0,0,0,0,0,0,5.296054687500024,5.297105468750004,256
1700734980000,0,0,0,0,0,0,5.297536842105262,5.298610526315781,95
1700735040000,0,0,0,0,0,0,5.297800000000005,5.298985714285714,70
1700735100000,0,0,0,0,0,0,5.294881355932215,5.296107344632783,177
1700735160000,0,0,0,0,0,0,5.2875328185328225,5.288833976833978,259
1700735220000,0,0,0,0,0,0,5.2900952380952315,5.291166666666664,84
1700735280000,0,0,0,0,0,0,5.288572815533971,5.289660194174767,206
1700735340000,0,0,0,0,0,0,5.2895642857142775,5.290692857142867,140
1700735400000,0,0,0,0,0,0,5.290476510067116,5.291550335570478,149
1700735460000,0,0,0,0,0,0,5.291486111111102,5.292500000000004,72
1700735520000,0,0,0,0,0,0,5.292805555555552,5.293930555555558,72
1700735580000,0,0,0,0,0,0,5.294945121951224,5.296036585365858,164
1700735640000,0,0,0,0,0,0,5.2921240310077415,5.2931782945736545,129
1700735700000,0,0,0,0,0,0,5.289145038167944,5.290221374045802,131
1700735760000,0,0,0,0,0,0,5.281086466165431,5.282733082706762,266
1700735820000,0,0,0,0,0,0,5.274946666666686,5.276117333333346,375
1700735880000,0,0,0,0,0,0,5.276235000000001,5.277485000000009,200
1700735940000,0,0,0,0,0,0,5.27843030303031,5.279660606060603,165
1700736000000,0,0,0,0,0,0,5.275773584905662,5.2768993710691845,159
1700736060000,0,0,0,0,0,0,5.277790697674412,5.27883720930232,129
1700736120000,0,0,0,0,0,0,5.278369999999999,5.27947,100
1700736180000,0,0,0,0,0,0,5.278458333333332,5.2796666666666665,24
1700736240000,0,0,0,0,0,0,5.2768432835820995,5.277966417910462,268
1700736300000,0,0,0,0,0,0,5.277577777777778,5.278727777777766,180
1700736360000,0,0,0,0,0,0,5.277745704467358,5.27895189003435,291
1700736420000,0,0,0,0,0,0,5.277220338983056,5.278279661016949,118
1700736480000,0,0,0,0,0,0,5.279727272727271,5.280846153846137,143
1700736540000,0,0,0,0,0,0,5.281913461538466,5.282942307692306,104
1700736600000,0,0,0,0,0,0,5.282532051282044,5.28377564102563,156
1700736660000,0,0,0,0,0,0,5.285067796610167,5.286175141242921,177
1700736720000,0,0,0,0,0,0,5.278525510204073,5.279663265306127,196
1700736780000,0,0,0,0,0,0,5.272936170212768,5.27404255319149,94
1700736840000,0,0,0,0,0,0,5.275514705882358,5.276588235294115,68
1700736900000,0,0,0,0,0,0,5.2782234042553196,5.279499999999997,94
1700736960000,0,0,0,0,0,0,5.2792440000000065,5.280611999999994,250
1700737020000,0,0,0,0,0,0,5.27525454545454,5.276375757575758,165
1700737080000,0,0,0,0,0,0,5.275591549295779,5.276704225352115,71
1700737140000,0,0,0,0,0,0,5.275878378378384,5.277013513513509,74
1700737200000,0,0,0,0,0,0,5.275946808510633,5.277000000000001,94
1700737260000,0,0,0,0,0,0,5.276686440677987,5.277759887005653,354
1700737320000,0,0,0,0,0,0,5.276704225352105,5.277760563380286,71
1700737380000,0,0,0,0,0,0,5.2717000000000045,5.273261904761914,210
1700737440000,0,0,0,0,0,0,5.267604562737652,5.268794676806103,263
1700737500000,0,1,0,3.7,3.7,1,5.267117647058832,5.268166666666666,204
1700737560000,0,0,0,0,0,0,5.269586805555543,5.270722222222197,288
1700737620000,0,0,0,0,0,0,5.266109756097576,5.267138211382119,246
1700737680000,0,0,0,0,0,0,5.267091954022999,5.268199233716501,261
1700737740000,0,0,0,0,0,0,5.267962264150934,5.268971698113207,106
1700737800000,0,0,0,0,0,0,5.266943181818186,5.268022727272723,88
1700737860000,0,0,0,0,0,0,5.268459302325579,5.269482558139519,172
1700737920000,0,0,0,0,0,0,5.265906249999996,5.266999999999997,64
1700737980000,0,0,0,0,0,0,5.263033333333334,5.264049999999998,60
1700738040000,0,0,0,0,0,0,5.25592281879192,5.256932885906018,298
1700738100000,0,0,0,0,0,0,5.245739130434762,5.247040372670795,644
1700738160000,0,0,0,0,0,0,5.2520053050397655,5.253153846153851,377
1700738220000,0,0,0,0,0,0,5.247516339869269,5.2487647058823335,306
1700738280000,0,0,0,0,0,0,5.244660869565196,5.245881159420285,345
1700738340000,0,0,0,0,0,0,5.244353448275873,5.2455905172413795,232
1700738400000,0,0,0,0,0,0,5.245104956268209,5.246253644314852,343
1700738460000,0,0,0,0,0,0,5.2494642857142795,5.2505848214285615,448
1700738520000,0,0,0,0,0,0,5.24769811320756,5.248842767295617,318
1700738580000,0,1,0,9.1,9.1,1,5.225574861367835,5.227191312384469,1082
1700738640000,0,0,0,0,0,0,5.227847090663082,5.229197564276035,739
1700738700000,0,0,0,0,0,0,5.21978515625002,5.2211894531250005,512
1700738760000,0,0,0,0,0,0,5.228907230559378,5.230223738062789,733
1700738820000,0,0,0,0,0,0,5.234898954703827,5.236296167247381,287
1700738880000,0,0,0,0,0,0,5.233425968109333,5.234544419134388,439
1700738940000,0,0,0,0,0,0,5.238373913043496,5.239521739130438,230
1700739000000,0,0,0,0,0,0,5.238185185185217,5.239360269360279,297
1700739060000,0,0,0,0,0,0,5.243332335329335,5.24457485029944,334
1700739120000,0,0,0,0,0,0,5.244781990521332,5.24587203791468,211
1700739180000,0,0,0,0,0,0,5.247127516778535,5.248469798657711,149
1700739240000,0,0,0,0,0,0,5.248797909407667,5.249864111498256,287
1700739300000,0,0,0,0,0,0,5.251022670025165,5.252075566750596,397
1700739360000,0,0,0,0,0,0,5.249463519313313,5.25051931330473,233
1700739420000,0,0,0,0,0,0,5.250627272727266,5.251695454545445,220
1700739480000,0,0,0,0,0,0,5.249818181818189,5.250923076923071,143
1700739540000,0,0,0,0,0,0,5.252013157894729,5.253157894736845,76
1700739600000,0,0,0,0,0,0,5.251153061224481,5.252163265306126,98
1700739660000,0,0,0,0,0,0,5.24695306859207,5.248148014440436,277
1700739720000,0,0,0,0,0,0,5.249512562814065,5.250663316582912,199
1700739780000,0,0,0,0,0,0,5.249500000000006,5.250570512820519,156
1700739840000,0,0,0,0,0,0,5.248207865168545,5.249325842696645,178
1700739900000,0,0,0,0,0,0,5.244939597315452,5.2460268456375925,149
1700739960000,0,0,0,0,0,0,5.2441036036036035,5.245162162162147,222
1700740020000,0,0,0,0,0,0,5.243615740740747,5.244675925925918,216
1700740080000,0,0,0,0,0,0,5.24067613636366,5.2418181818181875,352
1700740140000,0,0,0,0,0,0,5.237313782991218,5.238404692082131,341
1700740200000,0,0,0,0,0,0,5.239730434782603,5.240756521739131,115
1700740260000,0,0,0,0,0,0,5.238439102564116,5.2396250000000055,312
1700740320000,0,0,0,0,0,0,5.239500000000011,5.240619496855378,318
1700740380000,0,0,0,0,0,0,5.233545454545453,5.234575757575766,99
1700740440000,0,0,0,0,0,0,5.235216901408471,5.236416901408456,355
1700740500000,0,0,0,0,0,0,5.237931034482779,5.239062068965532,290
1700740560000,0,0,0,0,0,0,5.242968523002395,5.244043583535121,413
1700740620000,0,0,0,0,0,0,5.24495789473684,5.246031578947367,95
1700740680000,0,0,0,0,0,0,5.243925714285721,5.245154285714281,175
1700740740000,0,0,0,0,0,0,5.246027210884344,5.247122448979589,147
1700740800000,0,0,0,0,0,0,5.248577540106956,5.249668449197853,187
1700740860000,0,0,0,0,0,0,5.244984886649842,5.246083123425675,397
1700740920000,0,0,0,0,0,0,5.242006191950429,5.243303405572755,323
1700740980000,0,0,0,0,0,0,5.243985148514862,5.245237623762377,202
1700741040000,0,0,0,0,0,0,5.244787234042558,5.245893617021274,141
1700741100000,0,0,0,0,0,0,5.246008196721317,5.247143442622959,244
1700741160000,0,0,0,0,0,0,5.25081468531467,5.251902097902078,286
1700741220000,0,0,0,0,0,0,5.253943925233649,5.255018691588776,107
1700741280000,0,0,0,0,0,0,5.2589369747898935,5.2601680672268625,238
1700741340000,0,0,0,0,0,0,5.262584507042232,5.263633802816914,142
1700741400000,0,0,0,0,0,0,5.2604615384615405,5.261503496503493,143
1700741460000,0,0,0,0,0,0,5.258266949152534,5.259394067796613,236
1700741520000,0,0,0,0,0,0,5.263172619047617,5.264374999999992,168
1700741580000,0,0,0,0,0,0,5.263193798449597,5.264224806201556,129
1700741640000,0,0,0,0,0,0,5.264035714285711,5.26511607142857,112
1700741700000,0,0,0,0,0,0,5.266227467811169,5.267420600858384,233
1700741760000,0,0,0,0,0,0,5.264590062111809,5.26588198757764,161
1700741820000,0,0,0,0,0,0,5.263499999999997,5.264719512195121,82
1700741880000,0,0,0,0,0,0,5.264921348314603,5.26604494382023,178
1700741940000,0,0,0,0,0,0,5.263917431192651,5.265009174311928,109
1700742000000,0,0,0,0,0,0,5.264318840579707,5.265536231884057,69
1700742060000,0,0,0,0,0,0,5.26839792387543,5.269664359861574,289
1700742120000,0,0,0,0,0,0,5.27144890510947,5.272554744525536,274
1700742180000,0,0,0,0,0,0,5.2729439655172365,5.274185344827574,232
1700742240000,0,0,0,0,0,0,5.269572289156631,5.270716867469887,166
1700742300000,0,0,0,0,0,0,5.269005128205111,5.270892307692304,195
1700742360000,0,0,0,0,0,0,5.269462184873937,5.2706176470587955,238
1700742420000,0,0,0,0,0,0,5.270674157303344,5.271685393258427,267
1700742480000,0,0,0,0,0,0,5.271793650793642,5.273158730158727,252
1700742540000,0,0,0,0,0,0,5.2694677419354745,5.270653225806456,124
1700742600000,0,0,0,0,0,0,5.269948905109492,5.271109489051088,137
1700742660000,0,0,0,0,0,0,5.265029787234033,5.266285106382962,235
1700742720000,0,0,0,0,0,0,5.262642156862727,5.263794117647049,204
1700742780000,0,0,0,0,0,0,5.257782287822875,5.259088560885602,271
1700742840000,0,0,0,0,0,0,5.257227810650915,5.258713017751501,338
1700742900000,0,0,0,0,0,0,5.253990415335465,5.255533546325901,313
1700742960000,0,0,0,0,0,0,5.2524160206717925,5.253614987080112,387
1700743020000,0,0,0,0,0,0,5.247520979020981,5.248800699300714,286
1700743080000,0,0,0,0,0,0,5.249493902439013,5.250737804878054,164
1700743140000,0,0,0,0,0,0,5.2525737704918045,5.253614754098367,122
1700743200000,0,0,0,0,0,0,5.254467661691539,5.255601990049751,201
1700743260000,0,0,0,0,0,0,5.255381679389307,5.25645801526717,131
1700743320000,0,0,0,0,0,0,5.252922131147541,5.254135245901624,244
1700743380000,0,0,0,0,0,0,5.254978723404246,5.256063829787221,141
1700743440000,0,0,0,0,0,0,5.256484126984129,5.257571428571428,126
1700743500000,0,0,0,0,0,0,5.256221518987337,5.25746202531644,158
1700743560000,0,0,0,0,0,0,5.248038269550733,5.249530782029966,601
1700743620000,0,0,0,0,0,0,5.246813602015124,5.248113350125961,397
1700743680000,0,0,0,0,0,0,5.247099255583137,5.248270471464028,403
1700743740000,0,0,0,0,0,0,5.250402298850573,5.251425287356318,87
1700743800000,0,0,0,0,0,0,5.251883248730954,5.253030456852791,197
1700743860000,0,0,0,0,0,0,5.250935323383088,5.252039800995031,201
1700743920000,0,0,0,0,0,0,5.245201183431968,5.246272189349114,169
1700743980000,0,0,0,0,0,0,5.242790123456776,5.24398765432098,324
1700744040000,0,0,0,0,0,0,5.239117073170743,5.240565853658551,205
1700744100000,0,0,0,0,0,0,5.239318181818193,5.240414141414135,198
1700744160000,0,0,0,0,0,0,5.243249999999983,5.244360714285716,280
1700744220000,0,0,0,0,0,0,5.243166666666664,5.244166666666667,36
1700744280000,0,0,0,0,0,0,5.245166666666666,5.246205882352942,102
1700744340000,0,0,0,0,0,0,5.244770370370375,5.2458148148148105,135
1700744400000,0,0,0,0,0,0,5.247364779874226,5.24860377358492,159
1700744460000,0,0,0,0,0,0,5.245640127388515,5.246735668789804,314
1700744520000,0,0,0,0,0,0,5.2490810810810675,5.250239382239369,259
1700744580000,0,0,0,0,0,0,5.254645631067951,5.255684466019407,206
1700744640000,0,0,0,0,0,0,5.249367424242451,5.250409090909101,264
1700744700000,0,0,0,0,0,0,5.245611538461556,5.246657692307696,260
1700744760000,0,0,0,0,0,0,5.252350515463915,5.253490721649453,485
1700744820000,0,0,0,0,0,0,5.249902077151351,5.251400593471804,337
1700744880000,0,0,0,0,0,0,5.249492063492077,5.250539682539685,126
1700744940000,0,0,0,0,0,0,5.251559139784943,5.252677419354845,186
1700745000000,0,0,0,0,0,0,5.249013605442174,5.250136054421778,147
1700745060000,0,0,0,0,0,0,5.249150769230777,5.250209230769229,325
1700745120000,0,0,0,0,0,0,5.254034482758623,5.255147783251225,203
1700745180000,0,0,0,0,0,0,5.25450549450548,5.255692307692305,182
1700745240000,0,0,0,0,0,0,5.260646048109947,5.261728522336752,291
1700745300000,0,0,0,0,0,0,5.258884444444457,5.259982222222224,225
1700745360000,0,0,0,0,0,0,5.258807453416138,5.259959627329195,322
1700745420000,0,0,0,0,0,0,5.256487012986993,5.257675324675328,154
1700745480000,0,0,0,0,0,0,5.255166666666661,5.2562115384615185,156
1700745540000,0,0,0,0,0,0,5.255814606741568,5.25692696629211,178
1700745600000,0,0,0,0,0,0,5.255922535211249,5.257049295774647,142
1700745660000,0,1,0,25.4,25.4,1,5.257583892617439,5.258765100671147,149
1700745720000,0,0,0,0,0,0,5.2582335025380695,5.259299492385789,197
1700745780000,0,0,0,0,0,0,5.257543352601154,5.258664739884393,173
1700745840000,0,0,0,0,0,0,5.257024691358028,5.258098765432091,81
1700745900000,0,0,0,0,0,0,5.2552325581395385,5.2564883720930125,129
1700745960000,0,0,0,0,0,0,5.255399999999986,5.2564709677419135,155
1700746020000,0,0,0,0,0,0,5.256483333333336,5.257516666666668,60
1700746080000,0,0,0,0,0,0,5.25517741935484,5.256397849462359,186
1700746140000,0,0,0,0,0,0,5.252731958762896,5.2539020618556735,194
1700746200000,0,0,0,0,0,0,5.253452513966473,5.254547486033529,179
1700746260000,0,0,0,0,0,0,5.251837563451773,5.2529035532995,197
1700746320000,0,0,0,0,0,0,5.252010989010997,5.253021978021968,91
1700746380000,0,0,0,0,0,0,5.248111111111103,5.249140096618355,207
1700746440000,0,0,0,0,0,0,5.249214007782102,5.250287937743171,257
1700746500000,0,0,0,0,0,0,5.250052287581707,5.251052287581699,153
1700746560000,0,0,0,0,0,0,5.249005405405421,5.25007567567567,185
1700746620000,0,0,0,0,0,0,5.246894736842095,5.247929824561412,171
1700746680000,0,0,0,0,0,0,5.248965217391303,5.250017391304335,115
1700746740000,0,0,0,0,0,0,5.2502333333333375,5.251266666666671,120
1700746800000,0,0,0,0,0,0,5.2492500000000115,5.250407894736839,228
1700746860000,0,0,0,0,0,0,5.247483018867908,5.24875471698115,265
1700746920000,0,0,0,0,0,0,5.242746724890821,5.243934497816599,229
1700746980000,0,0,0,0,0,0,5.241808510638289,5.242865248226965,141
1700747040000,0,0,0,0,0,0,5.24379746835444,5.244810126582282,79
1700747100000,0,0,0,0,0,0,5.2430727272727236,5.244163636363638,55
1700747160000,0,0,0,0,0,0,5.245267045454549,5.246340909090905,176
1700747220000,0,0,0,0,0,0,5.243385474860326,5.244508379888245,358
1700747280000,0,0,0,0,0,0,5.240171875000006,5.241369791666664,192
1700747340000,0,0,0,0,0,0,5.236500000000002,5.237561797752806,178
1700747400000,0,0,0,0,0,0,5.2290253521126715,5.230411267605612,355
1700747460000,0,0,0,0,0,0,5.23176421052629,5.2331199999999924,475
1700747520000,0,0,0,0,0,0,5.224584459459449,5.225719594594576,296
1700747580000,0,0,0,0,0,0,5.225124752475253,5.226318811881187,505
1700747640000,0,0,0,0,0,0,5.226533632287005,5.2276322869955125,223
1700747700000,0,0,0,0,0,0,5.229005235602095,5.230204188481679,191
1700747760000,0,0,0,0,0,0,5.229690987124467,5.230776824034353,233
1700747820000,0,0,0,0,0,0,5.22858389261745,5.229637583892616,149
1700747880000,0,0,0,0,0,0,5.227964071856285,5.229077844311377,167
1700747940000,0,0,0,0,0,0,5.230030000000005,5.231109999999992,200
1700748000000,0,0,0,0,0,0,5.227917241379297,5.228972413793101,145
1700748060000,0,0,0,0,0,0,5.226363309352533,5.227496402877699,278
1700748120000,0,0,0,0,0,0,5.232243697478987,5.233310924369748,238
1700748180000,0,0,0,0,0,0,5.236423076923077,5.237858974358987,156
1700748240000,0,0,0,0,0,0,5.240986046511624,5.242186046511626,215
1700748300000,0,0,0,0,0,0,5.241184523809516,5.242571428571441,168
1700748360000,0,0,0,0,0,0,5.242307692307686,5.243469230769222,260
1700748420000,0,0,0,0,0,0,5.243702702702707,5.2447702702702745,74
1700748480000,0,0,0,0,0,0,5.244919191919194,5.245989898989895,99
1700748540000,0,0,0,0,0,0,5.245876288659794,5.246958762886599,97
1700748600000,0,0,0,0,0,0,5.24349545454546,5.2446045454545525,220
1700748660000,0,0,0,0,0,0,5.237822222222221,5.238877777777768,90
1700748720000,0,0,0,0,0,0,5.2385436893203785,5.239611650485441,103
1700748780000,0,0,0,0,0,0,5.243359712230226,5.244467625899283,139
1700748840000,0,0,0,0,0,0,5.243545454545454,5.244610389610399,77
1700748900000,0,0,0,0,0,0,5.242551724137931,5.243620689655172,29
1700748960000,0,0,0,0,0,0,5.240167630057807,5.241352601156085,173
1700749020000,0,0,0,0,0,0,5.239092307692312,5.240138461538457,65
1700749080000,0,0,0,0,0,0,5.242211538461539,5.243336538461552,104
1700749140000,0,0,0,0,0,0,5.242333333333334,5.243458333333335,96
1700749200000,0,0,0,0,0,0,5.242194968553454,5.243308176100628,159
1700749260000,0,0,0,0,0,0,5.236818991097909,5.238160237388745,337
1700749320000,0,0,0,0,0,0,5.230232779097413,5.231539192399064,421
1700749380000,0,0,0,0,0,0,5.230042780748662,5.2312352941176465,187
1700749440000,0,0,0,0,0,0,5.231658008657998,5.232948051948057,231
1700749500000,0,0,0,0,0,0,5.235173728813558,5.23640677966104,236
1700749560000,0,0,0,0,0,0,5.234785714285717,5.235928571428569,168
1700749620000,0,0,0,0,0,0,5.23538961038962,5.236428571428562,154
1700749680000,0,0,0,0,0,0,5.235088050314475,5.2361069182389945,159
1700749740000,0,0,0,0,0,0,5.23429496402878,5.2353525179856115,139
1700749800000,0,0,0,0,0,0,5.232237179487163,5.2333141025641154,156
1700749860000,0,0,0,0,0,0,5.235722063037286,5.2368595988539015,349
1700749920000,0,0,0,0,0,0,5.232464705882346,5.233623529411766,170
1700749980000,0,0,0,0,0,0,5.231663230240556,5.232831615120279,291
1700750040000,0,0,0,0,0,0,5.233180555555565,5.23458333333334,144
1700750100000,0,0,0,0,0,0,5.236298245614045,5.237802631578971,228
1700750160000,0,0,0,0,0,0,5.23710550458715,5.238371559633052,218
1700750220000,0,0,0,0,0,0,5.238224137931048,5.239344827586219,174
1700750280000,0,0,0,0,0,0,5.242233082706754,5.243353383458644,266
1700750340000,0,0,0,0,0,0,5.247371621621657,5.24842905405407,296
1700750400000,0,0,0,0,0,0,5.245721590909093,5.246778409090916,176
1700750460000,0,0,0,0,0,0,5.2425300353356885,5.243618374558289,283
1700750520000,0,0,0,0,0,0,5.241059523809524,5.242083333333328,84
1700750580000,0,0,0,0,0,0,5.240000000000005,5.240999999999992,93
1700750640000,0,0,0,0,0,0,5.240679389312975,5.241763358778635,131
1700750700000,0,0,0,0,0,0,5.241438596491222,5.242622807017553,114
1700750760000,0,0,0,0,0,0,5.241214285714288,5.242390756302526,238
1700750820000,0,0,0,0,0,0,5.242185714285714,5.243271428571432,70
1700750880000,0,0,0,0,0,0,5.2390878378378485,5.240195945945945,148
1700750940000,0,0,0,0,0,0,5.241468468468473,5.242567567567575,111
1700751000000,0,0,0,0,0,0,5.244095419847338,5.2452862595420005,262
1700751060000,0,0,0,0,0,0,5.240824324324322,5.2421148648648765,148
1700751120000,0,0,0,0,0,0,5.234924528301869,5.236109433962264,265
1700751180000,0,0,0,0,0,0,5.229611872146118,5.230735159817364,219
1700751240000,0,0,0,0,0,0,5.229714285714287,5.231214285714291,154
1700751300000,0,0,0,0,0,0,5.233384615384622,5.2344733727810615,169
1700751360000,0,0,0,0,0,0,5.236558139534907,5.237666666666675,387
1700751420000,0,0,0,0,0,0,5.240805084745766,5.241822033898303,118
1700751480000,0,0,0,0,0,0,5.239529411764705,5.240549019607841,51
1700751540000,0,0,0,0,0,0,5.239269230769228,5.240423076923077,130
1700751600000,0,0,0,0,0,0,5.240371428571424,5.241371428571426,35
1700751660000,0,0,0,0,0,0,5.241905660377359,5.242924528301889,53
1700751720000,0,0,0,0,0,0,5.2446436781609105,5.245712643678169,87
1700751780000,0,0,0,0,0,0,5.246537815126042,5.247806722689066,238
1700751840000,0,0,0,0,0,0,5.243514150943394,5.244712264150952,212
1700751900000,0,0,0,0,0,0,5.243134453781513,5.244184873949591,119
1700751960000,0,0,0,0,0,0,5.243397515527968,5.244428571428578,161
1700752020000,0,0,0,0,0,0,5.2440000000000015,5.245018867924532,53
1700752080000,0,0,0,0,0,0,5.241999999999992,5.243048387096773,62
1700752140000,0,0,0,0,0,0,5.240715384615385,5.242238461538453,130
1700752200000,0,0,0,0,0,0,5.23947435897436,5.240564102564096,78
1700752260000,0,0,0,0,0,0,5.239608247422679,5.240618556701028,97
1700752320000,0,0,0,0,0,0,5.235519083969473,5.236648854961835,131
1700752380000,0,0,0,0,0,0,5.2332222222222216,5.2342857142857175,63
1700752440000,0,0,0,0,0,0,5.231320754716983,5.232811320754718,53
1700752500000,0,0,0,0,0,0,5.2295859374999925,5.23068750000001,128
1700752560000,0,0,0,0,0,0,5.231014999999994,5.232155000000014,200
1700752620000,0,0,0,0,0,0,5.2297185185185215,5.230940740740732,135
1700752680000,0,0,0,0,0,0,5.231035087719297,5.2322105263157885,57
1700752740000,0,0,0,0,0,0,5.224803278688515,5.226010928961754,183
1700752800000,0,0,0,0,0,0,5.222085106382977,5.223297872340427,188
1700752860000,0,0,0,0,0,0,5.220969696969695,5.222090909090902,132
1700752920000,0,0,0,0,0,0,5.212479999999994,5.213613333333337,75
1700752980000,0,0,0,0,0,0,5.2098217821782224,5.211376237623759,202
1700753040000,0,0,0,0,0,0,5.209931623931622,5.2111965811965835,117
1700753100000,0,0,0,0,0,0,5.210507788162007,5.211728971962627,321
1700753160000,0,0,0,0,0,0,5.205921232876705,5.207034246575317,292
1700753220000,0,0,0,0,0,0,5.196081658291486,5.197805276381899,796
1700753280000,0,0,0,0,0,0,5.198466494845371,5.199788659793835,388
1700753340000,0,0,0,0,0,0,5.200478964401288,5.201695792880251,309
1700753400000,0,0,0,0,0,0,5.206139664804459,5.207340782122917,358
1700753460000,0,0,0,0,0,0,5.201909756097567,5.203380487804872,410
1700753520000,0,0,0,0,0,0,5.19696551724137,5.198284482758612,232
1700753580000,0,0,0,0,0,0,5.206203045685288,5.20728426395939,197
1700753640000,0,0,0,0,0,0,5.215461340206191,5.2168659793814385,388
1700753700000,0,0,0,0,0,0,5.219053333333341,5.220086666666659,150
1700753760000,0,0,0,0,0,0,5.2197560975609685,5.22084878048781,205
1700753820000,0,0,0,0,0,0,5.221470023980805,5.222834532374078,417
1700753880000,0,0,0,0,0,0,5.218029629629631,5.219140740740742,135
1700753940000,0,0,0,0,0,0,5.216999999999997,5.218157142857138,140
1700754000000,0,0,0,0,0,0,5.213130841121493,5.214383177570099,107
1700754060000,0,0,0,0,0,0,5.211795321637427,5.21293567251461,171
1700754120000,0,0,0,0,0,0,5.215182108626201,5.216463258785968,313
1700754180000,0,0,0,0,0,0,5.217928571428571,5.219051020408168,98
1700754240000,0,0,0,0,0,0,5.218326086956514,5.219586956521733,184
1700754300000,0,0,0,0,0,0,5.2103524150268266,5.21184973166369,559
1700754360000,0,0,0,0,0,0,5.211285340314132,5.212476439790563,382
1700754420000,0,0,0,0,0,0,5.2087402597402495,5.209861471861459,231
1700754480000,0,0,0,0,0,0,5.2045223367697435,5.205656357388313,291
1700754540000,0,0,0,0,0,0,5.207465116279065,5.208709302325585,86
1700754600000,0,0,0,0,0,0,5.206218623481793,5.207469635627539,247
1700754660000,0,0,0,0,0,0,5.207902735562302,5.209176291793332,329
1700754720000,0,0,0,0,0,0,5.2058925619834655,5.206950413223131,121
1700754780000,0,0,0,0,0,0,5.20591964285714,5.206919642857146,112
1700754840000,0,0,0,0,0,0,5.1991071428571365,5.200164285714289,140
1700754900000,0,0,0,0,0,0,5.201014705882347,5.202257352941171,136
1700754960000,0,0,0,0,0,0,5.202940740740719,5.204166666666667,270
1700755020000,0,0,0,0,0,0,5.202831325301206,5.2042650602409495,249
1700755080000,0,0,0,0,0,0,5.199330645161299,5.200556451612906,124
1700755140000,0,0,0,0,0,0,5.205270072992719,5.207094890510976,274
1700755200000,0,0,0,0,0,0,5.208446043165457,5.209719424460425,139
1700755260000,0,0,0,0,0,0,5.2085850340136,5.209748299319717,147
1700755320000,0,0,0,0,0,0,5.206405472636858,5.207656716417932,402
1700755380000,0,0,0,0,0,0,5.211506437768234,5.212974248927041,233
1700755440000,0,0,0,0,0,0,5.209666666666673,5.210750000000008,144
1700755500000,0,0,0,0,0,0,5.209503937007867,5.210685039370076,127
1700755560000,0,0,0,0,0,0,5.207427983539092,5.208559670781892,243
1700755620000,0,0,0,0,0,0,5.206089108910894,5.20712871287129,101
1700755680000,0,0,0,0,0,0,5.210885167464117,5.211918660287076,209
1700756100000,0,0,0,0,0,0,5.212,5.213,1
1700756160000,0,0,0,0,0,0,5.2120000000000015,5.213066666666665,15
1700756220000,0,0,0,0,0,0,5.215510204081631,5.216741496598638,147
1700756280000,0,0,0,0,0,0,5.21516279069767,5.216232558139536,86
1700756340000,0,0,0,0,0,0,5.2140499999999985,5.215050000000002,20
1700756400000,0,0,0,0,0,0,5.213388489208635,5.2145755395683535,139
1700756460000,0,0,0,0,0,0,5.212610328638487,5.213699530516428,213
1700756520000,0,0,0,0,0,0,5.214719999999992,5.215856,125
1700756580000,0,0,0,0,0,0,5.219630434782604,5.220864130434771,184
1700756640000,0,0,0,0,0,0,5.223893081761019,5.225150943396234,159
1700756700000,0,0,0,0,0,0,5.224119047619044,5.225202380952384,84
1700756760000,0,0,0,0,0,0,5.219755813953498,5.220843023255814,172
1700756820000,0,0,0,0,0,0,5.220339285714289,5.2213750000000045,56
1700756880000,0,0,0,0,0,0,5.221129629629633,5.2222407407407445,54
1700756940000,0,0,0,0,0,0,5.2224843750000005,5.223578124999995,64
1700757000000,0,0,0,0,0,0,5.222447619047618,5.223714285714284,105
1700757060000,0,0,0,0,0,0,5.222188118811877,5.223237623762376,101
1700757120000,0,0,0,0,0,0,5.219559999999998,5.220573333333343,75
1700757180000,0,0,0,0,0,0,5.217558510638305,5.218638297872346,188
1700757240000,0,0,0,0,0,0,5.220435555555558,5.221755555555558,225
1700757300000,0,0,0,0,0,0,5.221335664335659,5.22246853146852,143
1700757360000,0,0,0,0,0,0,5.221112582781448,5.222178807947015,151
1700757420000,0,0,0,0,0,0,5.221999999999995,5.223063636363645,110
1700757480000,0,0,0,0,0,0,5.220818181818196,5.222017045454546,176
1700757540000,0,0,0,0,0,0,5.219144927536241,5.220224637681173,138
1700757600000,0,0,0,0,0,0,5.219962616822439,5.22097196261682,107
1700757660000,0,0,0,0,0,0,5.220464285714282,5.221557142857132,140
1700757720000,0,0,0,0,0,0,5.217468749999991,5.218604166666655,288
1700757780000,0,0,0,0,0,0,5.217695035460987,5.218737588652499,141
1700757840000,0,0,0,0,0,0,5.216729411764706,5.217811764705887,85
1700757900000,0,0,0,0,0,0,5.215182926829259,5.216195121951224,82
1700757960000,0,0,0,0,0,0,5.212673469387744,5.213727891156477,147
1700758020000,0,0,0,0,0,0,5.212639269406382,5.213652968036533,219
1700758080000,0,0,0,0,0,0,5.219318681318677,5.220384615384625,273
1700758140000,0,0,0,0,0,0,5.222954773869337,5.224095477386929,199
1700758200000,0,0,0,0,0,0,5.220127272727282,5.22121818181819,110
1700758260000,0,0,0,0,0,0,5.219125714285718,5.220165714285728,175
1700758320000,0,0,0,0,0,0,5.217429629629622,5.218585185185201,135
1700758380000,0,0,0,0,0,0,5.214517857142854,5.2156428571428535,112
1700758440000,0,0,0,0,0,0,5.213586666666665,5.2147333333333314,75
1700758500000,0,0,0,0,0,0,5.215245283018864,5.216518867924527,106
1700758560000,0,0,0,0,0,0,5.216811111111115,5.217844444444448,90
1700758620000,0,0,0,0,0,0,5.218534883720939,5.219666666666672,129
1700758680000,0,0,0,0,0,0,5.219576271186443,5.220661016949155,59
1700758740000,0,0,0,0,0,0,5.217627272727252,5.21885000000001,220
1700758800000,0,0,0,0,0,0,5.215226950354617,5.216489361702125,141
1700758860000,0,0,0,0,0,0,5.216599250936328,5.217726591760305,267
1700758920000,0,0,0,0,0,0,5.2188188405797264,5.220047101449285,276
1700758980000,0,0,0,0,0,0,5.220224637681157,5.221405797101437,138
1700759040000,0,0,0,0,0,0,5.222561290322586,5.223845161290331,155
1700759100000,0,0,0,0,0,0,5.223846153846166,5.2249230769230754,78
1700759160000,0,0,0,0,0,0,5.226794701986772,5.227976821192066,302
1700759220000,0,0,0,0,0,0,5.2292887323943695,5.230366197183097,142
1700759280000,0,0,0,0,0,0,5.228137931034482,5.229234482758616,145
1700759340000,0,0,0,0,0,0,5.234651583710398,5.23591402714934,221
1700759400000,0,0,0,0,0,0,5.23395161290323,5.235112903225809,62
1700759460000,0,0,0,0,0,0,5.22965909090911,5.230960227272737,176
1700759520000,0,0,0,0,0,0,5.230275000000009,5.2313062499999985,160
1700759580000,0,0,0,0,0,0,5.230940170940165,5.231974358974363,117
1700759640000,0,0,0,0,0,0,5.233767441860449,5.234911627906983,215
1700759700000,0,0,0,0,0,0,5.234516949152541,5.235809322033881,236
1700759760000,0,0,0,0,0,0,5.233884244372972,5.235083601286167,311
1700759820000,0,0,0,0,0,0,5.232640000000001,5.233640000000005,50
1700759880000,0,0,0,0,0,0,5.232275449101793,5.233323353293391,167
1700759940000,0,0,0,0,0,0,5.235585062240685,5.236630705394207,241
1700760000000,0,0,0,0,0,0,5.2373521126760725,5.238399061032883,213
1700760060000,0,0,0,0,0,0,5.237128205128201,5.238147435897451,156
1700760120000,0,0,0,0,0,0,5.236470588235289,5.237490196078437,102
1700760180000,0,0,0,0,0,0,5.235291666666672,5.23633333333333,48
1700760240000,0,0,0,0,0,0,5.2340961538461475,5.23513461538462,104
1700760300000,0,0,0,0,0,0,5.2337674418604685,5.234813953488378,43
1700760360000,0,0,0,0,0,0,5.232518796992487,5.233533834586458,133
1700760420000,0,0,0,0,0,0,5.234075000000011,5.235105000000007,200
1700760480000,0,0,0,0,0,0,5.234623376623385,5.235720779220777,154
1700760540000,0,0,0,0,0,0,5.2340826771653495,5.235149606299194,254
1700760600000,0,0,0,0,0,0,5.233630952380944,5.234734126984134,252
1700760660000,0,0,0,0,0,0,5.2327233009708545,5.233990291262131,206
1700760720000,0,0,0,0,0,0,5.230258064516129,5.231290322580642,31
1700760780000,0,0,0,0,0,0,5.2333804878048875,5.234414634146352,205
1700760840000,0,0,0,0,0,0,5.233746093749981,5.234851562499977,256
1700760900000,0,0,0,0,0,0,5.2327619047618805,5.2338315018314745,273
1700760960000,0,0,0,0,0,0,5.231185314685322,5.232216783216772,286
1700761020000,0,0,0,0,0,0,5.23024183006534,5.231274509803921,459
1700761080000,0,0,0,0,0,0,5.229971880492103,5.2309736379614025,569
1700761140000,0,0,0,0,0,0,5.229100854700817,5.2301094017094165,585
1700761200000,0,0,0,0,0,0,5.230061538461546,5.231073076923126,520
1700761260000,0,0,0,0,0,0,5.2295871313673,5.230632707774807,746
1700761320000,0,0,0,0,0,0,5.231079365079379,5.232079365079359,504
1700761380000,0,0,0,0,0,0,5.232532467532451,5.233646753246735,385
1700761440000,0,0,0,0,0,0,5.230594323873129,5.231594323873193,599
1700761500000,0,0,0,0,0,0,5.230374736842149,5.231397894736835,475
1700761560000,0,0,0,0,0,0,5.232015053763427,5.23302795698922,465
1700761620000,0,0,0,0,0,0,5.236648648648671,5.237725225225232,222
1700761680000,0,0,0,0,0,0,5.235502617801041,5.236539267015708,191
1700761740000,0,0,0,0,0,0,5.239835589941974,5.240887814313366,517
1700761800000,0,0,0,0,0,0,5.242459459459437,5.243506756756749,444
1700761860000,0,0,0,0,0,0,5.241088932806314,5.242146245059323,506
1700761920000,0,0,0,0,0,0,5.238602459016371,5.239642076502717,732
1700761980000,0,0,0,0,0,0,5.239720279720285,5.2407575757575815,429
1700762040000,0,0,0,0,0,0,5.238406250000032,5.239520833333358,384
1700762100000,0,0,0,0,0,0,5.239364485981313,5.2404205607476575,107
1700762160000,0,0,0,0,0,0,5.2386054421768815,5.239775510204089,147
1700762220000,0,0,0,0,0,0,5.234869047619043,5.235908730158714,252
1700762280000,0,0,0,0,0,0,5.234236897274625,5.2352431865827915,477
1700762340000,0,0,0,0,0,0,5.233359550561801,5.234415730337085,89
1700762400000,0,0,0,0,0,0,5.235094339622647,5.236122641509433,106
1700762460000,0,0,0,0,0,0,5.232732758620679,5.233780172413771,232
1700762520000,0,0,0,0,0,0,5.23323357664233,5.234248175182487,137
1700762580000,0,0,0,0,0,0,5.233728813559323,5.234745762711868,59
1700762640000,0,0,0,0,0,0,5.230566225165578,5.231718543046351,302
1700762700000,0,0,0,0,0,0,5.231872053872046,5.23293602693602,297
1700762760000,0,0,0,0,0,0,5.237354166666685,5.2384609375,384
1700762820000,0,0,0,0,0,0,5.2424827586207075,5.243534482758634,174
1700762880000,1,0,6.0,0,6.0,1,5.2460703703703375,5.247166666666676,270
1700762940000,0,0,0,0,0,0,5.243132075471696,5.2441509433962255,53
1700763000000,0,0,0,0,0,0,5.239581967213112,5.240655737704923,122
1700763060000,0,0,0,0,0,0,5.238938864628829,5.240021834061147,229
1700763120000,0,0,0,0,0,0,5.238187943262416,5.2393014184397275,282
1700763180000,0,0,0,0,0,0,5.239207729468598,5.2402173913043395,207
1700763240000,0,0,0,0,0,0,5.239191709844585,5.240204663212439,386
1700763300000,0,0,0,0,0,0,5.23846616541354,5.239526315789475,133
1700763360000,0,0,0,0,0,0,5.238686390532553,5.239745562130188,169
1700763420000,0,0,0,0,0,0,5.239623529411765,5.240788235294112,85
1700763480000,0,0,0,0,0,0,5.240588235294111,5.241647058823533,85
1700763540000,0,0,0,0,0,0,5.24012745098039,5.241235294117644,102
1700763600000,0,0,0,0,0,0,5.2394893617021285,5.240553191489364,47
1700763660000,0,0,0,0,0,0,5.237440559440562,5.238566433566427,143
1700763720000,0,0,0,0,0,0,5.235999999999994,5.237000000000006,78
1700763780000,0,0,0,0,0,0,5.235212500000003,5.236262500000001,80
1700763840000,0,0,0,0,0,0,5.236069306930725,5.237092409240948,303
1700763900000,0,0,0,0,0,0,5.236000000000044,5.237000000000028,332
1700763960000,0,0,0,0,0,0,5.236117647058815,5.2371176470588345,119
1700764020000,0,0,0,0,0,0,5.235569060773477,5.236682320442,362
1700764080000,0,0,0,0,0,0,5.231826086956528,5.232913043478267,92
1700764140000,0,0,0,0,0,0,5.2321811023622065,5.2331889763779404,127
1700764200000,0,0,0,0,0,0,5.229891252955087,5.231033096926713,423
1700764260000,0,0,0,0,0,0,5.230933085501842,5.2319516728624835,538
1700764320000,0,0,0,0,0,0,5.23266556291395,5.233668874172132,604
1700764380000,0,0,0,0,0,0,5.234393258426973,5.235438202247198,178
1700764440000,0,0,0,0,0,0,5.232097959183668,5.233195918367334,245
1700764500000,0,0,0,0,0,0,5.233313186813191,5.234318681318685,182
1700764560000,0,0,0,0,0,0,5.2338744939271225,5.234874493927116,247
1700764620000,0,0,0,0,0,0,5.230887500000002,5.231949999999998,80
1700764680000,0,0,0,0,0,0,5.23017204301075,5.231279569892477,93
1700764740000,0,0,0,0,0,0,5.229619718309863,5.230690140845067,71
1700764800000,0,0,0,0,0,0,5.227481012658223,5.228556962025319,79
1700764860000,0,0,0,0,0,0,5.227929824561399,5.2289824561403435,114
1700764920000,0,0,0,0,0,0,5.2256037735849095,5.226650943396232,106
1700764980000,0,0,0,0,0,0,5.22206153846154,5.223153846153846,65
1700765040000,0,0,0,0,0,0,5.220026315789472,5.221052631578951,38
1700765100000,0,0,0,0,0,0,5.2248063063063155,5.225914414414426,222
1700765160000,0,0,0,0,0,0,5.224930232558148,5.225976744186045,86
1700765220000,0,0,0,0,0,0,5.228641379310349,5.2296827586206875,145
1700765280000,0,0,0,0,0,0,5.229313559322036,5.2303644067796675,118
1700765340000,0,0,0,0,0,0,5.230329545454545,5.231420454545465,88
1700765400000,0,0,0,0,0,0,5.233464285714287,5.234517857142856,112
1700765460000,0,0,0,0,0,0,5.2338846153846195,5.234951923076921,104
1700765520000,0,0,0,0,0,0,5.234000000000005,5.235029411764702,68
1700765580000,0,0,0,0,0,0,5.2332650602409725,5.2344578313253045,83
1700765640000,0,0,0,0,0,0,5.2314782608695625,5.2325543478261,92
1700765700000,0,0,0,0,0,0,5.2319393939393946,5.232984848484845,66
1700765760000,0,0,0,0,0,0,5.233000000000002,5.234000000000002,42
1700765820000,0,0,0,0,0,0,5.230586021505385,5.231629032258053,186
1700765880000,0,0,0,0,0,0,5.232,5.233000000000002,28
1700765940000,0,0,0,0,0,0,5.232,5.233000000000002,47
1700766000000,0,0,0,0,0,0,5.232882882882883,5.2339009009009025,111
1700766060000,0,0,0,0,0,0,5.234657894736853,5.2357000000000244,380
1700766120000,0,0,0,0,0,0,5.2319189189189075,5.23294144144145,222
1700766180000,0,0,0,0,0,0,5.229322330097113,5.230378640776678,515
1700766240000,0,0,0,0,0,0,5.224405977584049,5.225424657534299,803
1700766300000,0,0,0,0,0,0,5.2188418514946635,5.219852459016377,1037
1700766360000,0,0,0,0,0,0,5.215893772893802,5.21691208791209,819
1700766420000,0,0,0,0,0,0,5.215425698324014,5.21643016759771,895
1700766480000,0,0,0,0,0,0,5.218326186830053,5.219335375191348,653
1700766540000,0,0,0,0,0,0,5.215050644567174,5.216245856353633,1086
1700766600000,0,0,0,0,0,0,5.215589123867091,5.216688821752281,331
1700766660000,0,0,0,0,0,0,5.220380319148943,5.221390957446802,376
1700766720000,0,0,0,0,0,0,5.221335877862608,5.222354961832059,262
1700766780000,0,0,0,0,0,0,5.22240123456789,5.223419753086439,162
1700766840000,0,0,0,0,0,0,5.224717391304357,5.225746376811598,138
1700766900000,0,0,0,0,0,0,5.223785714285718,5.2250119047619155,168
1700766960000,0,0,0,0,0,0,5.227504237288133,5.228555084745748,236
1700767020000,0,0,0,0,0,0,5.2322631578947405,5.2332857142857225,133
1700767080000,0,0,0,0,0,0,5.236471264367823,5.2374885057471365,174
1700767140000,0,0,0,0,0,0,5.240007246376814,5.241094202898552,138
1700767200000,0,0,0,0,0,0,5.239912698412698,5.240976190476198,126
1700767260000,0,0,0,0,0,0,5.235768786127171,5.236786127167634,173
1700767320000,0,0,0,0,0,0,5.23612605042016,5.23721848739496,119
1700767380000,0,0,0,0,0,0,5.235172413793104,5.236264367816099,87
1700767440000,0,0,0,0,0,0,5.235371794871796,5.236410256410254,78
1700767500000,0,0,0,0,0,0,5.235317567567572,5.236378378378369,148
1700767560000,0,0,0,0,0,0,5.235044247787616,5.236106194690258,113
1700767620000,0,0,0,0,0,0,5.23493617021277,5.235985815602844,141
1700767680000,0,0,0,0,0,0,5.236968253968266,5.238039682539683,126
1700767740000,0,0,0,0,0,0,5.237433962264154,5.238481132075475,106
1700767800000,0,0,0,0,0,0,5.2360945945945945,5.237121621621618,74
1700767860000,0,0,0,0,0,0,5.2364811320754825,5.2375000000000025,106
1700767920000,0,0,0,0,0,0,5.239109243697486,5.240117647058823,119
1700767980000,0,0,0,0,0,0,5.239460937500006,5.240515624999993,128
1700768040000,0,0,0,0,0,0,5.238693877551022,5.239721088435375,147
1700768100000,0,0,0,0,0,0,5.2414666666666685,5.242561904761912,105
1700768160000,0,0,0,0,0,0,5.240185393258423,5.241275280898885,178
1700768220000,0,0,0,0,0,0,5.241659574468084,5.242670212765955,94
1700768280000,0,0,0,0,0,0,5.241357142857141,5.242392857142855,56
1700768340000,0,0,0,0,0,0,5.242840909090905,5.243840909090908,44
1700768400000,0,0,0,0,0,0,5.240593750000001,5.241656249999992,96
1700768460000,0,0,0,0,0,0,5.239523316062181,5.240575129533684,193
1700768520000,0,0,0,0,0,0,5.240300000000004,5.241333333333326,60
1700768580000,0,0,0,0,0,0,5.240000000000002,5.240999999999993,42
1700768640000,0,0,0,0,0,0,5.239999999999999,5.240999999999998,28
1700768700000,0,0,0,0,0,0,5.239999999999999,5.240999999999998,28
1700768760000,0,0,0,0,0,0,5.24270588235295,5.243780748663093,187
1700768820000,0,0,0,0,0,0,5.244604477611951,5.245791044776116,134
1700768880000,0,0,0,0,0,0,5.244083333333336,5.24520833333333,72
1700768940000,0,0,0,0,0,0,5.245220000000004,5.246240000000003,50
1700769000000,0,0,0,0,0,0,5.246452830188684,5.247547169811319,53
1700769060000,0,0,0,0,0,0,5.249246511627912,5.25031162790696,215
1700769120000,0,0,0,0,0,0,5.248893617021273,5.2499787234042525,47
1700769180000,0,0,0,0,0,0,5.246918367346943,5.247938775510207,49
1700769240000,0,0,0,0,0,0,5.244545454545458,5.245584415584424,77
1700769300000,0,0,0,0,0,0,5.244745454545459,5.24578181818182,55
1700769360000,0,0,0,0,0,0,5.241318181818194,5.242389610389608,154
1700769420000,0,0,0,0,0,0,5.239622807017545,5.240824561403513,114
1700769480000,0,0,0,0,0,0,5.239235294117645,5.2403529411764715,17
1700769540000,0,0,0,0,0,0,5.2381818181818245,5.239238636363636,88
1700769600000,0,0,0,0,0,0,5.2381621621621655,5.239234234234236,111
1700769660000,0,0,0,0,0,0,5.237965189873449,5.23903797468356,316
1700769720000,0,0,0,0,0,0,5.239357466063352,5.240380090497736,221
1700769780000,0,0,0,0,0,0,5.239580000000008,5.240673333333334,150
1700769840000,0,0,0,0,0,0,5.240950000000007,5.2421374999999975,80
1700769900000,0,0,0,0,0,0,5.240758620689658,5.2418448275862035,174
1700769960000,0,0,0,0,0,0,5.2448603773584805,5.246000000000005,265
1700770020000,0,0,0,0,0,0,5.245050000000008,5.246075,80
1700770080000,0,0,0,0,0,0,5.2466486486486525,5.247756756756755,37
1700770140000,0,0,0,0,0,0,5.245791666666668,5.246854166666672,48
1700770200000,0,0,0,0,0,0,5.24367567567568,5.244846846846855,111
1700770260000,0,0,0,0,0,0,5.243459459459458,5.2444594594594705,74
1700770320000,0,0,0,0,0,0,5.240297520661164,5.241322314049586,121
1700770380000,0,0,0,0,0,0,5.2390000000000025,5.24,33
1700770440000,0,0,0,0,0,0,5.239000000000002,5.2399999999999975,22
1700770500000,0,0,0,0,0,0,5.240820512820507,5.241846153846152,39
1700770560000,0,0,0,0,0,0,5.241432098765428,5.242481481481486,81
1700770620000,0,0,0,0,0,0,5.243000000000001,5.244,8
1700770680000,0,0,0,0,0,0,5.245546666666673,5.24656,75
1700770740000,0,0,0,0,0,0,5.244296296296293,5.245345679012356,81
1700770800000,0,0,0,0,0,0,5.247360000000008,5.248439999999996,100
1700770860000,0,0,0,0,0,0,5.247448275862077,5.248465517241375,58
1700770920000,0,0,0,0,0,0,5.24618604651163,5.247186046511632,43
1700770980000,0,0,0,0,0,0,5.244868686868699,5.245898989898994,99
1700771040000,0,0,0,0,0,0,5.248267326732685,5.249490099009892,202
1700771100000,0,0,0,0,0,0,5.2490000000000006,5.25,14
1700771160000,0,0,0,0,0,0,5.24840229885057,5.249448275862079,87
1700771220000,0,0,0,0,0,0,5.248648648648645,5.249648648648649,37
1700771280000,0,0,0,0,0,0,5.248638888888886,5.249722222222223,36
1700771340000,0,0,0,0,0,0,5.248000000000001,5.249037037037034,27
1700771400000,0,0,0,0,0,0,5.247999999999997,5.248999999999997,46
1700771460000,0,0,0,0,0,0,5.245390697674428,5.24642325581395,215
1700771520000,0,0,0,0,0,0,5.244710526315801,5.245780701754384,114
1700771580000,0,0,0,0,0,0,5.242832402234637,5.243865921787718,179
1700771640000,0,0,0,0,0,0,5.24131858407079,5.2423274336283265,113
1700771700000,0,0,0,0,0,0,5.242792134831466,5.243831460674176,178
1700771760000,0,0,0,0,0,0,5.240217532467546,5.241253246753259,308
1700771820000,0,0,0,0,0,0,5.236662068965512,5.237682758620684,145
1700771880000,0,0,0,0,0,0,5.2359999999999935,5.236999999999999,126
1700771940000,0,0,0,0,0,0,5.2359999999999935,5.236999999999998,127
1700772000000,0,0,0,0,0,0,5.236629213483157,5.237640449438201,89
1700772060000,0,0,0,0,0,0,5.237555555555553,5.238569444444438,72
1700772120000,0,0,0,0,0,0,5.238398230088492,5.239415929203541,113
1700772180000,0,0,0,0,0,0,5.239899999999995,5.240969999999997,100
1700772240000,0,0,0,0,0,0,5.237947368421052,5.239026315789475,38
1700772300000,0,0,0,0,0,0,5.238812499999996,5.239875000000006,64
1700772360000,0,0,0,0,0,0,5.236179611650496,5.237194174757273,206
1700772420000,0,0,0,0,0,0,5.234940740740736,5.2359777777777845,135
1700772480000,0,0,0,0,0,0,5.238,5.239000000000002,23
1700772540000,0,0,0,0,0,0,5.239463768115947,5.240594202898545,69
1700772600000,0,0,0,0,0,0,5.241267973856216,5.24237908496732,153
1700772660000,0,0,0,0,0,0,5.238751592356699,5.239777070063695,157
1700772720000,0,0,0,0,0,0,5.239538461538457,5.240725274725273,91
1700772780000,0,0,0,0,0,0,5.248474209650577,5.249693843594019,601
1700772840000,0,0,0,0,0,0,5.245576530612242,5.24688265306122,196
1700772900000,0,0,0,0,0,0,5.245000000000003,5.246000000000001,52
1700772960000,0,0,0,0,0,0,5.245259493670883,5.246265822784807,158
1700773020000,0,0,0,0,0,0,5.2465,5.247516666666672,60
1700773080000,0,0,0,0,0,0,5.248425373134343,5.249447761194028,134
1700773140000,0,0,0,0,0,0,5.249334763948513,5.250519313304711,233
1700773200000,0,0,0,0,0,0,5.24843689320389,5.249504854368935,103
1700773260000,0,0,0,0,0,0,5.2519093749999755,5.253003125000004,320
1700773320000,0,0,0,0,0,0,5.253612244897966,5.254709183673467,196
1700773380000,0,0,0,0,0,0,5.2542122905027835,5.2553221601490065,537
1700773440000,0,0,0,0,0,0,5.261355329949241,5.262517766497467,197
1700773500000,0,0,0,0,0,0,5.266015290519902,5.267541284403687,327
1700773560000,0,0,0,0,0,0,5.265695348837195,5.266774418604644,430
1700773620000,0,0,0,0,0,0,5.268917910447761,5.27020646766169,402
1700773680000,0,0,0,0,0,0,5.267726190476208,5.268773809523818,168
1700773740000,0,0,0,0,0,0,5.270963133640554,5.2721935483870865,217
1700773800000,0,0,0,0,0,0,5.273658536585366,5.274731707317064,164
1700773860000,0,0,0,0,0,0,5.270570731707311,5.2716243902438835,205
1700773920000,0,0,0,0,0,0,5.266249110320295,5.267323843416404,281
1700773980000,0,0,0,0,0,0,5.2643398058252355,5.265446601941749,103
1700774040000,0,0,0,0,0,0,5.260796296296293,5.261888888888888,54
1700774100000,0,0,0,0,0,0,5.261026666666676,5.262139999999999,150
1700774160000,0,0,0,0,0,0,5.264902222222211,5.2659511111110975,225
1700774220000,0,0,0,0,0,0,5.2647684210526275,5.265863157894752,190
1700774280000,0,0,0,0,0,0,5.264495934959344,5.2656260162601605,123
1700774340000,0,0,0,0,0,0,5.263089999999997,5.26421999999999,100
1700774400000,0,0,0,0,0,0,5.2614729729729754,5.26251351351351,74
1700774460000,0,0,0,0,0,0,5.262718750000002,5.264072916666654,96
1700774520000,0,0,0,0,0,0,5.262,5.2630000000000035,35
1700774580000,0,0,0,0,0,0,5.259993055555561,5.2610555555555445,144
1700774640000,0,0,0,0,0,0,5.2604204545454465,5.261676136363624,176
1700774700000,0,0,0,0,0,0,5.261047169811321,5.262245283018868,106
1700774760000,0,0,0,0,0,0,5.2598500000000055,5.260978571428569,140
1700774820000,0,0,0,0,0,0,5.256618644067792,5.2576440677966065,118
1700774880000,0,0,0,0,0,0,5.258044692737432,5.2592458100558686,179
1700774940000,0,0,0,0,0,0,5.258289473684212,5.259315789473686,38
1700775000000,0,0,0,0,0,0,5.258557142857151,5.2595571428571395,70
1700775060000,0,0,0,0,0,0,5.259397590361454,5.26044578313253,83
1700775120000,0,0,0,0,0,0,5.257264150943394,5.258283018867922,106
1700775180000,0,0,0,0,0,0,5.256537037037017,5.25760493827161,162
1700775240000,0,0,0,0,0,0,5.253641025641039,5.254673076923087,156
1700775300000,0,0,0,0,0,0,5.253404761904767,5.254416666666664,84
1700775360000,0,0,0,0,0,0,5.255641025641021,5.256666666666654,117
1700775420000,0,0,0,0,0,0,5.254125000000005,5.2551374999999965,80
1700775480000,0,0,0,0,0,0,5.255576470588224,5.256652941176449,170
1700775540000,0,0,0,0,0,0,5.254090909090909,5.255090909090906,33
1700775600000,0,0,0,0,0,0,5.251553191489364,5.252595744680854,47
1700775660000,0,0,0,0,0,0,5.250819078947391,5.251888157894743,304
1700775720000,0,0,0,0,0,0,5.247149253731339,5.24850746268657,67
1700775780000,0,0,0,0,0,0,5.250142857142854,5.251190476190481,63
1700775840000,0,0,0,0,0,0,5.249590000000001,5.250819999999992,100
1700775900000,0,0,0,0,0,0,5.248622950819678,5.2499999999999885,183
1700775960000,0,0,0,0,0,0,5.249594936708871,5.250594936708863,79
1700776020000,0,0,0,0,0,0,5.250779816513759,5.251816513761469,109
1700776080000,0,0,0,0,0,0,5.252000000000005,5.252999999999993,62
1700776140000,0,0,0,0,0,0,5.25285365853658,5.253902439024387,41
1700776200000,0,0,0,0,0,0,5.25271014492754,5.253782608695648,69
1700776260000,0,0,0,0,0,0,5.250977777777776,5.25200740740739,135
1700776320000,0,0,0,0,0,0,5.253391666666665,5.254674999999988,120
1700776380000,0,0,0,0,0,0,5.255666666666666,5.256714285714286,21
1700776440000,0,0,0,0,0,0,5.254333333333335,5.255433333333331,30
1700776500000,0,0,0,0,0,0,5.250953488372095,5.252418604651166,86
1700776560000,0,0,0,0,0,0,5.250333333333334,5.251420289855067,69
1700776620000,0,0,0,0,0,0,5.248550724637676,5.24960869565218,69
1700776680000,0,0,0,0,0,0,5.248984848484846,5.250075757575756,66
1700776740000,0,0,0,0,0,0,5.25,5.2509999999999994,14
1700776800000,0,0,0,0,0,0,5.248840909090905,5.250204545454546,44
1700776860000,0,0,0,0,0,0,5.249177033492835,5.25020095693779,209
1700776920000,0,0,0,0,0,0,5.248040983606553,5.2490655737705,122
1700776980000,0,0,0,0,0,0,5.2475762711864355,5.248627118644071,59
1700777040000,0,0,0,0,0,0,5.249820224719092,5.251095505617961,178
1700777100000,0,0,0,0,0,0,5.25,5.251864661654134,133
1700777160000,0,0,0,0,0,0,5.250711538461519,5.2521666666666675,312
1700777220000,0,0,0,0,0,0,5.250937500000005,5.252083333333329,48
1700777280000,0,0,0,0,0,0,5.252000000000005,5.252999999999992,78
1700777340000,0,0,0,0,0,0,5.24956108597286,5.251212669683252,221
1700777400000,0,0,0,0,0,0,5.25,5.2509999999999915,81
1700777460000,0,0,0,0,0,0,5.249388297872351,5.250436170212762,188
1700777520000,0,0,0,0,0,0,5.249000000000007,5.25,73
1700777580000,0,0,0,0,0,0,5.250285714285718,5.251406593406584,91
1700777640000,0,0,0,0,0,0,5.247905172413801,5.249362068965511,116
1700777700000,0,0,0,0,0,0,5.248863636363634,5.250318181818182,44
1700777760000,0,0,0,0,0,0,5.249200000000004,5.250442105263148,95
1700777820000,0,0,0,0,0,0,5.247145161290327,5.248435483870963,62
1700777880000,0,0,0,0,0,0,5.248064516129043,5.249666666666655,93
1700777940000,0,0,0,0,0,0,5.250106382978712,5.251755319148936,94
1700778000000,0,0,0,0,0,0,5.249419354838712,5.251306451612901,62
1700778060000,0,0,0,0,0,0,5.250733333333325,5.252209523809522,105
1700778120000,0,0,0,0,0,0,5.250074074074075,5.251074074074076,27
1700778180000,0,0,0,0,0,0,5.2506785714285735,5.251714285714285,28
1700778240000,0,0,0,0,0,0,5.24757954545454,5.248602272727258,176
1700778300000,0,0,0,0,0,0,5.243429629629626,5.244570370370354,270
1700778360000,0,0,0,0,0,0,5.241741071428565,5.242790178571426,224
1700778420000,0,0,0,0,0,0,5.240491525423734,5.241550847457625,118
1700778480000,0,0,0,0,0,0,5.2449999999999966,5.246046874999987,128
1700778540000,0,0,0,0,0,0,5.247141176470586,5.248188235294121,85
1700778600000,0,0,0,0,0,0,5.246666666666671,5.24766666666667,48
1700778660000,0,0,0,0,0,0,5.24875177304966,5.249815602836879,141
1700778720000,0,0,0,0,0,0,5.250705128205122,5.25174358974359,78
1700778780000,0,0,0,0,0,0,5.252190217391301,5.253423913043476,184
1700778840000,0,0,0,0,0,0,5.248999999999997,5.25,45
1700778900000,0,0,0,0,0,0,5.249340909090907,5.250371212121221,132
1700778960000,0,0,0,0,0,0,5.2459090909090875,5.2469760765550095,209
1700779020000,0,0,0,0,0,0,5.244724137931037,5.245793103448275,58
1700779080000,0,0,0,0,0,0,5.243941176470598,5.245517647058828,85
1700779140000,0,0,0,0,0,0,5.24633333333334,5.247345679012344,81
1700779200000,0,0,0,0,0,0,5.247166666666669,5.248203703703701,54
1700779260000,0,0,0,0,0,0,5.244197452229323,5.245197452229308,157
1700779320000,0,0,0,0,0,0,5.243301075268817,5.244354838709688,93
1700779380000,0,0,0,0,0,0,5.245196850393697,5.246259842519688,127
1700779440000,0,0,0,0,0,0,5.24546774193549,5.2465322580645095,124
1700779500000,0,0,0,0,0,0,5.245250000000005,5.246250000000001,44
1700779560000,0,0,0,0,0,0,5.246000000000003,5.247000000000005,49
1700779620000,0,0,0,0,0,0,5.246000000000003,5.247000000000005,49
1700779680000,0,0,0,0,0,0,5.246000000000001,5.247000000000005,37
1700779740000,0,0,0,0,0,0,5.246000000000002,5.247000000000005,50
1700779800000,0,0,0,0,0,0,5.2450500000000035,5.246099999999998,60
1700779860000,0,0,0,0,0,0,5.245000000000003,5.246000000000002,40
1700779920000,0,0,0,0,0,0,5.245224137931038,5.246241379310344,58
1700779980000,0,0,0,0,0,0,5.247023255813961,5.248046511627909,86
1700780040000,0,0,0,0,0,0,5.247350877192989,5.248350877192976,57
1700780100000,0,0,0,0,0,0,5.246999999999994,5.248000000000009,135
1700780160000,0,0,0,0,0,0,5.247000000000007,5.247999999999995,67
1700780220000,0,0,0,0,0,0,5.248759493670894,5.249759493670886,79
1700780280000,0,0,0,0,0,0,5.252011560693648,5.253046242774565,173
1700780340000,0,0,0,0,0,0,5.2525865384615305,5.253663461538461,104
1700780400000,0,0,0,0,0,0,5.252387387387392,5.2534504504504485,111
1700780460000,0,0,0,0,0,0,5.2545524861878485,5.255602209944745,181
1700780520000,0,0,0,0,0,0,5.256137499999994,5.257162500000005,80
1700780580000,0,0,0,0,0,0,5.257049504950496,5.258059405940593,101
1700780640000,0,0,0,0,0,0,5.257584507042253,5.2586408450704205,142
1700780700000,0,0,0,0,0,0,5.259659999999997,5.260679999999999,50
1700780760000,0,0,0,0,0,0,5.25822641509435,5.25925786163522,159
1700780820000,0,0,0,0,0,0,5.262916996047422,5.263932806324123,253
1700780880000,0,0,0,0,0,0,5.263610027855135,5.264646239554315,359
1700780940000,0,0,0,0,0,0,5.2606465116278995,5.261706976744164,215
1700781000000,0,0,0,0,0,0,5.262032171581754,5.263048257372626,373
1700781060000,0,0,0,0,0,0,5.260236363636367,5.261254545454546,110
1700781120000,0,0,0,0,0,0,5.257342342342341,5.258351351351351,111
1700781180000,0,0,0,0,0,0,5.257919161676673,5.2589281437125885,334
1700781240000,0,0,0,0,0,0,5.258000000000012,5.259000000000009,172
1700781300000,0,0,0,0,0,0,5.258933333333336,5.259966666666667,30
1700781360000,0,0,0,0,0,0,5.258689560439581,5.259706043956048,364
1700781420000,0,0,0,0,0,0,5.256260456273755,5.257262357414482,526
1700781480000,0,0,0,0,0,0,5.256312030075192,5.2573383458646585,266
1700781540000,0,0,0,0,0,0,5.256338624338657,5.257338624338643,378
1700781600000,0,0,0,0,0,0,5.2543553530751765,5.255373576309765,439
1700781660000,0,0,0,0,0,0,5.2517184801381545,5.252721934369626,579
1700781720000,0,0,0,0,0,0,5.25,5.251000000000034,503
1700781780000,0,0,0,0,0,0,5.250166666666662,5.251183333333315,240
1700781840000,0,0,0,0,0,0,5.25003448275862,5.251034482758623,29
1700781900000,0,0,0,0,0,0,5.24985977859779,5.250900369003677,271
1700781960000,0,0,0,0,0,0,5.2474042553191405,5.248439716312054,141
1700782020000,0,0,0,0,0,0,5.2449673913043435,5.24614130434783,92
1700782080000,0,0,0,0,0,0,5.242919540229886,5.243942528735635,87
1700782140000,0,0,0,0,0,0,5.241,5.241999999999999,13
1700782200000,0,0,0,0,0,0,5.241864864864864,5.242891891891892,37
1700782260000,0,0,0,0,0,0,5.243172043010756,5.244204301075275,93
1700782320000,0,0,0,0,0,0,5.2460344827586285,5.247137931034479,87
1700782380000,0,0,0,0,0,0,5.244727891156469,5.245918367346938,147
1700782440000,0,0,0,0,0,0,5.247982456140352,5.249017543859647,57
1700782500000,0,0,0,0,0,0,5.2464731182795665,5.247612903225808,93
1700782560000,0,0,0,0,0,0,5.24502816901409,5.246035211267594,142
1700782620000,0,0,0,0,0,0,5.245418749999994,5.246424999999979,160
1700782680000,0,0,0,0,0,0,5.24296618357486,5.244053140096636,207
1700782740000,0,0,0,0,0,0,5.2415248618784505,5.242524861878434,181
1700782800000,0,0,0,0,0,0,5.241667334669343,5.2427555110220405,499
1700782860000,0,0,0,0,0,0,5.242231999999996,5.243375999999999,125
1700782920000,0,0,0,0,0,0,5.240113207547171,5.241150943396219,53
1700782980000,0,0,0,0,0,0,5.239241379310345,5.24036206896552,58
1700783040000,0,0,0,0,0,0,5.2390000000000025,5.240000000000003,46
1700783100000,0,0,0,0,0,0,5.238999999999999,5.240000000000001,7
1700783160000,0,0,0,0,0,0,5.2373856209150285,5.238392156862767,153
1700783220000,0,0,0,0,0,0,5.236999999999996,5.238000000000028,205
1700783280000,0,0,0,0,0,0,5.239726114649674,5.240745222929921,157
1700783340000,0,0,0,0,0,0,5.239876146789007,5.240917431192666,218
1700783400000,0,0,0,0,0,0,5.240699316628713,5.241703872437334,439
1700783460000,0,0,0,0,0,0,5.240999999999991,5.241999999999988,191
1700783520000,0,0,0,0,0,0,5.240645161290322,5.241653225806451,124
1700783580000,0,0,0,0,0,0,5.238484848484848,5.239505050505042,99
1700783640000,0,0,0,0,0,0,5.237073170731715,5.2380853658536575,82
1700783700000,0,0,0,0,0,0,5.237697986577202,5.238697986577185,149
1700783760000,0,0,0,0,0,0,5.2369202127659555,5.237925531914899,188
1700783820000,0,0,0,0,0,0,5.239094339622635,5.240113207547178,106
1700783880000,0,0,0,0,0,0,5.240083333333334,5.241125000000001,48
1700783940000,0,0,0,0,0,0,5.238947368421047,5.239968421052632,95
1700784000000,0,0,0,0,0,0,5.237681818181817,5.238696969696963,66
1700784060000,0,0,0,0,0,0,5.237993902439028,5.239054878048798,164
1700784120000,0,0,0,0,0,0,5.237514492753632,5.238579710144925,138
1700784180000,0,0,0,0,0,0,5.242214285714288,5.243313186813186,182
1700784240000,0,0,0,0,0,0,5.24064705882352,5.24164705882353,68
1700784300000,0,0,0,0,0,0,5.241646153846155,5.242661538461536,65
1700784360000,0,0,0,0,0,0,5.241999999999998,5.242999999999997,54
1700784420000,0,0,0,0,0,0,5.239090395480242,5.240158192090405,177
1700784480000,0,0,0,0,0,0,5.235031746031739,5.236058201058207,189
1700784540000,0,0,0,0,0,0,5.236206250000007,5.2372312500000024,160
1700784600000,0,0,0,0,0,0,5.232286908077983,5.233540389972125,359
1700784660000,0,0,0,0,0,0,5.23190556900725,5.232941888619836,413
1700784720000,0,0,0,0,0,0,5.235648780487794,5.236652032520373,615
1700784780000,0,0,0,0,0,0,5.235999999999938,5.2370000000000525,1539
1700784840000,0,0,0,0,0,0,5.234908558888201,5.235910021945862,1367
1700784900000,0,0,0,0,0,0,5.231448183041616,5.232454912516871,1486
1700784960000,0,0,0,0,0,0,5.234651026392899,5.235662756598216,682
1700785020000,0,0,0,0,0,0,5.23619254658385,5.23728571428572,161
1700785080000,0,0,0,0,0,0,5.241227272727286,5.242301136363642,176
1700785140000,0,0,0,0,0,0,5.249421455938692,5.250455938697313,261
1700785200000,0,0,0,0,0,0,5.2459039145907305,5.246967971530222,281
1700785260000,0,0,0,0,0,0,5.244369003690032,5.245479704797063,271
1700785320000,0,0,0,0,0,0,5.247989247311831,5.249086021505383,186
1700785380000,0,0,0,0,0,0,5.2517466666666675,5.252893333333343,150
1700785440000,0,0,0,0,0,0,5.25411363636363,5.255261363636354,176
1700785500000,0,0,0,0,0,0,5.259282051282083,5.260784615384626,390
1700785560000,0,0,0,0,0,0,5.254962962962982,5.256041152263379,243
1700785620000,0,0,0,0,0,0,5.259873015873013,5.260984126984114,189
1700785680000,0,0,0,0,0,0,5.257945147679323,5.259075949367105,237
1700785740000,0,0,0,0,0,0,5.255999999999981,5.257043165467621,139
1700785800000,0,0,0,0,0,0,5.256291208791193,5.257340659340635,182
1700785860000,0,0,0,0,0,0,5.2566982248521,5.257822485207122,338
1700785920000,0,0,0,0,0,0,5.255442105263141,5.256463157894719,190
1700785980000,0,0,0,0,0,0,5.258671641791054,5.259691542288555,201
1700786040000,0,0,0,0,0,0,5.260086580086566,5.261099567099529,231
1700786100000,0,0,0,0,0,0,5.262441640378501,5.263514195583624,317
1700786160000,0,0,0,0,0,0,5.262811926605489,5.263903669724767,218
1700786220000,0,0,0,0,0,0,5.263705357142866,5.264714285714278,224
1700786280000,0,0,0,0,0,0,5.264334285714266,5.265382857142878,350
1700786340000,0,0,0,0,0,0,5.260760714285691,5.261771428571392,280
1700786400000,0,0,0,0,0,0,5.262317180616711,5.263339207048441,227
1700786460000,0,0,0,0,0,0,5.2621115107913345,5.263115107913651,278
1700786520000,0,0,0,0,0,0,5.258213855421724,5.259234939759053,332
1700786580000,0,0,0,0,0,0,5.257364285714281,5.258371428571438,280
1700786640000,0,0,0,0,0,0,5.259414746543768,5.260479262672796,217
1700786700000,0,0,0,0,0,0,5.2597750000000065,5.260849999999996,40
1700786760000,0,0,0,0,0,0,5.260768292682915,5.261833333333303,246
1700786820000,0,0,0,0,0,0,5.261543478260859,5.262793478260872,184
1700786880000,0,0,0,0,0,0,5.263359848484819,5.264363636363661,264
1700786940000,0,0,0,0,0,0,5.262341463414607,5.2633929539294995,369
1700787000000,0,0,0,0,0,0,5.259465838509331,5.260478260869517,483
1700787060000,0,0,0,0,0,0,5.255799256505601,5.256903345724917,269
1700787120000,0,0,0,0,0,0,5.258730769230759,5.2597637362637375,182
1700787180000,0,0,0,0,0,0,5.259847025495761,5.260858356940512,353
1700787240000,0,0,0,0,0,0,5.257625925925942,5.258648148148164,270
1700787300000,0,0,0,0,0,0,5.26162658227849,5.26274683544304,158
1700787360000,0,0,0,0,0,0,5.261376237623764,5.262584158415844,101
1700787420000,0,0,0,0,0,0,5.2629404761904715,5.264289682539662,252
1700787480000,0,0,0,0,0,0,5.259429629629634,5.260481481481481,135
1700787540000,0,0,0,0,0,0,5.260490740740742,5.261564814814815,108
1700787600000,0,0,0,0,0,0,5.2590363636363575,5.260045454545459,110
1700787660000,0,0,0,0,0,0,5.259215053763443,5.26031720430107,186
1700787720000,0,0,0,0,0,0,5.259664596273302,5.260819875776406,161
1700787780000,0,0,0,0,0,0,5.259000000000005,5.259999999999999,34
1700787840000,0,0,0,0,0,0,5.261394736842106,5.2625789473684135,76
1700787900000,0,0,0,0,0,0,5.2631375000000045,5.26431249999999,160
1700787960000,0,0,0,0,0,0,5.2658957345971595,5.266971563981058,211
1700788020000,0,0,0,0,0,0,5.2688230088495525,5.269955752212385,113
1700788080000,0,0,0,0,0,0,5.272745762711877,5.27407796610171,295
1700788140000,0,0,0,0,0,0,5.273589552238806,5.274783582089549,134
1700788200000,0,0,0,0,0,0,5.274619047619046,5.2758690476190475,84
1700788260000,0,0,0,0,0,0,5.274869565217391,5.275985507246379,69
1700788320000,0,0,0,0,0,0,5.27074380165289,5.271818181818177,121
1700788380000,0,0,0,0,0,0,5.271645161290317,5.273236559139776,93
1700788440000,0,0,0,0,0,0,5.2755999999999945,5.2767125,80
1700788500000,0,0,0,0,0,0,5.278202127659577,5.279361702127656,94
1700788560000,0,0,0,0,0,0,5.282048780487813,5.28323983739838,246
1700788620000,0,0,0,0,0,0,5.28968525896413,5.29081274900399,251
1700788680000,0,0,0,0,0,0,5.287246231155785,5.288412060301508,199
1700788740000,0,0,0,0,0,0,5.286574712643679,5.287643678160917,87
1700788800000,0,0,0,0,0,0,5.283800813008116,5.2851544715447,246
1700788860000,0,0,0,0,0,0,5.279381818181807,5.280768181818182,220
1700788920000,0,0,0,0,0,0,5.280076086956517,5.281347826086956,92
1700788980000,0,0,0,0,0,0,5.278465277777781,5.279624999999992,144
1700789040000,0,0,0,0,0,0,5.277714285714285,5.27887301587301,63
1700789100000,0,0,0,0,0,0,5.276532994923851,5.277568527918786,197
1700789160000,0,0,0,0,0,0,5.278999999999998,5.279999999999988,87
