1700725020000,0,0,0,0,0,0,7.277,7.278,1
1700725080000,0,0,0,0,0,0,7.279447368421044,7.28046381578943,304
1700725140000,0,0,0,0,0,0,7.271669803250725,7.272727972626304,1169
1700725200000,0,0,0,0,0,0,7.2701046153845645,7.271130256410319,975
1700725260000,0,0,0,0,0,0,7.2742551159618,7.275268758526656,733
1700725320000,0,0,0,0,0,0,7.274367861885789,7.2753957503320486,753
1700725380000,0,0,0,0,0,0,7.269827966881307,7.270858325666985,1087
1700725440000,0,0,0,0,0,0,7.274611435239253,7.2756266044340885,857
1700725500000,0,0,0,0,0,0,7.269348173516004,7.270456621004517,876
1700725560000,0,0,0,0,0,0,7.274891420911508,7.275919571045607,746
1700725620000,0,0,0,0,0,0,7.282006793478291,7.2830407608694925,736
1700725680000,0,0,0,0,0,0,7.285164128595596,7.286186125211484,591
1700725740000,0,0,0,0,0,0,7.282913654618478,7.283937751004053,498
1700725800000,0,0,0,0,0,0,7.274059570312529,7.275096679687443,1024
1700725860000,0,0,0,0,0,0,7.277018495684295,7.278061652281112,811
1700725920000,0,0,0,0,0,0,7.281589430894337,7.282600271002699,738
1700725980000,0,0,0,0,0,0,7.284476744186065,7.285498708010273,774
1700726040000,0,0,0,0,0,0,7.277841052631597,7.278861052631577,950
1700726100000,0,0,0,0,0,0,7.279235891647924,7.280258465011371,886
1700726160000,0,0,0,0,0,0,7.274235526315741,7.275244736842139,760
1700726220000,0,0,0,0,0,0,7.277355670103124,7.2783711340206665,970
1700726280000,0,0,0,0,0,0,7.278390243902453,7.279419207317005,656
1700726340000,0,0,0,0,0,0,7.278346153846183,7.279368131868197,910
1700726400000,0,0,0,0,0,0,7.282543905635605,7.283557011795471,763
1700726460000,0,0,0,0,0,0,7.283342076502794,7.284372677595588,915
1700726520000,0,0,0,0,0,0,7.292947753395961,7.29398641588293,957
1700726580000,0,0,0,0,0,0,7.29180432309441,7.292840728100161,879
1700726640000,0,0,0,0,0,0,7.290687562189145,7.291730348258796,1005
1700726700000,0,0,0,0,0,0,7.290785840707982,7.291815929203558,565
1700726760000,0,0,0,0,0,0,7.287383802816874,7.288432218309866,1136
1700726820000,0,0,0,0,0,0,7.290494903737245,7.291542468856177,883
1700726880000,0,0,0,0,0,0,7.284678400000045,7.285695999999962,625
1700726940000,0,0,0,0,0,0,7.283693430656937,7.284720194647219,411
1700727000000,0,0,0,0,0,0,7.277761006289242,7.278811320754737,636
1700727060000,0,0,0,0,0,0,7.280431654676314,7.281472764645433,973
1700727120000,0,0,0,0,0,0,7.286660294117731,7.287688235294119,680
1700727180000,0,0,0,0,0,0,7.292428571428581,7.29345891276858,791
1700727240000,0,0,0,0,0,0,7.290322281167139,7.2913793103448405,754
1700727300000,0,0,0,0,0,0,7.287356545960937,7.28844011142062,718
1700727360000,0,0,0,0,0,0,7.283249566724453,7.284291161178549,577
1700727420000,0,0,0,0,0,0,7.290140684410598,7.291172370088687,789
1700727480000,0,0,0,0,0,0,7.291019007391759,7.292085533262863,947
1700727540000,0,0,0,0,0,0,7.292630309988515,7.293650975889755,871
1700727600000,0,0,0,0,0,0,7.296808219178005,7.297835616438334,584
1700727660000,0,0,0,0,0,0,7.3001566632757395,7.301219735503599,983
1700727720000,0,0,0,0,0,0,7.3016286644951895,7.302678610206386,921
1700727780000,0,0,0,0,0,0,7.2978909657320985,7.298919003115319,963
1700727840000,0,0,0,0,0,0,7.301065878378487,7.302101351351213,1184
1700727900000,0,0,0,0,0,0,7.302179680940318,7.303203190596147,1191
1700727960000,0,0,0,0,0,0,7.300589065255755,7.301606701940084,1134
1700728020000,0,0,0,0,0,0,7.298704697986538,7.299763422818822,596
1700728080000,0,0,0,0,0,0,7.299584016393421,7.300686475409817,488
1700728140000,0,0,0,0,0,0,7.301428832116761,7.3024726277371865,548
1700728200000,0,0,0,0,0,0,7.305640736949879,7.306675537359298,977
1700728260000,0,0,0,0,0,0,7.3027497062279565,7.303783783783744,851
1700728320000,0,0,0,0,0,0,7.301955056179821,7.302969502407723,623
1700728380000,0,0,0,0,0,0,7.300138522427456,7.3011728232189705,758
1700728440000,0,0,0,0,0,0,7.301053299492409,7.302078680203012,788
1700728500000,0,0,0,0,0,0,7.302777212614458,7.303820956256374,983
1700728560000,0,0,0,0,0,0,7.302775770456941,7.303817215727959,941
1700728620000,0,0,0,0,0,0,7.312067382812445,7.3130937499999,1024
1700728680000,0,0,0,0,0,0,7.3178013856813395,7.31883525789071,1299
1700728740000,0,0,0,0,0,0,7.322628930817776,7.323653389238314,1431
1700728800000,0,0,0,0,0,0,7.323439220183433,7.324457568807292,872
1700728860000,0,0,0,0,0,0,7.322938499385031,7.323964329643177,813
1700728920000,0,0,0,0,0,0,7.323264483627213,7.324272040302301,397
1700728980000,0,0,0,0,0,0,7.326921121823142,7.327938650306766,1141
1700729040000,1,0,64.5,0,64.5,1,7.330601115760061,7.331620641561998,717
1700729100000,0,0,0,0,0,0,7.336691326530622,7.337781462585018,1176
1700729160000,0,0,0,0,0,0,7.33009942196532,7.331134104046231,865
1700729220000,0,0,0,0,0,0,7.328304394426591,7.329339764201477,933
1700729280000,0,0,0,0,0,0,7.326741885626078,7.327757341576525,647
1700729340000,0,0,0,0,0,0,7.326471250000095,7.327508750000086,800
1700729400000,0,0,0,0,0,0,7.327065275548598,7.328082397003566,1869
1700729460000,0,0,0,0,0,0,7.328228956228973,7.3292469135802705,891
1700729520000,0,0,0,0,0,0,7.3317560975609695,7.332789634146345,984
1700729580000,0,0,0,0,0,0,7.338495575221255,7.339572271386347,1356
1700729640000,0,0,0,0,0,0,7.338441250000041,7.339477500000046,800
1700729700000,0,0,0,0,0,0,7.338829365079324,7.33993253968252,756
1700729760000,0,0,0,0,0,0,7.342102564102523,7.3431607495069375,1014
1700729820000,0,0,0,0,0,0,7.345984432234296,7.347018315018273,1092
1700729880000,1,0,337.3,0,337.3,1,7.3504163533834825,7.351467105263093,1064
1700729940000,0,0,0,0,0,0,7.3538338308457405,7.354877611940312,1005
1700730000000,0,0,0,0,0,0,7.355473391580528,7.3565305798252565,1259
1700730060000,0,0,0,0,0,0,7.350735209235266,7.351806637806762,1386
1700730120000,0,0,0,0,0,0,7.344646053702229,7.345709519934852,1229
1700730180000,0,0,0,0,0,0,7.342784888888893,7.343815111111117,1125
1700730240000,0,0,0,0,0,0,7.338783091374919,7.339834329632766,1171
1700730300000,0,0,0,0,0,0,7.334423432682358,7.33546043165458,973
1700730360000,0,0,0,0,0,0,7.335517241379361,7.3365431034483075,928
1700730420000,0,0,0,0,0,0,7.338177402323122,7.339210137275644,947
1700730480000,0,0,0,0,0,0,7.336343869731858,7.3373802681993165,1044
1700730540000,0,0,0,0,0,0,7.337815686274577,7.338856209150338,765
1700730600000,0,0,0,0,0,0,7.333984261501192,7.335020581113743,826
1700730660000,0,0,0,0,0,0,7.3352689003436105,7.336310137457056,1164
1700730720000,0,0,0,0,0,0,7.3379908256881565,7.339011467889925,872
1700730780000,0,0,0,0,0,0,7.334888736263744,7.335918956043927,728
1700730840000,0,0,0,0,0,0,7.337933814681086,7.338971119133512,831
1700730900000,0,0,0,0,0,0,7.344293952180053,7.3453291139240235,711
1700730960000,0,0,0,0,0,0,7.340560000000062,7.341618333333351,1200
1700731020000,0,0,0,0,0,0,7.336364107883819,7.337419087136907,964
1700731080000,0,0,0,0,0,0,7.334616314199395,7.335674723061424,993
1700731140000,0,0,0,0,0,0,7.342860581745154,7.343913741223605,997
1700731200000,0,0,0,0,0,0,7.344439117929076,7.345489932885864,1043
1700731260000,0,0,0,0,0,0,7.348983568075112,7.350021126760583,852
1700731320000,0,0,0,0,0,0,7.343650172612165,7.344706559263529,869
1700731380000,0,0,0,0,0,0,7.340716723549525,7.341759385665555,586
1700731440000,0,0,0,0,0,0,7.339485642946325,7.34062047440695,801
1700731500000,0,0,0,0,0,0,7.341135329341349,7.342183233532886,835
1700731560000,0,0,0,0,0,0,7.337489999999969,7.338580000000007,600
1700731620000,0,0,0,0,0,0,7.337403688524591,7.338443647541035,976
1700731680000,0,0,0,0,0,0,7.345248713550595,7.346289879931386,583
1700731740000,0,0,0,0,0,0,7.341906721536335,7.342932784636468,729
1700731800000,0,0,0,0,0,0,7.3341395908544245,7.335192539109567,831
1700731860000,0,0,0,0,0,0,7.341049319727828,7.3421130952380915,1176
1700731920000,1,0,90.1,0,90.1,1,7.342339181286468,7.343388304093499,855
1700731980000,0,0,0,0,0,0,7.340648192771,7.3417333333332735,1245
1700732040000,0,0,0,0,0,0,7.337467449306359,7.338512273212429,937
1700732100000,0,0,0,0,0,0,7.335935244161329,7.337011677282402,942
1700732160000,0,0,0,0,0,0,7.340736975857671,7.341768742058444,787
1700732220000,0,0,0,0,0,0,7.346670902160075,7.347692503176581,787
1700732280000,0,0,0,0,0,0,7.347879618593519,7.348952324195469,839
1700732340000,0,0,0,0,0,0,7.347888077858851,7.348913625304069,822
1700732400000,0,0,0,0,0,0,7.342498771498806,7.3436068796069,814
1700732460000,0,0,0,0,0,0,7.341751937984489,7.342768733850091,774
1700732520000,0,0,0,0,0,0,7.3493101545253685,7.350363134657849,906
1700732580000,0,0,0,0,0,0,7.350411602209927,7.351441988950303,724
1700732640000,0,0,0,0,0,0,7.355001373626398,7.356039835164899,728
1700732700000,0,0,0,0,0,0,7.360518386714157,7.361597864768687,843
1700732760000,0,0,0,0,0,0,7.362924717691161,7.364016938519374,1594
1700732820000,0,0,0,0,0,0,7.369710486322247,7.370807750759843,1316
1700732880000,0,0,0,0,0,0,7.378260015711013,7.379331500392818,1273
1700732940000,0,0,0,0,0,0,7.378016423357719,7.3790675182482195,1096
1700733000000,0,0,0,0,0,0,7.369341963322623,7.370395900755212,927
1700733060000,1,0,43.3,0,43.3,1,7.380650712250791,7.3817270655271265,1755
1700733120000,0,0,0,0,0,0,7.387218776194479,7.388263202011823,1193
1700733180000,0,0,0,0,0,0,7.385659176029942,7.386697565543168,1068
1700733240000,0,0,0,0,0,0,7.388126494023886,7.389162350597565,1004
1700733300000,0,0,0,0,0,0,7.394847761194168,7.395892537313518,1340
1700733360000,0,0,0,0,0,0,7.3936067892505335,7.394655586987352,1414
1700733420000,0,0,0,0,0,0,7.398142506142501,7.399181818181818,1221
1700733480000,0,0,0,0,0,0,7.402610215053798,7.403690860215152,1116
1700733540000,0,0,0,0,0,0,7.4151620278331425,7.416279324055722,2012
1700733600000,0,0,0,0,0,0,7.412182316655172,7.413239890335827,1459
1700733660000,0,0,0,0,0,0,7.405841743119438,7.4068807339449725,1308
1700733720000,0,0,0,0,0,0,7.394586971586974,7.39563478863465,1443
1700733780000,0,0,0,0,0,0,7.388906724511887,7.389945770065085,922
1700733840000,0,0,0,0,0,0,7.389938411669391,7.390965964343561,1234
1700733900000,0,0,0,0,0,0,7.384791757049859,7.385824295010831,922
1700733960000,0,0,0,0,0,0,7.374365853658533,7.375410428931872,1189
1700734020000,0,0,0,0,0,0,7.378921832884074,7.379956873315341,1113
1700734080000,0,0,0,0,0,0,7.3776496305419155,7.378679187192127,1624
1700734140000,0,0,0,0,0,0,7.375863753213361,7.376900599828635,1167
1700734200000,0,0,0,0,0,0,7.371156374501971,7.372187250996064,1004
1700734260000,0,0,0,0,0,0,7.370505674653174,7.371539722572495,793
1700734320000,0,0,0,0,0,0,7.370267403314884,7.371300552486173,905
1700734380000,0,0,0,0,0,0,7.369428877005329,7.370456684492003,935
1700734440000,0,0,0,0,0,0,7.372125698323922,7.373146648044682,716
1700734500000,0,0,0,0,0,0,7.367871794871803,7.368891861761482,897
1700734560000,0,0,0,0,0,0,7.367821122740265,7.368847764034147,1051
1700734620000,0,0,0,0,0,0,7.367017051153437,7.36805817452364,997
1700734680000,0,0,0,0,0,0,7.36817664974621,7.369213197969568,985
1700734740000,0,0,0,0,0,0,7.373083832335247,7.374108982035959,835
1700734800000,0,0,0,0,0,0,7.37211100196454,7.373180746561825,1018
1700734860000,0,0,0,0,0,0,7.367435560859171,7.368484486873538,838
1700734920000,0,0,0,0,0,0,7.3681508379887894,7.369173184357498,716
1700734980000,0,0,0,0,0,0,7.37014656488548,7.371169465648837,655
1700735040000,0,0,0,0,0,0,7.3674222222222046,7.3684513888889684,720
1700735100000,0,0,0,0,0,0,7.3614202898551016,7.362449275362399,1242
1700735160000,0,0,0,0,0,0,7.357960222016678,7.3589842738206315,1081
1700735220000,0,0,0,0,0,0,7.358791476407956,7.359899543378988,657
1700735280000,0,0,0,0,0,0,7.359251874062973,7.360275862068891,667
1700735340000,0,0,0,0,0,0,7.358214363438573,7.359264417845484,919
1700735400000,0,0,0,0,0,0,7.3580115321251975,7.359039538715007,607
1700735460000,0,0,0,0,0,0,7.360896103896086,7.361904220779236,616
1700735520000,0,0,0,0,0,0,7.36225116279076,7.363253488372056,430
1700735580000,0,0,0,0,0,0,7.365118825100082,7.3661495327102955,749
1700735640000,0,0,0,0,0,0,7.364648312610964,7.365678507992867,563
1700735700000,0,0,0,0,0,0,7.361088418430846,7.362112079701055,803
1700735760000,0,0,0,0,0,0,7.346379114642471,7.347455164585658,881
1700735820000,0,0,0,0,0,0,7.33071639511194,7.331841649694447,1964
1700735880000,0,0,0,0,0,0,7.334960187353633,7.335984777517587,854
1700735940000,0,0,0,0,0,0,7.340860927152343,7.341887417218547,755
1700736000000,0,0,0,0,0,0,7.335178973717194,7.336190237797246,799
1700736060000,0,0,0,0,0,0,7.339916666666677,7.340930147058835,816
1700736120000,0,0,0,0,0,0,7.34078913324712,7.341804657179811,773
1700736180000,0,0,0,0,0,0,7.34150531914892,7.3425212765957575,564
1700736240000,0,0,0,0,0,0,7.330183811129807,7.3312453625632665,1186
1700736300000,0,0,0,0,0,0,7.333658399098064,7.33470236753107,887
1700736360000,0,0,0,0,0,0,7.332270336894049,7.3333105998356904,1217
1700736420000,0,0,0,0,0,0,7.330472016895483,7.3315005279830885,947
1700736480000,0,0,0,0,0,0,7.332164383561586,7.333185692541842,657
1700736540000,0,0,0,0,0,0,7.329495305164458,7.33052112676047,852
1700736600000,0,0,0,0,0,0,7.326075253256224,7.32713458755425,691
1700736660000,0,0,0,0,0,0,7.322422880490324,7.323506639428014,979
1700736720000,0,0,0,0,0,0,7.315939163498127,7.316965779467693,789
1700736780000,0,1,0,338.5,338.5,1,7.307908450704198,7.308987676056276,1136
1700736840000,0,0,0,0,0,0,7.3098647619047945,7.310943809523832,1050
1700736900000,0,0,0,0,0,0,7.312286210892204,7.313366164542281,863
1700736960000,0,0,0,0,0,0,7.316244062244049,7.3172940212940984,1221
1700737020000,0,0,0,0,0,0,7.308903271692685,7.309928876244631,703
1700737080000,0,0,0,0,0,0,7.306201058201006,7.307237037037046,945
1700737140000,0,0,0,0,0,0,7.3107443365695834,7.311796116504888,618
1700737200000,0,0,0,0,0,0,7.308029702970266,7.309086280056627,707
1700737260000,0,0,0,0,0,0,7.304043144774741,7.305082454458341,1043
1700737320000,0,0,0,0,0,0,7.29831127679399,7.299370922646663,1073
1700737380000,0,0,0,0,0,0,7.299808187134428,7.300830409356733,855
1700737440000,0,0,0,0,0,0,7.293042899408357,7.294117603550267,1352
1700737500000,0,1,0,183.4,183.4,1,7.2907957405614905,7.291822846079411,1033
1700737560000,0,0,0,0,0,0,7.2913500643501346,7.292417631917757,1554
1700737620000,0,0,0,0,0,0,7.284780777537731,7.285815874730002,1852
1700737680000,0,0,0,0,0,0,7.294341657810893,7.295390010627067,1882
1700737740000,0,0,0,0,0,0,7.300849960722692,7.301896307933979,1273
1700737800000,0,0,0,0,0,0,7.298255512321641,7.299285343709375,771
1700737860000,0,0,0,0,0,0,7.2960587172537625,7.297084914182421,1107
1700737920000,0,0,0,0,0,0,7.291220196353456,7.2922552594671,713
1700737980000,0,0,0,0,0,0,7.284495423340993,7.285599542334182,874
1700738040000,0,1,0,50.6,50.6,1,7.268340624999927,7.269464732142812,2240
1700738100000,0,2,0,342.7,342.7,2,7.2606601694914685,7.261740677966106,2360
1700738160000,0,0,0,0,0,0,7.270925012581746,7.2719753397081,1987
1700738220000,0,1,0,4.0,4.0,1,7.2676784660766565,7.268729793510214,1695
1700738280000,0,0,0,0,0,0,7.261783014862041,7.26289554140124,2355
1700738340000,0,0,0,0,0,0,7.262611676486298,7.26365934654529,1867
1700738400000,0,0,0,0,0,0,7.267002379535891,7.268065437239715,1681
1700738460000,0,0,0,0,0,0,7.2764063745020255,7.277441235059709,1004
1700738520000,0,0,0,0,0,0,7.2806693750000315,7.2817462500000705,1600
1700738580000,0,1,0,667.6,667.6,1,7.258574578866687,7.259906584992319,3265
1700738640000,0,0,0,0,0,0,7.272114459871406,7.2733413477821065,2953
1700738700000,0,0,0,0,0,0,7.255226118500559,7.256442966545607,2481
1700738760000,0,0,0,0,0,0,7.261704829083057,7.262813890396205,1843
1700738820000,0,0,0,0,0,0,7.2811291977612465,7.282222947761244,2144
1700738880000,0,0,0,0,0,0,7.279348194130955,7.280423814898432,1772
1700738940000,0,0,0,0,0,0,7.29222956730761,7.29328966346135,1664
1700739000000,0,0,0,0,0,0,7.296011111111179,7.2971064327486355,1710
1700739060000,0,0,0,0,0,0,7.302188972431214,7.30323709273201,1995
1700739120000,0,0,0,0,0,0,7.304915632754198,7.305975186104072,1612
1700739180000,0,0,0,0,0,0,7.306663881151392,7.307701021355721,1077
1700739240000,0,0,0,0,0,0,7.3098579387187,7.310973537604502,1436
1700739300000,0,0,0,0,0,0,7.31169008264478,7.312730716253459,1452
1700739360000,0,0,0,0,0,0,7.306762210796836,7.307817480719752,1556
1700739420000,0,0,0,0,0,0,7.307932551319697,7.308978005865231,1364
1700739480000,0,0,0,0,0,0,7.308238057948406,7.309288175411125,1277
1700739540000,0,0,0,0,0,0,7.311587147030198,7.312666017526699,1027
1700739600000,0,0,0,0,0,0,7.311597966728291,7.312677449168223,1082
1700739660000,0,0,0,0,0,0,7.312574504737242,7.313620155038783,1161
1700739720000,0,0,0,0,0,0,7.319631465517269,7.320673491379337,928
1700739780000,0,0,0,0,0,0,7.325172380952384,7.326216190476257,1050
1700739840000,0,0,0,0,0,0,7.3297387127761935,7.330788664745426,1041
1700739900000,0,0,0,0,0,0,7.325431269674699,7.326466946484821,953
1700739960000,0,0,0,0,0,0,7.325044918998414,7.326070692194304,1358
1700740020000,0,0,0,0,0,0,7.323911434977622,7.324946188340843,892
1700740080000,0,0,0,0,0,0,7.320927884615437,7.321961538461529,1248
1700740140000,0,0,0,0,0,0,7.30647087378652,7.307560072815654,1648
1700740200000,0,0,0,0,0,0,7.307234312946743,7.30829070691028,1259
1700740260000,0,0,0,0,0,0,7.304304668304633,7.305371007371036,814
1700740320000,0,0,0,0,0,0,7.3049428263214375,7.3059751887810185,927
1700740380000,0,0,0,0,0,0,7.298927246790291,7.299990014265318,701
1700740440000,0,0,0,0,0,0,7.301500309597518,7.302585758513917,1615
1700740500000,0,0,0,0,0,0,7.302709617180144,7.30377124183005,1071
1700740560000,0,0,0,0,0,0,7.305617410387724,7.306681784930545,1367
1700740620000,0,0,0,0,0,0,7.306443902439069,7.307482926829334,820
1700740680000,0,0,0,0,0,0,7.311537832310818,7.312582822085966,978
1700740740000,0,0,0,0,0,0,7.312499254843548,7.313685543964216,1342
1700740800000,0,0,0,0,0,0,7.314710843373434,7.315752657689478,1411
1700740860000,0,0,0,0,0,0,7.311596543951913,7.31262208865521,1331
1700740920000,0,0,0,0,0,0,7.303559297218205,7.30461054172773,1366
1700740980000,0,0,0,0,0,0,7.300176262178864,7.301208148804281,1129
1700741040000,0,0,0,0,0,0,7.301113235294189,7.30215294117648,1360
1700741100000,0,0,0,0,0,0,7.293681564245717,7.294718575419009,1432
1700741160000,0,0,0,0,0,0,7.292862342819216,7.2939086697550675,1511
1700741220000,0,0,0,0,0,0,7.294496028880838,7.29556101083039,1385
1700741280000,0,0,0,0,0,0,7.299557933579401,7.300594833948421,1355
1700741340000,0,0,0,0,0,0,7.300828530259296,7.301864553314141,1388
1700741400000,0,0,0,0,0,0,7.299574310692707,7.30061600537993,1487
1700741460000,0,0,0,0,0,0,7.300160243407776,7.301241379310355,1972
1700741520000,0,0,0,0,0,0,7.314764917003014,7.3158434275459445,2229
1700741580000,0,0,0,0,0,0,7.318084765856509,7.319145820983882,1687
1700741640000,0,0,0,0,0,0,7.326471651090256,7.327544548286607,1605
1700741700000,0,0,0,0,0,0,7.333391180654227,7.334464438122216,1406
1700741760000,0,0,0,0,0,0,7.332981000633312,7.334084863837811,1579
1700741820000,0,0,0,0,0,0,7.324035052910183,7.325216269841333,1512
1700741880000,0,0,0,0,0,0,7.316496165644132,7.317558282208628,1304
1700741940000,0,0,0,0,0,0,7.3116588151321515,7.312732334047167,1401
1700742000000,0,0,0,0,0,0,7.30753875968987,7.308573643410853,774
1700742060000,0,0,0,0,0,0,7.313011494252797,7.314087221095315,1479
1700742120000,0,0,0,0,0,0,7.320295485636082,7.321370041039625,1462
1700742180000,0,0,0,0,0,0,7.315672767203604,7.316707906295773,1366
1700742240000,0,0,0,0,0,0,7.306915198956171,7.307970645792489,1533
1700742300000,0,0,0,0,0,0,7.302316225165651,7.303375827814588,1208
1700742360000,0,0,0,0,0,0,7.301749670619168,7.302799077733875,1518
1700742420000,0,0,0,0,0,0,7.297864637985286,7.298898216159391,953
1700742480000,0,0,0,0,0,0,7.304135379061269,7.30516696750893,1108
1700742540000,0,0,0,0,0,0,7.298604992657743,7.299658590308362,1362
1700742600000,0,0,0,0,0,0,7.2987693836978,7.299784294234644,1006
1700742660000,0,0,0,0,0,0,7.2851364497787925,7.286180669614635,1583
1700742720000,0,0,0,0,0,0,7.281537410072046,7.28256330935266,1390
1700742780000,0,0,0,0,0,0,7.2753452791179525,7.276401102687911,1451
1700742840000,0,0,0,0,0,0,7.277583333333314,7.278620634920671,1260
1700742900000,0,0,0,0,0,0,7.273383435582741,7.27444969325139,1630
1700742960000,0,0,0,0,0,0,7.267011401743754,7.268052984574092,1491
1700743020000,0,0,0,0,0,0,7.256578563411869,7.257659932659892,1782
1700743080000,0,0,0,0,0,0,7.261187909686802,7.262226511289129,1373
1700743140000,0,0,0,0,0,0,7.267108469539479,7.2681367013375064,1346
1700743200000,0,0,0,0,0,0,7.272432272390787,7.273490007401922,1351
1700743260000,0,0,0,0,0,0,7.270481315396183,7.2715171898356505,1338
1700743320000,0,0,0,0,0,0,7.265698586118233,7.266735218509003,1556
1700743380000,0,0,0,0,0,0,7.271293781725731,7.272338832487244,1576
1700743440000,0,0,0,0,0,0,7.275761538461568,7.276799145299178,1170
1700743500000,0,0,0,0,0,0,7.277477815699702,7.278496587030862,1172
1700743560000,0,0,0,0,0,0,7.271246735074549,7.272329291044764,2144
1700743620000,0,0,0,0,0,0,7.264619594964343,7.265695128626012,1827
1700743680000,0,0,0,0,0,0,7.270499140893481,7.271530068728503,1164
1700743740000,0,0,0,0,0,0,7.275346583850907,7.276373913043504,805
1700743800000,0,0,0,0,0,0,7.278887510339202,7.279928039702317,1209
1700743860000,0,0,0,0,0,0,7.275469604863217,7.276512917933069,1316
1700743920000,0,0,0,0,0,0,7.260407236842078,7.261713815789425,1520
1700743980000,0,0,0,0,0,0,7.254620161290352,7.255759677419447,1240
1700744040000,0,1,0,376.2,376.2,1,7.240590833793495,7.24190833793488,1811
1700744100000,0,0,0,0,0,0,7.238829495955086,7.239869321717506,1607
1700744160000,0,0,0,0,0,0,7.242419437340283,7.2434789002559,1564
1700744220000,0,0,0,0,0,0,7.239324742267949,7.240356529209573,1164
1700744280000,0,0,0,0,0,0,7.242423499031565,7.24346287927697,1549
1700744340000,0,0,0,0,0,0,7.244845911949776,7.245884276729367,1590
1700744400000,0,0,0,0,0,0,7.250286248131619,7.251301195814638,1338
1700744460000,0,0,0,0,0,0,7.241309571286075,7.242512961116698,2006
1700744520000,0,0,0,0,0,0,7.246763452914794,7.247815582959652,1784
1700744580000,0,0,0,0,0,0,7.25733841463414,7.258392276422812,984
1700744640000,0,0,0,0,0,0,7.249384567126645,7.250472396486748,1594
1700744700000,0,0,0,0,0,0,7.237150375939761,7.238369104579595,1463
1700744760000,0,0,0,0,0,0,7.245101154480413,7.246189114898305,1819
1700744820000,0,0,0,0,0,0,7.24509214659692,7.246131937172757,955
1700744880000,0,0,0,0,0,0,7.240028242677805,7.241074267782359,956
1700744940000,0,0,0,0,0,0,7.242434131736558,7.2434660678642375,1002
1700745000000,0,0,0,0,0,0,7.241450199203185,7.2425019920319365,753
1700745060000,0,0,0,0,0,0,7.24273408892767,7.243766346992171,1147
1700745120000,0,0,0,0,0,0,7.2533281393217,7.2544243813014955,1091
1700745180000,0,0,0,0,0,0,7.252828014184436,7.2539512411347795,1128
1700745240000,0,0,0,0,0,0,7.2556779825412265,7.256739088263836,1031
1700745300000,0,0,0,0,0,0,7.254561776061801,7.255605212355234,1036
1700745360000,0,0,0,0,0,0,7.255440602836938,7.256466312056778,1128
1700745420000,0,0,0,0,0,0,7.257753608247407,7.258816494845415,970
1700745480000,0,0,0,0,0,0,7.256987791342951,7.2580244173140605,901
1700745540000,0,0,0,0,0,0,7.258937565036375,7.259994797086402,961
1700745600000,0,0,0,0,0,0,7.256543408360089,7.2575610932475625,622
1700745660000,0,0,0,0,0,0,7.255631730769181,7.256656730769207,1040
1700745720000,0,1,0,8.3,8.3,1,7.259409141583111,7.260481605351239,897
1700745780000,0,0,0,0,0,0,7.260081818181865,7.261137373737361,990
1700745840000,0,0,0,0,0,0,7.2608741721854715,7.261912582781464,755
1700745900000,0,0,0,0,0,0,7.259410886742767,7.260453906935916,1139
1700745960000,0,0,0,0,0,0,7.2511997578693,7.2522167070218595,826
1700746020000,0,0,0,0,0,0,7.254823834196889,7.255849740932599,772
1700746080000,0,0,0,0,0,0,7.255498136645987,7.25653291925466,805
1700746140000,0,0,0,0,0,0,7.251527750730286,7.252554040895825,1027
1700746200000,0,0,0,0,0,0,7.254903762029832,7.255932633420828,1143
1700746260000,0,0,0,0,0,0,7.255552019583831,7.256570379436994,817
1700746320000,0,0,0,0,0,0,7.253372836218375,7.254399467376819,751
1700746380000,0,0,0,0,0,0,7.243394974874314,7.244442211055282,995
1700746440000,0,0,0,0,0,0,7.250192479856746,7.251229185317811,1117
1700746500000,0,0,0,0,0,0,7.250503954802302,7.251534463276848,885
1700746560000,0,0,0,0,0,0,7.249232793522202,7.250279352226691,988
1700746620000,0,0,0,0,0,0,7.246047133757978,7.247071337579576,785
1700746680000,0,0,0,0,0,0,7.246393842887543,7.24743205944797,942
1700746740000,0,0,0,0,0,0,7.2515293398532785,7.2525574572127045,818
1700746800000,0,0,0,0,0,0,7.253556506849309,7.254577054794531,584
1700746860000,0,0,0,0,0,0,7.245170796460128,7.246207079645984,1130
1700746920000,0,0,0,0,0,0,7.237762773722583,7.2387907542579075,822
1700746980000,0,0,0,0,0,0,7.240590860786447,7.241615302869375,941
1700747040000,0,0,0,0,0,0,7.243267379679148,7.244304812834248,748
1700747100000,0,0,0,0,0,0,7.237281524926663,7.238334310850429,682
1700747160000,0,0,0,0,0,0,7.238864783047367,7.2398920282543315,991
1700747220000,0,0,0,0,0,0,7.234391505791501,7.235447104247078,1295
1700747280000,0,0,0,0,0,0,7.229963680387332,7.231060532687578,1239
1700747340000,0,4,0,301.6,301.6,4,7.215377882599482,7.216487945492583,1908
1700747400000,0,0,0,0,0,0,7.2105330578513955,7.211586776859665,1694
1700747460000,0,0,0,0,0,0,7.216152892561911,7.217190082644608,1452
1700747520000,0,0,0,0,0,0,7.208357418643193,7.209413678985015,1813
1700747580000,0,0,0,0,0,0,7.20875284090906,7.209807386363553,1760
1700747640000,0,0,0,0,0,0,7.214156801661485,7.215186915887883,963
1700747700000,0,0,0,0,0,0,7.224734203296562,7.225802884615316,1456
1700747760000,0,0,0,0,0,0,7.226469898358076,7.22753010164183,1279
1700747820000,0,0,0,0,0,0,7.22046004842609,7.221575464083907,1239
1700747880000,0,0,0,0,0,0,7.218715756951596,7.21976519052517,971
1700747940000,0,0,0,0,0,0,7.222431847133733,7.22346878980888,785
1700748000000,0,0,0,0,0,0,7.22151482479786,7.222544474393575,742
1700748060000,0,0,0,0,0,0,7.2202078431372705,7.221258039215594,1275
1700748120000,0,0,0,0,0,0,7.229260093167669,7.230295031055927,1288
1700748180000,0,0,0,0,0,0,7.239192261185052,7.24022974607012,827
1700748240000,0,0,0,0,0,0,7.241115631691624,7.242150963597453,934
1700748300000,0,0,0,0,0,0,7.24403700000002,7.245076000000029,1000
1700748360000,0,0,0,0,0,0,7.241897820163407,7.2429291553133135,734
1700748420000,0,0,0,0,0,0,7.242544811320753,7.243612028301925,848
1700748480000,0,0,0,0,0,0,7.245499999999988,7.24652842377251,774
1700748540000,0,0,0,0,0,0,7.246928089887624,7.24797303370777,890
1700748600000,0,0,0,0,0,0,7.242306071871138,7.243356877323446,807
1700748660000,0,0,0,0,0,0,7.232633786848061,7.233662131519304,882
1700748720000,0,0,0,0,0,0,7.237420550847466,7.2384555084745745,944
1700748780000,0,0,0,0,0,0,7.243666284403664,7.244720183486242,872
1700748840000,0,0,0,0,0,0,7.242370018975292,7.243411764705907,527
1700748900000,0,0,0,0,0,0,7.240006535947647,7.241026143790814,459
1700748960000,0,0,0,0,0,0,7.236556892778953,7.23760284463895,914
1700749020000,0,0,0,0,0,0,7.233530269058282,7.23457286995512,892
1700749080000,0,0,0,0,0,0,7.2425714285714795,7.24359594882728,938
1700749140000,0,0,0,0,0,0,7.241015455950571,7.242071097372555,647
1700749200000,0,0,0,0,0,0,7.238064935064926,7.239088311688241,770
1700749260000,0,0,0,0,0,0,7.232782865583481,7.233810930576056,677
1700749320000,0,0,0,0,0,0,7.215539746543792,7.2166866359447654,1736
1700749380000,0,0,0,0,0,0,7.213190619362516,7.214234515934982,1663
1700749440000,0,0,0,0,0,0,7.2120495207668,7.2130934504792314,1252
1700749500000,0,1,0,66.8,66.8,1,7.213038147138919,7.214104904632174,1468
1700749560000,0,0,0,0,0,0,7.215382031906008,7.21641477749787,1191
1700749620000,0,0,0,0,0,0,7.211828846153917,7.212870192307755,1040
1700749680000,0,0,0,0,0,0,7.212418729817025,7.213451022604994,929
1700749740000,0,0,0,0,0,0,7.211758186398045,7.212782115869048,794
1700749800000,0,0,0,0,0,0,7.206738178633989,7.207766199649653,1142
1700749860000,0,0,0,0,0,0,7.213122945430751,7.214154503616161,1521
1700749920000,0,0,0,0,0,0,7.2110068027210295,7.212030990173805,1323
1700749980000,0,1,0,681.1,681.1,1,7.210170807453494,7.211229813664714,1288
1700750040000,0,0,0,0,0,0,7.214741966893833,7.215770204479031,1027
1700750100000,0,0,0,0,0,0,7.223216094032545,7.224244122965654,1106
1700750160000,0,0,0,0,0,0,7.225619565217445,7.22665579710143,828
1700750220000,0,0,0,0,0,0,7.222876132930519,7.223909365558898,662
1700750280000,0,0,0,0,0,0,7.225764705882324,7.226788770053488,748
1700750340000,0,0,0,0,0,0,7.233326617179222,7.234344644750728,943
1700750400000,0,0,0,0,0,0,7.2341999999999835,7.235222222222327,945
1700750460000,0,0,0,0,0,0,7.228747925311173,7.2297686721991825,964
1700750520000,0,0,0,0,0,0,7.224285326086943,7.225317934782607,736
1700750580000,0,0,0,0,0,0,7.21962816901406,7.220643661971781,710
1700750640000,0,0,0,0,0,0,7.222431564245844,7.223453910614551,716
1700750700000,0,0,0,0,0,0,7.224932448733394,7.22599276236429,829
1700750760000,0,0,0,0,0,0,7.2183231763619675,7.219354570637107,1083
1700750820000,0,0,0,0,0,0,7.2197010416665846,7.220735416666636,960
1700750880000,0,0,0,0,0,0,7.217569105691039,7.218617886178891,738
1700750940000,0,0,0,0,0,0,7.223905766526028,7.224967651195448,711
1700751000000,0,0,0,0,0,0,7.230264030612217,7.231304846938738,784
1700751060000,0,0,0,0,0,0,7.22189839572194,7.222932263814607,561
1700751120000,0,0,0,0,0,0,7.2064122596153295,7.207590144230778,832
1700751180000,0,0,0,0,0,0,7.190746559632987,7.191805045871547,872
1700751240000,0,0,0,0,0,0,7.196106971153848,7.197144230769151,832
1700751300000,0,0,0,0,0,0,7.2027921245421656,7.20384706959712,1092
1700751360000,0,0,0,0,0,0,7.203659525631164,7.2047283856158515,1307
1700751420000,0,0,0,0,0,0,7.208680000000032,7.209731199999982,1250
1700751480000,0,0,0,0,0,0,7.2108413132695,7.211878248974034,731
1700751540000,0,0,0,0,0,0,7.211490740740791,7.212527777777822,756
1700751600000,0,0,0,0,0,0,7.213506666666673,7.214537777777813,675
1700751660000,0,0,0,0,0,0,7.211770700636905,7.212796178343924,314
1700751720000,0,0,0,0,0,0,7.216515769944328,7.217528756957307,539
1700751780000,0,0,0,0,0,0,7.224422693266837,7.2254875311719875,802
1700751840000,0,0,0,0,0,0,7.224059151785745,7.22509486607147,896
1700751900000,0,0,0,0,0,0,7.218249417249397,7.219284382284371,429
1700751960000,0,0,0,0,0,0,7.217179611650466,7.218222087378695,824
1700752020000,0,0,0,0,0,0,7.217841269841289,7.218865079365062,378
1700752080000,0,0,0,0,0,0,7.215128027681627,7.216192041522494,578
1700752140000,0,0,0,0,0,0,7.215964601769891,7.216995575221201,226
1700752200000,0,0,0,0,0,0,7.213321715817686,7.214348525469156,373
1700752260000,0,0,0,0,0,0,7.212162921348265,7.213187265917589,534
1700752320000,0,0,0,0,0,0,7.207111564625838,7.208160544217655,735
1700752380000,0,0,0,0,0,0,7.1999430740037855,7.200982922201138,527
1700752440000,0,0,0,0,0,0,7.198538265306133,7.199553571428574,392
1700752500000,0,0,0,0,0,0,7.194816631130104,7.195837953091648,469
1700752560000,0,0,0,0,0,0,7.196165796344688,7.19719582245426,766
1700752620000,0,0,0,0,0,0,7.2004975206612345,7.201522314049613,605
1700752680000,0,0,0,0,0,0,7.2038191489361605,7.204836879432627,282
1700752740000,0,0,0,0,0,0,7.192210350584306,7.193252086811376,599
1700752800000,0,0,0,0,0,0,7.187684210526353,7.188722569134666,1121
1700752860000,0,0,0,0,0,0,7.185430034129684,7.18646928327643,586
1700752920000,0,0,0,0,0,0,7.167233990147807,7.168366995073897,812
1700752980000,0,0,0,0,0,0,7.168201649175478,7.1693148425788,1334
1700753040000,0,0,0,0,0,0,7.170123960066456,7.171266222961647,1202
1700753100000,0,0,0,0,0,0,7.165895093062564,7.1670101522842895,1182
1700753160000,0,0,0,0,0,0,7.159078931390399,7.160149969641821,1647
1700753220000,0,2,0,752.0,752.0,2,7.151619087136921,7.152717012448141,1205
1700753280000,0,0,0,0,0,0,7.151433286516984,7.152542837078843,1424
1700753340000,0,0,0,0,0,0,7.1588408007625866,7.159885605338388,1049
1700753400000,0,0,0,0,0,0,7.164681055155808,7.16573381294961,1251
1700753460000,0,0,0,0,0,0,7.160941331575475,7.161994067237965,1517
1700753520000,0,0,0,0,0,0,7.146453453453481,7.147577577577521,999
1700753580000,0,0,0,0,0,0,7.1631793650793085,7.164276190476203,1260
1700753640000,0,0,0,0,0,0,7.182292171105738,7.1833680387408405,1239
1700753700000,0,0,0,0,0,0,7.192369747899126,7.19347058823534,1309
1700753760000,0,0,0,0,0,0,7.189062937062981,7.190104895104929,1430
1700753820000,0,0,0,0,0,0,7.1894486607142865,7.190501488095288,1344
1700753880000,0,0,0,0,0,0,7.186317095588269,7.187363051470578,1088
1700753940000,0,0,0,0,0,0,7.185768639508097,7.186831667947697,1301
1700754000000,0,0,0,0,0,0,7.176573938506496,7.1776427525621544,1366
1700754060000,0,0,0,0,0,0,7.1714247517188685,7.172488922841887,1309
1700754120000,0,0,0,0,0,0,7.178158360128644,7.179222668810241,1244
1700754180000,0,0,0,0,0,0,7.18867545076279,7.189744798890456,721
1700754240000,0,0,0,0,0,0,7.187003205128203,7.188048076923121,936
1700754300000,0,0,0,0,0,0,7.18102191464815,7.182066897347187,867
1700754360000,0,0,0,0,0,0,7.182463136033275,7.183646936656266,963
1700754420000,0,0,0,0,0,0,7.178610294117632,7.179676470588206,1224
1700754480000,0,0,0,0,0,0,7.177055513878494,7.178119279820034,1333
1700754540000,0,0,0,0,0,0,7.178420545746333,7.179462279293733,623
1700754600000,0,0,0,0,0,0,7.179449129852764,7.1805174029451075,1494
1700754660000,0,0,0,0,0,0,7.183465448768918,7.184494042891226,1259
1700754720000,0,0,0,0,0,0,7.177103309929784,7.178150451354059,997
1700754780000,0,0,0,0,0,0,7.166816352201309,7.168142138364775,795
1700754840000,0,0,0,0,0,0,7.157302966101698,7.1584131355931815,944
1700754900000,0,0,0,0,0,0,7.1586642411641686,7.159726611226537,962
1700754960000,0,0,0,0,0,0,7.164450467289749,7.165542990654209,1070
1700755020000,0,0,0,0,0,0,7.161841491841452,7.162899766899758,1287
1700755080000,0,0,0,0,0,0,7.158655139289134,7.159692603266024,1041
1700755140000,0,0,0,0,0,0,7.167424173318174,7.168492588369366,877
1700755200000,0,0,0,0,0,0,7.171096577017049,7.172135696821487,818
1700755260000,0,0,0,0,0,0,7.163765217391242,7.16490062111796,805
1700755320000,0,0,0,0,0,0,7.162718532574319,7.1637754585704085,1581
1700755380000,0,0,0,0,0,0,7.177445371142666,7.178507923269406,1199
1700755440000,0,0,0,0,0,0,7.182719589257621,7.183748815165953,1266
1700755500000,0,0,0,0,0,0,7.182883359253602,7.183922239502344,1286
1700755560000,0,0,0,0,0,0,7.183181897301955,7.18422280243695,1149
1700755620000,0,0,0,0,0,0,7.185018639328979,7.186054986020526,1073
1700755680000,0,0,0,0,0,0,7.192950044603127,7.193965209634266,1121
1700755740000,0,0,0,0,0,0,7.1987244289971235,7.199784508440863,2014
1700756100000,0,0,0,0,0,0,7.187,7.188,1
1700756160000,0,0,0,0,0,0,7.18832894736845,7.189342105263184,228
1700756220000,0,0,0,0,0,0,7.19605215827338,7.197117805755359,1112
1700756280000,0,0,0,0,0,0,7.198602463605792,7.199645016797311,893
1700756340000,0,0,0,0,0,0,7.1935980662983425,7.194633977900579,724
1700756400000,0,0,0,0,0,0,7.193000000000015,7.19403469640654,807
1700756460000,0,0,0,0,0,0,7.191341064119981,7.1923683492496595,733
1700756520000,0,0,0,0,0,0,7.193840364880303,7.194961231470932,877
1700756580000,0,0,0,0,0,0,7.201854393305457,7.202903765690448,1195
1700756640000,0,0,0,0,0,0,7.208202380952316,7.209237103174553,1008
1700756700000,0,0,0,0,0,0,7.2074035398229865,7.208423893805337,1130
1700756760000,0,0,0,0,0,0,7.2018414634145484,7.202896662387684,1558
1700756820000,0,0,0,0,0,0,7.207743089430804,7.208789430894341,1230
1700756880000,0,0,0,0,0,0,7.21011637931035,7.211155172413828,696
1700756940000,0,0,0,0,0,0,7.211082429501046,7.212119305856865,461
1700757000000,0,0,0,0,0,0,7.210085235920845,7.2111506849314955,657
1700757060000,0,0,0,0,0,0,7.211300583657681,7.2123268482491145,1028
1700757120000,0,0,0,0,0,0,7.209529850746318,7.210554104477668,1072
1700757180000,0,0,0,0,0,0,7.197758415841682,7.198808910891093,1010
1700757240000,0,0,0,0,0,0,7.194530877573132,7.195573131094343,923
1700757300000,0,0,0,0,0,0,7.196673830594235,7.19770290771176,791
1700757360000,0,0,0,0,0,0,7.199126279863467,7.200158703071654,1172
1700757420000,0,0,0,0,0,0,7.204846260387795,7.205873961218871,722
1700757480000,0,0,0,0,0,0,7.2002000000000015,7.20124974093262,965
1700757540000,0,0,0,0,0,0,7.19410830860535,7.195133531157345,674
1700757600000,0,0,0,0,0,0,7.195756906077387,7.19679419889498,724
1700757660000,0,0,0,0,0,0,7.194804956896603,7.195814655172407,928
1700757720000,0,0,0,0,0,0,7.186395577395693,7.1875227272728885,1628
1700757780000,0,0,0,0,0,0,7.187842794759804,7.1889050218340405,916
1700757840000,0,0,0,0,0,0,7.190544789762361,7.1915868372942535,1094
1700757900000,0,0,0,0,0,0,7.1855899581589835,7.18661506276152,717
1700757960000,0,0,0,0,0,0,7.182400513478721,7.18341848523746,779
1700758020000,0,0,0,0,0,0,7.181889884763065,7.182939820742607,781
1700758080000,0,0,0,0,0,0,7.193274928774951,7.194371082621102,1404
1700758140000,0,0,0,0,0,0,7.200740520446058,7.201808921933107,1345
1700758200000,0,0,0,0,0,0,7.196891255605385,7.197932735426026,892
1700758260000,0,0,0,0,0,0,7.197356507679849,7.198392886014523,1237
1700758320000,0,0,0,0,0,0,7.197691468253924,7.198776785714252,1008
1700758380000,0,0,0,0,0,0,7.193718924972012,7.194756998880163,893
1700758440000,0,0,0,0,0,0,7.192881322957213,7.193912451361877,1028
1700758500000,0,0,0,0,0,0,7.198471038251304,7.199493989070987,915
1700758560000,0,0,0,0,0,0,7.201964580873739,7.202997638724889,847
1700758620000,0,0,0,0,0,0,7.202052287581816,7.203104575163449,918
1700758680000,0,0,0,0,0,0,7.200859778597778,7.201915129151337,813
1700758740000,0,0,0,0,0,0,7.195041558441532,7.196074025974056,770
1700758800000,0,0,0,0,0,0,7.193193992490684,7.1942302878598925,799
1700758860000,0,0,0,0,0,0,7.193789840637426,7.194826693227131,1004
1700758920000,0,0,0,0,0,0,7.1993313896987345,7.200386783284691,1029
1700758980000,0,0,0,0,0,0,7.205009523809567,7.206047619047586,735
1700759040000,0,0,0,0,0,0,7.2079254545454,7.208983636363617,550
1700759100000,0,0,0,0,0,0,7.2115465924895,7.212616133518765,719
1700759160000,0,0,0,0,0,0,7.220568613652374,7.221657283603187,1421
1700759220000,0,0,0,0,0,0,7.224122352941248,7.22518117647058,850
1700759280000,0,0,0,0,0,0,7.22421690351533,7.225319371727715,1337
1700759340000,0,0,0,0,0,0,7.231746546961349,7.232788674033284,1448
1700759400000,2,0,227.89999999999998,0,227.89999999999998,2,7.231689800210282,7.232735015772845,951
1700759460000,0,0,0,0,0,0,7.228117357001966,7.229153846153809,1014
1700759520000,0,0,0,0,0,0,7.229889196675875,7.230918282548493,722
1700759580000,0,0,0,0,0,0,7.230773211567705,7.231828006088314,657
1700759640000,0,0,0,0,0,0,7.23676895565081,7.237804721030006,1398
1700759700000,0,0,0,0,0,0,7.238965106382963,7.240016170212781,1175
1700759760000,0,0,0,0,0,0,7.240983690112244,7.242056065239702,1962
1700759820000,0,0,0,0,0,0,7.24272287145237,7.243757929883062,1198
1700759880000,0,0,0,0,0,0,7.246913006756714,7.247928209459337,1184
1700759940000,0,0,0,0,0,0,7.252414695946035,7.253440033783832,1184
1700760000000,0,0,0,0,0,0,7.257138095238004,7.258178571428579,1260
1700760060000,0,0,0,0,0,0,7.260620547945149,7.261640410958804,1460
1700760120000,0,0,0,0,0,0,7.260561674008853,7.261581497797361,908
1700760180000,0,0,0,0,0,0,7.260205128205126,7.2612346153846605,780
1700760240000,0,0,0,0,0,0,7.257928928928994,7.258970970970954,999
1700760300000,0,0,0,0,0,0,7.255800298062604,7.256831594634872,671
1700760360000,0,0,0,0,0,0,7.257831606217643,7.258866148531962,1158
1700760420000,0,0,0,0,0,0,7.258593023255876,7.259620930232609,860
1700760480000,0,0,0,0,0,0,7.257345029239762,7.258383040935588,684
1700760540000,0,0,0,0,0,0,7.253904153354633,7.254934504792345,626
1700760600000,0,0,0,0,0,0,7.256966463414644,7.258004573170781,656
1700760660000,0,0,0,0,0,0,7.257516632016558,7.258545738045757,962
1700760720000,0,0,0,0,0,0,7.255429411764763,7.256455882352936,680
1700760780000,0,0,0,0,0,0,7.262492873218257,7.263503375843973,1333
1700760840000,0,0,0,0,0,0,7.264765743073121,7.265779177161952,1191
1700760900000,0,0,0,0,0,0,7.272532779316691,7.273602031394256,1083
1700760960000,0,0,0,0,0,0,7.267385728061683,7.2684204435872575,1037
1700761020000,0,0,0,0,0,0,7.267079455164595,7.268122587968235,881
1700761080000,0,0,0,0,0,0,7.264068479355529,7.2651289023162064,993
1700761140000,0,0,0,0,0,0,7.267238683127557,7.268290809327846,729
1700761200000,0,0,0,0,0,0,7.273693631669542,7.274734939759022,581
1700761260000,0,0,0,0,0,0,7.274771999999954,7.275812000000004,1000
1700761320000,0,0,0,0,0,0,7.282609359104752,7.283637843336692,983
1700761380000,0,0,0,0,0,0,7.293819613457409,7.2948618468146815,1397
1700761440000,0,0,0,0,0,0,7.294533178114061,7.295566938300375,859
1700761500000,0,0,0,0,0,0,7.295846865364768,7.296930113052374,973
1700761560000,0,0,0,0,0,0,7.29535751682874,7.296409872849595,1337
1700761620000,0,0,0,0,0,0,7.304060636182833,7.305122266401566,1006
1700761680000,1,0,11.7,0,11.7,1,7.3105707121364105,7.311611835506517,997
1700761740000,0,0,0,0,0,0,7.318727490996416,7.319758703481381,833
1700761800000,1,0,410.9,0,410.9,1,7.330861286254696,7.33191235813364,1586
1700761860000,0,0,0,0,0,0,7.3213333333331985,7.322358490565947,1272
1700761920000,0,0,0,0,0,0,7.305730883224738,7.306759928867671,1687
1700761980000,0,0,0,0,0,0,7.302620161290282,7.3036661290322025,1240
1700762040000,0,0,0,0,0,0,7.290856366459648,7.291949534161518,1288
1700762100000,0,0,0,0,0,0,7.288662735849033,7.289699292452805,848
1700762160000,0,0,0,0,0,0,7.283509948415582,7.284551952837093,1357
1700762220000,0,0,0,0,0,0,7.272481554677085,7.273552042160616,1518
1700762280000,0,0,0,0,0,0,7.265277010560541,7.266319252640122,1231
1700762340000,0,0,0,0,0,0,7.266894981412608,7.267980483271387,1076
1700762400000,0,0,0,0,0,0,7.257516605165972,7.258568265682581,813
1700762460000,0,0,0,0,0,0,7.257268382352849,7.25833676470582,1360
1700762520000,0,0,0,0,0,0,7.257695979899484,7.258719849246213,796
1700762580000,0,0,0,0,0,0,7.262455681818202,7.263488636363596,880
1700762640000,0,0,0,0,0,0,7.255814009661849,7.2568502415459415,828
1700762700000,0,0,0,0,0,0,7.2616229903537155,7.26269855305459,1244
1700762760000,0,0,0,0,0,0,7.265252763448885,7.26630361090641,1357
1700762820000,0,0,0,0,0,0,7.270037523452168,7.27107504690436,1066
1700762880000,0,0,0,0,0,0,7.280788617886133,7.281903178122608,1353
1700762940000,0,0,0,0,0,0,7.275788142292463,7.276852964426886,1265
1700763000000,0,0,0,0,0,0,7.269192271442025,7.2702469368520735,1061
1700763060000,0,0,0,0,0,0,7.270320305862383,7.271355140186933,1177
1700763120000,0,0,0,0,0,0,7.266050914876736,7.267101034208439,1257
1700763180000,0,0,0,0,0,0,7.265813753581693,7.2668739255014945,1047
1700763240000,0,0,0,0,0,0,7.263945714285708,7.264965714285749,700
1700763300000,0,0,0,0,0,0,7.266592544987152,7.267623393316189,778
1700763360000,0,0,0,0,0,0,7.271176901924891,7.272249312557319,1091
1700763420000,0,0,0,0,0,0,7.271691034482833,7.272726896551706,725
1700763480000,0,0,0,0,0,0,7.276845283018871,7.27792955974844,795
1700763540000,0,0,0,0,0,0,7.280872513562424,7.281939421338231,1106
1700763600000,0,0,0,0,0,0,7.278717598908532,7.279788540245557,733
1700763660000,0,0,0,0,0,0,7.275938853503199,7.277043312101991,785
1700763720000,0,0,0,0,0,0,7.2739055555556025,7.274962499999994,720
1700763780000,0,0,0,0,0,0,7.2695746268656665,7.270611940298498,804
1700763840000,0,0,0,0,0,0,7.266852325581369,7.267931395348809,860
1700763900000,0,0,0,0,0,0,7.262760299625454,7.263782771535572,534
1700763960000,0,0,0,0,0,0,7.266098214285679,7.267124999999983,896
1700764020000,0,0,0,0,0,0,7.267496143958885,7.268528277634965,778
1700764080000,0,0,0,0,0,0,7.262957910014522,7.264001451378786,689
1700764140000,0,0,0,0,0,0,7.259744630071569,7.260751789976129,419
1700764200000,0,0,0,0,0,0,7.252226792009351,7.253292596944758,851
1700764260000,0,0,0,0,0,0,7.252168961201524,7.253192740926238,799
1700764320000,0,0,0,0,0,0,7.253591455273692,7.2546248331108165,749
1700764380000,0,0,0,0,0,0,7.261170629370694,7.262198601398634,715
1700764440000,0,0,0,0,0,0,7.253761570827535,7.2547840112202095,713
1700764500000,0,0,0,0,0,0,7.257815295815334,7.258841269841284,693
1700764560000,0,0,0,0,0,0,7.2567313109425315,7.257760563380331,923
1700764620000,0,0,0,0,0,0,7.255725601131537,7.256760961810461,707
1700764680000,0,0,0,0,0,0,7.254734234234266,7.255774774774796,666
1700764740000,0,0,0,0,0,0,7.256024115755651,7.257080385852088,622
1700764800000,0,0,0,0,0,0,7.25008590604028,7.251110067114063,745
1700764860000,0,0,0,0,0,0,7.249995238095295,7.251033333333334,840
1700764920000,0,0,0,0,0,0,7.249169719169736,7.250222222222199,819
1700764980000,0,0,0,0,0,0,7.244457202505216,7.245486430062634,479
1700765040000,0,0,0,0,0,0,7.246075757575781,7.247097402597387,462
1700765100000,0,0,0,0,0,0,7.245847656250049,7.24688541666663,768
1700765160000,0,0,0,0,0,0,7.245105263157948,7.246123355263152,608
1700765220000,0,0,0,0,0,0,7.246877118644093,7.247918079095992,708
1700765280000,0,0,0,0,0,0,7.249754409769315,7.250777476255081,737
1700765340000,0,0,0,0,0,0,7.2496142595978466,7.250652650822726,547
1700765400000,0,0,0,0,0,0,7.256378012048178,7.257427710843338,664
1700765460000,0,0,0,0,0,0,7.2547740440325175,7.255803012746276,863
1700765520000,0,0,0,0,0,0,7.25087364620933,7.2519079422382475,554
1700765580000,0,0,0,0,0,0,7.247425499231869,7.2485023041474745,651
1700765640000,0,0,0,0,0,0,7.24542645074226,7.246460188933871,741
1700765700000,0,0,0,0,0,0,7.245663934426203,7.246696721311466,488
1700765760000,0,0,0,0,0,0,7.247519354838664,7.2485370967741565,620
1700765820000,0,0,0,0,0,0,7.240965034965033,7.241993006993012,572
1700765880000,0,0,0,0,0,0,7.243792960662536,7.244809523809537,483
1700765940000,0,0,0,0,0,0,7.242589928057561,7.243623501199035,417
1700766000000,0,0,0,0,0,0,7.243104166666644,7.244111111111078,288
1700766060000,0,0,0,0,0,0,7.24497227356743,7.246013863216298,1082
1700766120000,0,0,0,0,0,0,7.240915413533819,7.241943609022552,532
1700766180000,0,1,0,1.0,1.0,1,7.231256255392614,7.232301121656608,1159
1700766240000,0,0,0,0,0,0,7.224123800383789,7.2251756238003715,1042
1700766300000,0,0,0,0,0,0,7.213589879154056,7.214668429003057,1324
1700766360000,0,0,0,0,0,0,7.207888324873074,7.208907614213135,985
1700766420000,0,0,0,0,0,0,7.207442224152954,7.208512597741067,1151
1700766480000,0,0,0,0,0,0,7.208539140022034,7.20957001102532,907
1700766540000,0,1,0,1.0,1.0,1,7.197494495412873,7.198530275229398,1090
1700766600000,0,0,0,0,0,0,7.199138328530283,7.200164265129621,1041
1700766660000,0,0,0,0,0,0,7.2043904255320035,7.205417021276637,940
1700766720000,0,0,0,0,0,0,7.199913938260117,7.2009607109447815,1069
1700766780000,0,0,0,0,0,0,7.203098997493774,7.204124060150444,798
1700766840000,0,0,0,0,0,0,7.206974963181112,7.208005891016209,679
1700766900000,0,0,0,0,0,0,7.208207142857158,7.209247142857082,700
1700766960000,0,0,0,0,0,0,7.213991337824899,7.215026948989417,1039
1700767020000,0,0,0,0,0,0,7.2245282669137785,7.225540315106582,1079
1700767080000,0,0,0,0,0,0,7.2306195426195465,7.231655925156,962
1700767140000,0,0,0,0,0,0,7.236277719113018,7.237316789862685,947
1700767200000,0,0,0,0,0,0,7.232438509316801,7.2334670807453785,805
1700767260000,0,0,0,0,0,0,7.2236276435045434,7.22464954682773,1324
1700767320000,0,0,0,0,0,0,7.22081442307688,7.221847115384568,1040
1700767380000,0,0,0,0,0,0,7.215996333638839,7.217024747937647,1091
1700767440000,0,0,0,0,0,0,7.217420833333339,7.218452777777729,720
1700767500000,0,0,0,0,0,0,7.216045205479495,7.217050684931542,730
1700767560000,0,0,0,0,0,0,7.214135802469189,7.215173961840649,891
1700767620000,0,0,0,0,0,0,7.211669683257897,7.2126923076923175,663
1700767680000,0,0,0,0,0,0,7.216531734837823,7.217552891396257,709
1700767740000,0,0,0,0,0,0,7.2151978891820985,7.216217678100283,758
1700767800000,0,0,0,0,0,0,7.216791899441367,7.217804469273699,716
1700767860000,0,0,0,0,0,0,7.212379825653797,7.213422166874287,803
1700767920000,0,0,0,0,0,0,7.211861198738134,7.212875394321795,634
1700767980000,0,0,0,0,0,0,7.21358196721318,7.214596018735383,854
1700768040000,0,0,0,0,0,0,7.213684624018015,7.21472502805836,891
1700768100000,0,0,0,0,0,0,7.2222983606558575,7.223307103825157,915
1700768160000,0,0,0,0,0,0,7.221213346814985,7.222235591506588,989
1700768220000,0,0,0,0,0,0,7.225280639431659,7.226314387211423,563
1700768280000,0,0,0,0,0,0,7.223312217194596,7.224352941176503,663
1700768340000,0,0,0,0,0,0,7.2263724696356135,7.227404858299651,494
1700768400000,0,0,0,0,0,0,7.220790789473629,7.221824999999963,760
1700768460000,0,0,0,0,0,0,7.221674234945657,7.2227156959525765,1013
1700768520000,0,0,0,0,0,0,7.2229284928493,7.223966996699634,909
1700768580000,0,0,0,0,0,0,7.218631103074137,7.21966907775766,553
1700768640000,0,0,0,0,0,0,7.220501632208838,7.22151142546243,919
1700768700000,0,0,0,0,0,0,7.220428571428624,7.221455714285757,700
1700768760000,0,0,0,0,0,0,7.2280766355139665,7.229095327102844,1070
1700768820000,0,0,0,0,0,0,7.2279750346740546,7.22902912621361,721
1700768880000,0,0,0,0,0,0,7.225143067846628,7.226175516224185,678
1700768940000,0,0,0,0,0,0,7.225768595041297,7.226791735537207,605
1700769000000,0,0,0,0,0,0,7.2273049645390035,7.22834184397156,705
1700769060000,0,0,0,0,0,0,7.2344258064515605,7.235498924731051,1395
1700769120000,0,0,0,0,0,0,7.234823935558118,7.235853855005817,869
1700769180000,0,0,0,0,0,0,7.230127236580484,7.231149105367765,503
1700769240000,0,0,0,0,0,0,7.223535958904102,7.224571917808256,584
1700769300000,0,0,0,0,0,0,7.2212927107061295,7.222324601366713,878
1700769360000,0,0,0,0,0,0,7.217394618834088,7.218454409566548,669
1700769420000,0,0,0,0,0,0,7.214833333333381,7.215850877192969,684
1700769480000,0,0,0,0,0,0,7.213870796460173,7.2148938053097655,565
1700769540000,0,0,0,0,0,0,7.2081144067796545,7.209156779661038,708
1700769600000,0,0,0,0,0,0,7.205564210526338,7.206607368421137,950
1700769660000,0,0,0,0,0,0,7.202731266149862,7.203775193798453,1161
1700769720000,0,0,0,0,0,0,7.204144736842086,7.205183014354113,836
1700769780000,0,0,0,0,0,0,7.2051925795053355,7.206208480565414,566
1700769840000,0,0,0,0,0,0,7.207060606060546,7.208076648841344,561
1700769900000,0,0,0,0,0,0,7.210487252124667,7.2115042492917905,706
1700769960000,0,0,0,0,0,0,7.216432024169124,7.21752870090633,993
1700770020000,0,0,0,0,0,0,7.223728643216107,7.22475544388605,597
1700770080000,0,0,0,0,0,0,7.227400837988835,7.228481843575422,716
1700770140000,0,0,0,0,0,0,7.2295749128920255,7.230611498257886,574
1700770200000,0,0,0,0,0,0,7.227004938271608,7.228055555555577,810
1700770260000,0,0,0,0,0,0,7.222342803030281,7.223369318181856,528
1700770320000,0,0,0,0,0,0,7.21950558659217,7.220508379888286,358
1700770380000,0,0,0,0,0,0,7.21799999999999,7.219011655011681,429
1700770440000,0,0,0,0,0,0,7.2207276887872425,7.221745995423355,437
1700770500000,0,0,0,0,0,0,7.223812121212129,7.224832323232325,495
1700770560000,0,0,0,0,0,0,7.224518684603871,7.225535127055318,669
1700770620000,0,0,0,0,0,0,7.231330058939139,7.232341846758347,509
1700770680000,0,0,0,0,0,0,7.23524815724816,7.2362555282555405,407
1700770740000,0,0,0,0,0,0,7.232078000000018,7.233090000000039,500
1700770800000,0,0,0,0,0,0,7.236132596685077,7.237143646408844,543
1700770860000,0,0,0,0,0,0,7.235523465703938,7.23653249097469,554
1700770920000,0,0,0,0,0,0,7.236283757338577,7.23730724070452,511
1700770980000,0,0,0,0,0,0,7.232962162162164,7.233997297297293,370
1700771040000,0,0,0,0,0,0,7.238379679144399,7.239487700534706,935
1700771100000,0,0,0,0,0,0,7.241895863052785,7.24294008559206,701
1700771160000,0,0,0,0,0,0,7.238618208516867,7.239641703377378,681
1700771220000,0,0,0,0,0,0,7.236383561643854,7.237414872798454,511
1700771280000,0,0,0,0,0,0,7.235224409448837,7.236263779527518,508
1700771340000,0,0,0,0,0,0,7.2352734138972306,7.236321752265845,662
1700771400000,0,0,0,0,0,0,7.234059299191341,7.235083557951478,371
1700771460000,0,0,0,0,0,0,7.232355971896956,7.233391100702672,854
1700771520000,0,0,0,0,0,0,7.230765776699063,7.231786407766998,824
1700771580000,0,0,0,0,0,0,7.227790149892962,7.228834047109232,934
1700771640000,0,0,0,0,0,0,7.216797330097119,7.217881067961208,824
1700771700000,0,0,0,0,0,0,7.212025362318938,7.213086956521748,828
1700771760000,0,0,0,0,0,0,7.206693146417494,7.207711838006298,642
1700771820000,0,0,0,0,0,0,7.2033353474320165,7.204386706948673,662
1700771880000,0,0,0,0,0,0,7.202104851330241,7.203165884194125,639
1700771940000,0,0,0,0,0,0,7.2005933333333765,7.201628333333363,600
1700772000000,0,0,0,0,0,0,7.205327083333299,7.206354166666622,480
1700772060000,0,0,0,0,0,0,7.208549763033128,7.209578199052109,633
1700772120000,0,0,0,0,0,0,7.209810147299498,7.21084615384615,611
1700772180000,0,0,0,0,0,0,7.213475746268633,7.21451492537313,536
1700772240000,0,0,0,0,0,0,7.214382932166303,7.215402625820526,457
1700772300000,0,0,0,0,0,0,7.215668016194346,7.216690283400854,494
1700772360000,0,0,0,0,0,0,7.211041194644672,7.212082389289386,971
1700772420000,0,0,0,0,0,0,7.207289836888341,7.208323713927223,797
1700772480000,0,0,0,0,0,0,7.214359877488572,7.215384379785567,653
1700772540000,0,0,0,0,0,0,7.215877442273524,7.216914742451154,563
1700772600000,0,0,0,0,0,0,7.216315533980618,7.217357605177985,618
1700772660000,0,0,0,0,0,0,7.212427207637252,7.213471360381814,838
1700772720000,0,0,0,0,0,0,7.218256410256389,7.219282051282066,585
1700772780000,0,0,0,0,0,0,7.219123355263141,7.220164473684231,608
1700772840000,0,0,0,0,0,0,7.214849287169032,7.215879837067233,491
1700772900000,0,0,0,0,0,0,7.216176190476205,7.217204761904785,420
1700772960000,0,0,0,0,0,0,7.217197696737053,7.218238003838744,521
1700773020000,0,0,0,0,0,0,7.218753880266071,7.219787139689571,451
1700773080000,0,0,0,0,0,0,7.22233919156415,7.2233866432337654,569
1700773140000,0,0,0,0,0,0,7.222688095238091,7.223726190476213,420
1700773200000,0,0,0,0,0,0,7.220440261865769,7.22145008183301,611
1700773260000,0,0,0,0,0,0,7.222375000000024,7.223388157894784,760
1700773320000,0,0,0,0,0,0,7.224222457627161,7.225235169491539,472
1700773380000,0,0,0,0,0,0,7.227516331658287,7.228565326633203,796
1700773440000,0,0,0,0,0,0,7.233690637720474,7.234705563093592,737
1700773500000,0,0,0,0,0,0,7.236745247148275,7.2377813688213015,526
1700773560000,0,0,0,0,0,0,7.235104984093318,7.236153764581111,943
1700773620000,0,0,0,0,0,0,7.24472231985947,7.245778558875205,1138
1700773680000,0,0,0,0,0,0,7.242847396768423,7.243877917414714,557
1700773740000,0,0,0,0,0,0,7.243504159733744,7.244539101497469,601
1700773800000,0,0,0,0,0,0,7.250746913580266,7.251780864197505,972
1700773860000,0,0,0,0,0,0,7.248765509989478,7.249796004206148,951
1700773920000,0,0,0,0,0,0,7.245579679144419,7.246608556149801,935
1700773980000,0,0,0,0,0,0,7.243349282296643,7.244384370015932,627
1700774040000,0,0,0,0,0,0,7.236462000000047,7.237485999999978,500
1700774100000,0,0,0,0,0,0,7.238843023255779,7.239876453488339,688
1700774160000,0,0,0,0,0,0,7.235562180579177,7.236609880749536,1174
1700774220000,0,0,0,0,0,0,7.2341305555555335,7.235162499999998,720
1700774280000,0,0,0,0,0,0,7.236830215827348,7.237861870503576,695
1700774340000,0,0,0,0,0,0,7.2315327102804074,7.232551401869176,428
1700774400000,0,0,0,0,0,0,7.224767366720539,7.225883683360316,619
1700774460000,0,0,0,0,0,0,7.224212076583205,7.225256259204693,679
1700774520000,0,0,0,0,0,0,7.227375903614489,7.228395180722869,415
1700774580000,0,0,0,0,0,0,7.226014925373175,7.227027985074626,536
1700774640000,0,0,0,0,0,0,7.228137982195806,7.229191394658701,674
1700774700000,0,0,0,0,0,0,7.229393115942013,7.230411231884006,552
1700774760000,0,0,0,0,0,0,7.228274056029217,7.229291108404309,821
1700774820000,0,0,0,0,0,0,7.225928753180661,7.226955470737909,786
1700774880000,0,0,0,0,0,0,7.229757412398919,7.230796495956954,742
1700774940000,0,0,0,0,0,0,7.227642633228855,7.2286880877742705,638
1700775000000,0,0,0,0,0,0,7.227833671399616,7.228872210953305,493
1700775060000,0,0,0,0,0,0,7.231193997856379,7.232214362272264,933
1700775120000,0,0,0,0,0,0,7.230469589816075,7.231512022630826,707
1700775180000,0,0,0,0,0,0,7.222879773691689,7.223900990099056,707
1700775240000,0,0,0,0,0,0,7.220854193548321,7.221887741935422,775
1700775300000,0,0,0,0,0,0,7.220892307692309,7.221900000000046,390
1700775360000,0,0,0,0,0,0,7.223479487179472,7.224533333333284,780
1700775420000,0,0,0,0,0,0,7.217593996840431,7.218616113744086,633
1700775480000,0,0,0,0,0,0,7.21737092391309,7.2184048913043,736
1700775540000,0,0,0,0,0,0,7.215128668171513,7.216162528216727,443
1700775600000,0,0,0,0,0,0,7.2127253521126224,7.2137588028168595,568
1700775660000,0,0,0,0,0,0,7.21314685314691,7.214182983683018,858
1700775720000,0,0,0,0,0,0,7.213204954954959,7.214211711711687,444
1700775780000,0,0,0,0,0,0,7.216951501154738,7.21796535796769,433
1700775840000,0,0,0,0,0,0,7.215737499999933,7.216766666666644,720
1700775900000,0,0,0,0,0,0,7.219468197879874,7.2204876325088225,566
1700775960000,0,0,0,0,0,0,7.216475651189118,7.2174926387315725,883
1700776020000,0,0,0,0,0,0,7.216126139817575,7.217148936170145,658
1700776080000,0,0,0,0,0,0,7.218583203732464,7.219609642301663,643
1700776140000,0,0,0,0,0,0,7.2229565217391505,7.223984347826108,575
1700776200000,0,0,0,0,0,0,7.223751984127023,7.224785714285672,504
1700776260000,0,0,0,0,0,0,7.223664516129043,7.224711290322618,620
1700776320000,0,0,0,0,0,0,7.2291658767772535,7.230199052132724,633
1700776380000,0,0,0,0,0,0,7.231921940928255,7.2330168776371515,474
1700776440000,0,0,0,0,0,0,7.230488855869243,7.231604754829119,673
1700776500000,0,0,0,0,0,0,7.226932098765469,7.2280154320988,648
1700776560000,0,0,0,0,0,0,7.229304900181488,7.230386569872975,551
1700776620000,0,0,0,0,0,0,7.225446069469827,7.226550274223033,547
1700776680000,0,0,0,0,0,0,7.2282762312634015,7.229295503211977,467
1700776740000,0,0,0,0,0,0,7.229981132075552,7.231004192872126,477
1700776800000,0,0,0,0,0,0,7.230973282442741,7.2320400763359,524
1700776860000,0,0,0,0,0,0,7.231010854816772,7.232101763907763,737
1700776920000,0,0,0,0,0,0,7.230219936708865,7.231272151898748,632
1700776980000,0,0,0,0,0,0,7.228152136752126,7.229182905982948,585
1700777040000,0,0,0,0,0,0,7.229626277372269,7.230658394160549,685
1700777100000,0,0,0,0,0,0,7.231092399403948,7.232178837555931,671
1700777160000,0,0,0,0,0,0,7.232168728908837,7.2332373453318075,889
1700777220000,0,0,0,0,0,0,7.231430041152279,7.23245884773666,486
1700777280000,0,0,0,0,0,0,7.234156479217586,7.235256723716379,409
1700777340000,0,0,0,0,0,0,7.232610561056146,7.233747524752505,606
1700777400000,0,0,0,0,0,0,7.2319404761904815,7.2329928571428646,420
1700777460000,0,0,0,0,0,0,7.22741188118814,7.228429702970314,505
1700777520000,0,0,0,0,0,0,7.226008230452713,7.227090534979413,486
1700777580000,0,0,0,0,0,0,7.228163306451609,7.229223790322541,496
1700777640000,0,0,0,0,0,0,7.226358974359014,7.227371794871835,312
1700777700000,0,0,0,0,0,0,7.231241561181568,7.232246835443146,948
1700777760000,0,0,0,0,0,0,7.236539682539664,7.237558730158701,630
1700777820000,0,0,0,0,0,0,7.23677183098593,7.23785070422541,355
1700777880000,0,0,0,0,0,0,7.233199999999988,7.234321052631564,380
1700777940000,0,0,0,0,0,0,7.235027348394784,7.236061831153364,841
1700778000000,0,0,0,0,0,0,7.238995802728082,7.23999999999986,953
1700778060000,0,0,0,0,0,0,7.238809688581342,7.239826989619384,289
1700778120000,0,0,0,0,0,0,7.2388158347676335,7.239817555937969,581
1700778180000,0,0,0,0,0,0,7.237973404255359,7.238984042553213,188
1700778240000,0,0,0,0,0,0,7.234982100238621,7.236015513126517,838
1700778300000,0,0,0,0,0,0,7.227316472114076,7.2283501945525055,771
1700778360000,0,0,0,0,0,0,7.228086866597612,7.229097207859306,967
1700778420000,0,0,0,0,0,0,7.222944517833557,7.223963011889114,757
1700778480000,0,0,0,0,0,0,7.229789924973196,7.230800643086944,933
1700778540000,0,0,0,0,0,0,7.234253892215523,7.2352550898203685,835
1700778600000,0,0,0,0,0,0,7.231519906323208,7.232545667447334,427
1700778660000,0,0,0,0,0,0,7.238298896689955,7.239320962888576,997
1700778720000,0,0,0,0,0,0,7.237356807511738,7.238380281690158,426
1700778780000,0,0,0,0,0,0,7.237512071156284,7.238517153748366,787
1700778840000,0,0,0,0,0,0,7.234925517241337,7.235928275862014,725
1700778900000,0,0,0,0,0,0,7.236457831325373,7.2374650602409165,830
1700778960000,0,0,0,0,0,0,7.233435804701638,7.234450271247791,553
1700779020000,0,0,0,0,0,0,7.229354523227428,7.230364303178546,409
1700779080000,0,0,0,0,0,0,7.230076759061784,7.231102345415803,469
1700779140000,0,0,0,0,0,0,7.233177522349873,7.234197956577213,783
1700779200000,0,0,0,0,0,0,7.235728770595637,7.236730038022865,789
1700779260000,0,0,0,0,0,0,7.233297076023427,7.234301754385987,855
1700779320000,0,0,0,0,0,0,7.23596659242763,7.2369766146993015,898
1700779380000,0,0,0,0,0,0,7.239866206896498,7.240868965517293,725
1700779440000,0,0,0,0,0,0,7.24232029795161,7.243372439478581,537
1700779500000,0,0,0,0,0,0,7.242930594900898,7.24393342776202,706
1700779560000,0,0,0,0,0,0,7.24145431472081,7.24249238578684,394
1700779620000,0,0,0,0,0,0,7.24194298245624,7.242942982456174,684
1700779680000,0,0,0,0,0,0,7.242103448275982,7.243109195402273,696
1700779740000,0,0,0,0,0,0,7.242524590163973,7.243524590163926,671
1700779800000,0,0,0,0,0,0,7.2430000000000385,7.24399999999999,687
1700779860000,0,0,0,0,0,0,7.243170532060037,7.244171896316514,733
1700779920000,0,0,0,0,0,0,7.245304191616679,7.246370059880282,835
1700779980000,0,0,0,0,0,0,7.2515701042874285,7.252572421784428,863
1700780040000,0,0,0,0,0,0,7.253083749999976,7.254084999999942,800
1700780100000,0,0,0,0,0,0,7.256779805352705,7.2577822384427035,822
1700780160000,0,0,0,0,0,0,7.256999999999903,7.257999999999886,824
1700780220000,0,0,0,0,0,0,7.256214111922146,7.257233576642364,411
1700780280000,0,0,0,0,0,0,7.256000000000011,7.2569999999999615,687
1700780340000,0,0,0,0,0,0,7.253081991215215,7.254115666178678,683
1700780400000,0,0,0,0,0,0,7.253095959595964,7.254121212121166,594
1700780460000,0,0,0,0,0,0,7.255922368421091,7.2569460526315,760
1700780520000,0,0,0,0,0,0,7.257312499999976,7.258320652173931,368
1700780580000,0,0,0,0,0,0,7.2554412191581825,7.256496371552939,689
1700780640000,0,0,0,0,0,0,7.258254113345546,7.25927239488124,547
1700780700000,0,0,0,0,0,0,7.258215477996957,7.259250379362709,659
1700780760000,0,0,0,0,0,0,7.2532442622951105,7.254277049180293,610
1700780820000,0,0,0,0,0,0,7.261224250325939,7.2622659713168485,767
1700780880000,0,0,0,0,0,0,7.261761956521717,7.262790217391301,920
1700780940000,0,0,0,0,0,0,7.256222222222191,7.257279650436909,801
1700781000000,0,0,0,0,0,0,7.2554061224489885,7.256436734693878,490
1700781060000,0,0,0,0,0,0,7.255007272727306,7.256023636363635,550
1700781120000,0,0,0,0,0,0,7.249699398797563,7.250733466933831,499
1700781180000,0,0,0,0,0,0,7.249611670020105,7.2506257545271655,497
1700781240000,0,0,0,0,0,0,7.250917475728175,7.251939320388338,412
1700781300000,0,0,0,0,0,0,7.250991452991504,7.252012820512802,468
1700781360000,0,0,0,0,0,0,7.249303464755001,7.25031899641571,837
1700781420000,0,0,0,0,0,0,7.2475681818181705,7.248589015151495,528
1700781480000,0,0,0,0,0,0,7.247769357495836,7.248794069192712,607
1700781540000,0,0,0,0,0,0,7.2469514731369635,7.247963604852637,577
1700781600000,0,0,0,0,0,0,7.243867834394923,7.244902866242081,628
1700781660000,0,0,0,0,0,0,7.239359162303639,7.2403780104710735,955
1700781720000,0,0,0,0,0,0,7.239490196078398,7.240527777777813,612
1700781780000,0,0,0,0,0,0,7.243286806883351,7.244307839388119,523
1700781840000,0,0,0,0,0,0,7.243359267734577,7.244398169336364,437
1700781900000,0,0,0,0,0,0,7.239358361774761,7.240378839590453,293
1700781960000,0,0,0,0,0,0,7.238532448377579,7.239598820058976,678
1700782020000,0,0,0,0,0,0,7.239304999999998,7.240348333333334,600
1700782080000,0,0,0,0,0,0,7.235215867158687,7.236247232472338,542
1700782140000,0,0,0,0,0,0,7.229341013824891,7.230388632872514,651
1700782200000,0,0,0,0,0,0,7.231553299492469,7.232570219966137,591
1700782260000,0,0,0,0,0,0,7.2367706821480855,7.237791001451361,689
1700782320000,0,0,0,0,0,0,7.241733201581038,7.242741106719352,506
1700782380000,0,0,0,0,0,0,7.239781690140833,7.240816901408357,710
1700782440000,0,0,0,0,0,0,7.244073434125288,7.24508639308856,463
1700782500000,0,0,0,0,0,0,7.242628415300587,7.2436475409835746,366
1700782560000,0,0,0,0,0,0,7.2386545454545015,7.239677685950394,605
1700782620000,0,0,0,0,0,0,7.2399520348837125,7.24104069767446,688
1700782680000,0,0,0,0,0,0,7.2360845637583955,7.237131543624141,745
1700782740000,0,0,0,0,0,0,7.236377419354862,7.237387096774232,310
1700782800000,0,0,0,0,0,0,7.233931570762063,7.234958009331264,643
1700782860000,0,0,0,0,0,0,7.236777624309416,7.2378287292817545,724
1700782920000,0,0,0,0,0,0,7.233472703062594,7.23452463382157,751
1700782980000,0,0,0,0,0,0,7.229636363636336,7.230655844155843,462
1700783040000,0,0,0,0,0,0,7.22734022556388,7.22835714285719,532
1700783100000,0,0,0,0,0,0,7.226994047619102,7.228017857142863,336
1700783160000,0,0,0,0,0,0,7.2225947826087165,7.223610434782619,575
1700783220000,0,0,0,0,0,0,7.221995918367393,7.223008163265282,490
1700783280000,0,0,0,0,0,0,7.226135646687724,7.227138801261865,317
1700783340000,0,0,0,0,0,0,7.22729166666664,7.2283194444444625,576
1700783400000,0,0,0,0,0,0,7.2285823389021555,7.229625298329344,419
1700783460000,0,0,0,0,0,0,7.226629370629412,7.227664335664327,429
1700783520000,0,0,0,0,0,0,7.226518624641874,7.227550143266477,349
1700783580000,0,0,0,0,0,0,7.226043583535103,7.227067796610211,413
1700783640000,0,0,0,0,0,0,7.222911504424757,7.223923303834796,339
1700783700000,0,0,0,0,0,0,7.224245862884182,7.22527423167852,423
1700783760000,0,0,0,0,0,0,7.223124242424253,7.224130303030272,330
1700783820000,0,0,0,0,0,0,7.226484771573616,7.22751015228427,394
1700783880000,0,0,0,0,0,0,7.227422680412397,7.2284458762886805,388
1700783940000,0,0,0,0,0,0,7.223958549222804,7.224994818652829,386
1700784000000,0,0,0,0,0,0,7.2248851063829465,7.225895744680811,470
1700784060000,0,0,0,0,0,0,7.2314265997490725,7.232460476788036,797
1700784120000,0,0,0,0,0,0,7.2389236363636265,7.239976969696989,825
1700784180000,0,0,0,0,0,0,7.244593869731807,7.245643678160959,522
1700784240000,0,0,0,0,0,0,7.245688614540465,7.246709190672161,729
1700784300000,0,0,0,0,0,0,7.245754601227025,7.2467750511247315,489
1700784360000,0,0,0,0,0,0,7.2450683453237925,7.246106115107904,556
1700784420000,0,0,0,0,0,0,7.2412028985507,7.242230072463814,552
1700784480000,0,0,0,0,0,0,7.2357568740954825,7.23679160636755,691
1700784540000,0,0,0,0,0,0,7.2315160256410245,7.232584935897434,624
1700784600000,0,0,0,0,0,0,7.221601029601008,7.222630630630622,777
1700784660000,0,0,0,0,0,0,7.216426289034132,7.2174901960784466,1377
1700784720000,0,0,0,0,0,0,7.215930569948196,7.216976165803044,965
1700784780000,0,0,0,0,0,0,7.211807639836286,7.2128294679399865,733
1700784840000,0,0,0,0,0,0,7.210168236877575,7.211195154777854,743
1700784900000,0,0,0,0,0,0,7.2076420454545,7.208703125000013,704
1700784960000,0,0,0,0,0,0,7.217466666666634,7.218508444444359,1125
1700785020000,0,0,0,0,0,0,7.218583333333338,7.219655797101413,828
1700785080000,0,0,0,0,0,0,7.225962676962661,7.227007722007678,777
1700785140000,0,0,0,0,0,0,7.237891238670684,7.238938569989934,993
1700785200000,0,0,0,0,0,0,7.2334625506073165,7.234494939271301,988
1700785260000,0,0,0,0,0,0,7.232595076400742,7.233648556876104,1178
1700785320000,0,0,0,0,0,0,7.236543234994851,7.237580874872802,983
1700785380000,0,0,0,0,0,0,7.242728531855942,7.2437673130193385,722
1700785440000,0,0,0,0,0,0,7.249387832699629,7.250413181242043,789
1700785500000,0,0,0,0,0,0,7.264358126721877,7.265422176308422,1452
1700785560000,0,0,0,0,0,0,7.2579943582511115,7.259043018335742,1418
1700785620000,0,0,0,0,0,0,7.262866666666726,7.263900606060545,825
1700785680000,0,0,0,0,0,0,7.260418927862366,7.261479152878872,1511
1700785740000,0,0,0,0,0,0,7.261586510264006,7.262639296187678,1023
1700785800000,0,0,0,0,0,0,7.254796238244535,7.255863636363662,638
1700785860000,0,0,0,0,0,0,7.257738675958238,7.258822299651618,1148
1700785920000,0,0,0,0,0,0,7.253302857142891,7.254347428571395,875
1700785980000,0,0,0,0,0,0,7.261492187500052,7.2625755208333915,768
1700786040000,0,0,0,0,0,0,7.266139678615585,7.267173053152061,809
1700786100000,0,0,0,0,0,0,7.271732542819516,7.272761528326775,759
1700786160000,0,0,0,0,0,0,7.273236596736592,7.274272727272677,858
1700786220000,0,0,0,0,0,0,7.2763881720430765,7.277417204301098,930
1700786280000,0,0,0,0,0,0,7.276541050903081,7.277605911330106,1218
1700786340000,0,0,0,0,0,0,7.278407711238785,7.279483182936858,1219
1700786400000,0,0,0,0,0,0,7.279230040595411,7.2803071718538135,739
1700786460000,0,0,0,0,0,0,7.282061965811925,7.283116452991435,936
1700786520000,0,0,0,0,0,0,7.280230673316749,7.281291770573625,802
1700786580000,0,0,0,0,0,0,7.277203007518788,7.27822305764409,399
1700786640000,0,0,0,0,0,0,7.283346549192363,7.284412628487476,681
1700786700000,0,0,0,0,0,0,7.27877164179104,7.279814925373126,670
1700786760000,0,0,0,0,0,0,7.278896794370518,7.279960906958551,1279
1700786820000,0,0,0,0,0,0,7.283186830015288,7.2842404287901825,653
1700786880000,0,0,0,0,0,0,7.283336633663382,7.2843821782178075,505
1700786940000,0,0,0,0,0,0,7.2770286458333535,7.278070312500021,768
1700787000000,0,0,0,0,0,0,7.272038580246909,7.273137345678998,648
1700787060000,0,0,0,0,0,0,7.270399129172684,7.271457184325128,689
1700787120000,0,0,0,0,0,0,7.273376288659838,7.274449484536114,970
1700787180000,0,0,0,0,0,0,7.2756830188679515,7.276715094339612,530
1700787240000,0,0,0,0,0,0,7.273608903020636,7.274650238473745,629
1700787300000,0,0,0,0,0,0,7.2899334428923614,7.291092029580983,1217
1700787360000,0,0,0,0,0,0,7.294204359672996,7.295247048138007,1101
1700787420000,0,0,0,0,0,0,7.291184389140274,7.292269230769192,884
1700787480000,0,0,0,0,0,0,7.2860099626400485,7.287064757160614,803
1700787540000,0,0,0,0,0,0,7.288195488721787,7.289296992481179,532
1700787600000,0,0,0,0,0,0,7.280860594795528,7.281879182156112,538
1700787660000,0,0,0,0,0,0,7.283279411764718,7.284341176470623,1020
1700787720000,0,0,0,0,0,0,7.28669012707719,7.2877223851417465,1023
1700787780000,0,0,0,0,0,0,7.290006451612951,7.291041935483884,620
1700787840000,0,0,0,0,0,0,7.295349282296662,7.296392344497603,836
1700787900000,0,0,0,0,0,0,7.305112169312095,7.306242328042288,945
1700787960000,0,0,0,0,0,0,7.308730848861268,7.309765010351958,966
1700788020000,0,0,0,0,0,0,7.307019955654017,7.308073170731671,902
1700788080000,0,0,0,0,0,0,7.308534444444452,7.309689999999958,900
1700788140000,0,0,0,0,0,0,7.308335382513791,7.3094125683061115,1464
1700788200000,0,0,0,0,0,0,7.304632882882823,7.305691441441456,888
1700788260000,0,0,0,0,0,0,7.304368556701023,7.305390463917529,776
1700788320000,0,0,0,0,0,0,7.298546772068382,7.299573122529566,759
1700788380000,0,0,0,0,0,0,7.3024653312788415,7.303496147919857,649
1700788440000,0,0,0,0,0,0,7.3040951248513775,7.305142687277035,841
1700788500000,0,0,0,0,0,0,7.307441176470631,7.308505347593586,748
1700788560000,0,0,0,0,0,0,7.316395604395637,7.317435897436038,1092
1700788620000,0,0,0,0,0,0,7.32109534534526,7.3221636636635825,1332
1700788680000,0,0,0,0,0,0,7.316031746031715,7.317109890109922,819
1700788740000,0,0,0,0,0,0,7.321108448928081,7.322138713745266,793
1700788800000,0,0,0,0,0,0,7.322935628742507,7.323962574850325,668
1700788860000,0,0,0,0,0,0,7.3209460946094795,7.321977997799831,909
1700788920000,0,0,0,0,0,0,7.322220264317154,7.323237885462575,454
1700788980000,0,0,0,0,0,0,7.319709844559611,7.320738341968908,386
1700789040000,0,0,0,0,0,0,7.317499115044292,7.318548672566405,565
1700789100000,0,0,0,0,0,0,7.319181688125976,7.320234620886943,699
1700789160000,0,0,0,0,0,0,7.323727784027018,7.3247570303712095,889
