1700725020000,0,0,0,0,0,0,0.06465,0.06466,1
1700725080000,0,0,0,0,0,0,0.064676231884058,0.06469217391304348,69
1700725140000,0,0,0,0,0,0,0.06461670731707334,0.06463573170731712,164
1700725200000,0,0,0,0,0,0,0.06495651911468843,0.06498739436619755,994
1700725260000,0,0,0,0,0,0,0.06488096052631508,0.06489256578947396,760
1700725320000,0,0,0,0,0,0,0.06489509246088189,0.06490844950213309,703
1700725380000,0,0,0,0,0,0,0.06493813605442203,0.06495034013605408,735
1700725440000,0,0,0,0,0,0,0.06500000000000025,0.06500999999999998,320
1700725500000,0,0,0,0,0,0,0.06498640338504887,0.06499754583921083,709
1700725560000,0,0,0,0,0,0,0.06499663333333298,0.06500743333333348,300
1700725620000,0,0,0,0,0,0,0.06502989417989392,0.06504537037037043,378
1700725680000,0,0,0,0,0,0,0.06509401639344235,0.06510627049180391,488
1700725740000,0,0,0,0,0,0,0.06516976804123696,0.06518298969072192,388
1700725800000,0,0,0,0,0,0,0.06510116981132004,0.0651178679245286,530
1700725860000,0,0,0,0,0,0,0.06510052132701404,0.0651182938388627,211
1700725920000,0,0,0,0,0,0,0.06512896825396824,0.06514380952380941,126
1700725980000,0,0,0,0,0,0,0.06515410112359545,0.06517769662921337,178
1700726040000,0,0,0,0,0,0,0.06515999999999995,0.06518440909090915,220
1700726100000,0,0,0,0,0,0,0.06516168421052627,0.06517673684210523,95
1700726160000,0,0,0,0,0,0,0.0651664227642277,0.06517886178861775,123
1700726220000,0,0,0,0,0,0,0.06518664150943404,0.06520139622641519,265
1700726280000,0,0,0,0,0,0,0.06518215686274503,0.06519392156862738,51
1700726340000,0,0,0,0,0,0,0.06518367346938768,0.06519918367346936,49
1700726400000,0,0,0,0,0,0,0.06520638297872355,0.06521985815602847,141
1700726460000,0,0,0,0,0,0,0.06524723529411751,0.06526029411764714,170
1700726520000,0,0,0,0,0,0,0.06528193832599083,0.06529832599118954,227
1700726580000,0,0,0,0,0,0,0.06524377358490559,0.06525877358490573,212
1700726640000,0,0,0,0,0,0,0.06527043478260862,0.06528076086956512,92
1700726700000,0,0,0,0,0,0,0.06526959999999997,0.06527960000000001,25
1700726760000,0,0,0,0,0,0,0.0653288257575758,0.06534337121212119,264
1700726820000,0,0,0,0,0,0,0.06536424460431647,0.06537669064748199,139
1700726880000,0,0,0,0,0,0,0.06530863636363626,0.06532343434343434,198
1700726940000,0,0,0,0,0,0,0.06528837209302327,0.0652986046511628,86
1700727000000,0,0,0,0,0,0,0.06525185840707973,0.06527070796460187,113
1700727060000,0,0,0,0,0,0,0.06518980263157893,0.06520157894736828,152
1700727120000,0,0,0,0,0,0,0.06521447368421059,0.06523282894736838,152
1700727180000,0,0,0,0,0,0,0.06525601307189555,0.06527405228758174,153
1700727240000,0,0,0,0,0,0,0.06522508196721322,0.06523934426229508,122
1700727300000,0,0,0,0,0,0,0.06517107843137249,0.06518470588235283,102
1700727360000,0,0,0,0,0,0,0.06515166666666672,0.0651630769230769,78
1700727420000,0,0,0,0,0,0,0.06515911764705891,0.06517161764705884,68
1700727480000,0,0,0,0,0,0,0.06512897058823537,0.06514333333333314,204
1700727540000,0,0,0,0,0,0,0.06507820512820515,0.06509094017094019,117
1700727600000,0,0,0,0,0,0,0.0651261764705881,0.06514088235294087,204
1700727660000,0,0,0,0,0,0,0.06517315789473688,0.06518638157894732,152
1700727720000,0,0,0,0,0,0,0.06514766666666667,0.06516183333333332,60
1700727780000,0,0,0,0,0,0,0.06511350649350654,0.06512792207792195,154
1700727840000,0,0,0,0,0,0,0.0651182608695651,0.06513217391304359,92
1700727900000,0,0,0,0,0,0,0.06510283333333343,0.06511683333333333,60
1700727960000,0,0,0,0,0,0,0.06507875000000002,0.06509250000000005,32
1700728020000,0,0,0,0,0,0,0.0650505084745762,0.0650716949152542,59
1700728080000,0,0,0,0,0,0,0.06502221428571438,0.06504478571428572,140
1700728140000,0,0,0,0,0,0,0.06500944954128447,0.06502128440366968,109
1700728200000,0,0,0,0,0,0,0.0650134722222222,0.06502708333333328,144
1700728260000,0,0,0,0,0,0,0.06497264808362348,0.06498804878048776,287
1700728320000,0,0,0,0,0,0,0.06497105691056927,0.06498674796747964,123
1700728380000,0,0,0,0,0,0,0.06497674698795168,0.06499265060240975,166
1700728440000,0,0,0,0,0,0,0.06502324723247217,0.06503889298892995,271
1700728500000,0,0,0,0,0,0,0.06504206106870228,0.06505549618320611,131
1700728560000,0,0,0,0,0,0,0.06502407582938396,0.0650370616113744,211
1700728620000,0,0,0,0,0,0,0.06504781609195401,0.065062911877395,261
1700728680000,0,0,0,0,0,0,0.06507543478260869,0.06508768115942018,138
1700728740000,0,0,0,0,0,0,0.06510597510373431,0.06511804979253105,241
1700728800000,0,0,0,0,0,0,0.06513837535014022,0.06515120448179258,357
1700728860000,0,0,0,0,0,0,0.06513300300300277,0.06514420420420372,333
1700728920000,0,0,0,0,0,0,0.06514621399176969,0.06515888888888907,243
1700728980000,0,0,0,0,0,0,0.06514989795918381,0.06516244897959184,98
1700729040000,0,0,0,0,0,0,0.06517572463768126,0.0651932971014494,276
1700729100000,0,0,0,0,0,0,0.06522235294117626,0.06523777310924365,238
1700729160000,0,0,0,0,0,0,0.06521066350710936,0.06522445497630336,211
1700729220000,0,0,0,0,0,0,0.06517945288753768,0.06519586626139855,329
1700729280000,0,0,0,0,0,0,0.06517324074074075,0.06519259259259264,108
1700729340000,0,0,0,0,0,0,0.06517544117647048,0.06519102941176481,204
1700729400000,0,0,0,0,0,0,0.06516321621621604,0.06517491891891859,370
1700729460000,0,0,0,0,0,0,0.06516152416356881,0.06517360594795514,269
1700729520000,0,0,0,0,0,0,0.06519988847583645,0.06521267657992558,269
1700729580000,0,0,0,0,0,0,0.06522489451476789,0.06523877637130805,237
1700729640000,0,0,0,0,0,0,0.06520759414225959,0.06522366108786581,478
1700729700000,0,0,0,0,0,0,0.0652296428571429,0.0652419047619048,84
1700729760000,0,0,0,0,0,0,0.06532258907363418,0.06533477434679318,421
1700729820000,0,0,0,0,0,0,0.06536756521739107,0.06538265217391337,230
1700729880000,0,0,0,0,0,0,0.06538532710280368,0.0654013084112149,107
1700729940000,0,0,0,0,0,0,0.06539529255319167,0.06540691489361711,376
1700730000000,0,0,0,0,0,0,0.06541474285714279,0.065427657142857,175
1700730060000,0,0,0,0,0,0,0.06541140495867769,0.06542404958677675,121
1700730120000,0,0,0,0,0,0,0.06552928205128217,0.06554854700854666,585
1700730180000,0,0,0,0,0,0,0.06544502109704674,0.0654631856540085,474
1700730240000,0,0,0,0,0,0,0.06535117924528297,0.06536768867924538,212
1700730300000,0,0,0,0,0,0,0.06528185185185174,0.06529994708994699,189
1700730360000,0,0,0,0,0,0,0.06527689361702115,0.06529340425531924,235
1700730420000,0,0,0,0,0,0,0.06533165853658555,0.06534453658536586,205
1700730480000,0,0,0,0,0,0,0.06533394999999985,0.06535090000000018,200
1700730540000,0,0,0,0,0,0,0.06541868613138688,0.06543503649635053,274
1700730600000,0,0,0,0,0,0,0.06546624999999999,0.06547791666666666,120
1700730660000,0,0,0,0,0,0,0.06542888324873081,0.06544380710659893,197
1700730720000,0,0,0,0,0,0,0.0653990909090903,0.06540958397534673,649
1700730780000,0,0,0,0,0,0,0.06537,0.06538333333333338,90
1700730840000,0,0,0,0,0,0,0.06536336448598132,0.06537738317757012,107
1700730900000,0,0,0,0,0,0,0.0654015044247787,0.06541858407079645,113
1700730960000,0,0,0,0,0,0,0.06536898936170212,0.06538521276595731,188
1700731020000,0,0,0,0,0,0,0.06531883597883585,0.06533857142857151,189
1700731080000,0,0,0,0,0,0,0.06525794701986765,0.06527158940397348,151
1700731140000,0,0,0,0,0,0,0.06530661870503614,0.0653246762589927,139
1700731200000,0,0,0,0,0,0,0.06528846153846128,0.06530742081447974,221
1700731260000,0,0,0,0,0,0,0.06528407407407405,0.06530160493827165,81
1700731320000,0,0,0,0,0,0,0.0652562184873949,0.06527134453781522,119
1700731380000,0,0,0,0,0,0,0.06550266528925591,0.06552452479338823,484
1700731440000,0,0,0,0,0,0,0.06555363896848133,0.06556687679083127,349
1700731500000,0,0,0,0,0,0,0.06565618729096963,0.06567344481605321,299
1700731560000,0,0,0,0,0,0,0.06570298319327712,0.06571659663865531,238
1700731620000,0,0,0,0,0,0,0.06573882758620708,0.06575720689655187,290
1700731680000,0,0,0,0,0,0,0.06582049261083739,0.06583876847290643,203
1700731740000,0,0,0,0,0,0,0.06587819004524888,0.06589393665158355,221
1700731800000,0,0,0,0,0,0,0.06586866141732285,0.06588637795275583,127
1700731860000,0,0,0,0,0,0,0.06585139880952362,0.06586824404761864,336
1700731920000,0,0,0,0,0,0,0.06580727722772296,0.06582237623762374,202
1700731980000,0,0,0,0,0,0,0.06575535564853562,0.06577263598326342,239
1700732040000,0,0,0,0,0,0,0.06574813008130088,0.06578369918699198,246
1700732100000,0,0,0,0,0,0,0.06581027863777093,0.0658306811145512,323
1700732160000,0,0,0,0,0,0,0.06577361538461543,0.06578753846153845,130
1700732220000,0,0,0,0,0,0,0.06584196969696957,0.06585929292929314,198
1700732280000,0,0,0,0,0,0,0.06587031746031746,0.06589116402116406,189
1700732340000,0,0,0,0,0,0,0.06599055737704934,0.06601409836065564,305
1700732400000,0,0,0,0,0,0,0.06594619909502263,0.06596366515837117,221
1700732460000,0,0,0,0,0,0,0.06603945945945934,0.06605410810810841,185
1700732520000,0,0,0,0,0,0,0.06610295454545449,0.0661185227272726,176
1700732580000,0,0,0,0,0,0,0.06608813953488384,0.06610395348837206,129
1700732640000,0,0,0,0,0,0,0.06612134969325165,0.06613687116564426,163
1700732700000,0,0,0,0,0,0,0.06619363636363634,0.06621000000000003,242
1700732760000,0,0,0,0,0,0,0.06617107913669065,0.06618906474820131,278
1700732820000,0,0,0,0,0,0,0.06616028571428573,0.0661775714285713,140
1700732880000,0,0,0,0,0,0,0.06614506493506486,0.06615870129870136,77
1700732940000,0,0,0,0,0,0,0.06614623036649224,0.06616691099476431,191
1700733000000,0,0,0,0,0,0,0.06618647577092501,0.06620643171806165,227
1700733060000,0,0,0,0,0,0,0.06620302222222232,0.06621995555555535,225
1700733120000,0,0,0,0,0,0,0.06616775330396461,0.06618162995594727,227
1700733180000,0,0,0,0,0,0,0.06615603448275875,0.06616870689655163,116
1700733240000,0,0,0,0,0,0,0.06616338345864668,0.06618932330827058,133
1700733300000,0,0,0,0,0,0,0.06628605839416056,0.06631412408759119,274
1700733360000,0,0,0,0,0,0,0.06652460410557147,0.06653909090909112,341
1700733420000,0,0,0,0,0,0,0.06648373931623938,0.06650613247863237,468
1700733480000,0,0,0,0,0,0,0.06647399253731374,0.06650044776119407,268
1700733540000,0,0,0,0,0,0,0.0665042718446602,0.0665211650485437,206
1700733600000,0,0,0,0,0,0,0.06652174033149172,0.06654218232044189,362
1700733660000,0,0,0,0,0,0,0.06651702947845796,0.06654650793650811,441
1700733720000,0,0,0,0,0,0,0.06660211538461569,0.06661870512820499,780
1700733780000,0,0,0,0,0,0,0.06642332648870625,0.06643901437371673,487
1700733840000,0,0,0,0,0,0,0.06632498023715402,0.06634150197628454,253
1700733900000,0,0,0,0,0,0,0.06627999999999998,0.06629874396135263,207
1700733960000,0,0,0,0,0,0,0.06621754777070046,0.06623312101910846,314
1700734020000,0,0,0,0,0,0,0.06620381381381372,0.06622075075075051,333
1700734080000,0,0,0,0,0,0,0.06630411764705879,0.06632294117647067,204
1700734140000,0,0,0,0,0,0,0.06629813253012042,0.06631234939759043,166
1700734200000,0,0,0,0,0,0,0.06624836419753105,0.06627317901234561,324
1700734260000,0,0,0,0,0,0,0.06633065989847728,0.06634862944162437,197
1700734320000,0,0,0,0,0,0,0.06633937984496127,0.06635620155038761,129
1700734380000,0,0,0,0,0,0,0.06637826589595375,0.06639346820809254,173
1700734440000,0,0,0,0,0,0,0.06642279279279281,0.06643864864864872,111
1700734500000,0,0,0,0,0,0,0.06646649253731353,0.06647985074626861,134
1700734560000,0,0,0,0,0,0,0.06643311036789326,0.06645277591973264,299
1700734620000,0,0,0,0,0,0,0.06634035820895515,0.06636173134328355,335
1700734680000,0,0,0,0,0,0,0.06638666666666677,0.06640125000000005,120
1700734740000,0,0,0,0,0,0,0.06647682051282063,0.06649441025641026,195
1700734800000,0,0,0,0,0,0,0.06648038043478262,0.0665023369565217,184
1700734860000,0,0,0,0,0,0,0.06647857142857144,0.06650104247104226,259
1700734920000,0,0,0,0,0,0,0.06648766949152539,0.0665085169491524,236
1700734980000,0,0,0,0,0,0,0.06656169230769224,0.06658169230769231,130
1700735040000,0,0,0,0,0,0,0.06655380952380945,0.06656971428571418,105
1700735100000,0,0,0,0,0,0,0.06648797029702955,0.06650336633663381,202
1700735160000,0,0,0,0,0,0,0.06640631386861318,0.06642281021897822,274
1700735220000,0,0,0,0,0,0,0.06648499999999997,0.06650250000000003,120
1700735280000,0,0,0,0,0,0,0.06656391304347806,0.06657971014492753,207
1700735340000,0,0,0,0,0,0,0.06655077720207249,0.06657103626943016,193
1700735400000,0,0,0,0,0,0,0.06655709302325578,0.06657011627906972,86
1700735460000,0,0,0,0,0,0,0.06659516587677723,0.06661336492890983,211
1700735520000,0,0,0,0,0,0,0.06667098591549299,0.06668816901408443,142
1700735580000,0,0,0,0,0,0,0.06666459459459455,0.0666835135135135,111
1700735640000,0,0,0,0,0,0,0.06666744791666664,0.06668510416666683,192
1700735700000,0,0,0,0,0,0,0.06654308823529413,0.06656220588235277,340
1700735760000,0,0,0,0,0,0,0.0664413120567376,0.06645897163120575,282
1700735820000,0,0,0,0,0,0,0.06635659003831403,0.06637620689655166,261
1700735880000,0,0,0,0,0,0,0.06645182242990702,0.06646683021806728,1284
1700735940000,0,0,0,0,0,0,0.06649117052881852,0.06650672014260235,1683
1700736000000,0,0,0,0,0,0,0.06655744281525014,0.06657905571847553,1705
1700736060000,0,0,0,0,0,0,0.06654988281249997,0.06656597656250007,256
1700736120000,0,0,0,0,0,0,0.06656287712895342,0.06657847323601065,1644
1700736180000,0,0,0,0,0,0,0.06657236151603473,0.06658822157434408,343
1700736240000,0,0,0,0,0,0,0.0664749158878502,0.06649517757009321,535
1700736300000,0,0,0,0,0,0,0.06653888888888881,0.06655915343915343,189
1700736360000,0,0,0,0,0,0,0.0665805816554808,0.06659890380313215,447
1700736420000,0,0,0,0,0,0,0.06645888059701492,0.06647313432835818,134
1700736480000,0,0,0,0,0,0,0.06654625730994156,0.0665610526315788,171
1700736540000,0,0,0,0,0,0,0.06656272727272719,0.06658121212121218,99
1700736600000,0,0,0,0,0,0,0.06649854166666631,0.0665182031250005,384
1700736660000,0,0,0,0,0,0,0.06645646341463421,0.06647146341463406,82
1700736720000,0,0,0,0,0,0,0.06643443828529096,0.06645199186992204,2706
1700736780000,0,0,0,0,0,0,0.06647400492610694,0.06649502463054276,2030
1700736840000,0,0,0,0,0,0,0.06656821705426369,0.06659031007751917,258
1700736900000,0,0,0,0,0,0,0.06659649663137508,0.06661614051973222,1039
1700736960000,0,0,0,0,0,0,0.0667079416961132,0.06672888692579464,1132
1700737020000,0,0,0,0,0,0,0.066668198675497,0.06668298013245014,755
1700737080000,0,0,0,0,0,0,0.0666998265895954,0.06671693641618495,173
1700737140000,0,0,0,0,0,0,0.06676460273972555,0.06677926027397228,365
1700737200000,0,0,0,0,0,0,0.06675528806584352,0.06677263374485568,486
1700737260000,0,0,0,0,0,0,0.0667135329341318,0.06673151696606794,501
1700737320000,0,0,0,0,0,0,0.06655815693430635,0.06657596715328423,548
1700737380000,0,0,0,0,0,0,0.06650060975609713,0.06651813747228343,902
1700737440000,0,0,0,0,0,0,0.0663529601226996,0.06636914110429412,652
1700737500000,0,0,0,0,0,0,0.06629438118811846,0.06630935643564352,404
1700737560000,0,0,0,0,0,0,0.0662639546599498,0.06628133501259419,397
1700737620000,0,0,0,0,0,0,0.06617597378277151,0.0661914981273408,534
1700737680000,0,0,0,0,0,0,0.066209230769231,0.0662264444444449,585
1700737740000,0,0,0,0,0,0,0.06620519337016616,0.06622325966850841,362
1700737800000,0,0,0,0,0,0,0.06619654275092916,0.06621122676579923,269
1700737860000,0,0,0,0,0,0,0.06613445333333341,0.0661514666666669,375
1700737920000,0,0,0,0,0,0,0.06613996466431099,0.06615650176678448,283
1700737980000,0,0,0,0,0,0,0.06615828571428552,0.06617212244897927,245
1700738040000,0,0,0,0,0,0,0.06613288798920344,0.06615193657220077,1482
1700738100000,0,0,0,0,0,0,0.0659808,0.06600074871794885,975
1700738160000,0,0,0,0,0,0,0.06600795539033452,0.06602490706319825,807
1700738220000,0,0,0,0,0,0,0.06592101620029435,0.06593854197349014,679
1700738280000,0,0,0,0,0,0,0.0658065413533836,0.0658251278195489,665
1700738340000,0,0,0,0,0,0,0.0657537272727273,0.065773515151515,330
1700738400000,0,0,0,0,0,0,0.06573917874396101,0.06575954911433218,621
1700738460000,0,0,0,0,0,0,0.06576535447761166,0.06578302238805936,536
1700738520000,0,0,0,0,0,0,0.06579381418092911,0.06581183374083106,409
1700738580000,0,0,0,0,0,0,0.0656242572463768,0.06564568840579707,1104
1700738640000,0,0,0,0,0,0,0.06573536585365874,0.06575432926829264,656
1700738700000,0,0,0,0,0,0,0.0656265760869566,0.06564645380434773,736
1700738760000,0,0,0,0,0,0,0.06565182180851062,0.06567210106383,752
1700738820000,0,0,0,0,0,0,0.0656855067567567,0.06570179054054046,296
1700738880000,0,0,0,0,0,0,0.06573760479041911,0.06575620758483082,501
1700738940000,0,0,0,0,0,0,0.06584357142857128,0.06586248120300735,266
1700739000000,0,0,0,0,0,0,0.06583085185185164,0.06585155555555541,1080
1700739060000,0,0,0,0,0,0,0.0658913688760807,0.06590700288184394,694
1700739120000,0,0,0,0,0,0,0.0659806586826346,0.0659979940119761,334
1700739180000,0,0,0,0,0,0,0.06593847255369979,0.0659567422434367,838
1700739240000,0,0,0,0,0,0,0.0659781463414635,0.06599390243902427,205
1700739300000,0,0,0,0,0,0,0.06604366187542729,0.06606173853524963,1461
1700739360000,0,0,0,0,0,0,0.06604098253275086,0.06605718340611336,458
1700739420000,0,0,0,0,0,0,0.06603852427184492,0.06605320388349556,515
1700739480000,0,0,0,0,0,0,0.06609284000000025,0.06611263999999978,250
1700739540000,0,0,0,0,0,0,0.06608951388888881,0.06610402777777759,144
1700739600000,0,0,0,0,0,0,0.0661082978723406,0.0661260992907801,141
1700739660000,0,0,0,0,0,0,0.06604374269005858,0.06606204678362604,342
1700739720000,0,0,0,0,0,0,0.06602669841269905,0.06604319047619016,630
1700739780000,0,0,0,0,0,0,0.06601845454545448,0.06603499999999989,220
1700739840000,0,0,0,0,0,0,0.0660318032786886,0.06604459016393449,61
1700739900000,0,0,0,0,0,0,0.06603712499999989,0.0660519375,160
1700739960000,0,0,0,0,0,0,0.06601630350194555,0.06603217898832697,257
1700740020000,0,0,0,0,0,0,0.06598662878787857,0.06600420454545472,264
1700740080000,0,0,0,0,0,0,0.06600129166666667,0.06602295833333335,240
1700740140000,0,0,0,0,0,0,0.06586356304985308,0.06587919354838787,682
1700740200000,0,0,0,0,0,0,0.06584896062992121,0.06586822047244094,635
1700740260000,0,0,0,0,0,0,0.06591727923627741,0.06593653937947509,419
1700740320000,0,0,0,0,0,0,0.06584451612903201,0.065860752688172,372
1700740380000,0,0,0,0,0,0,0.06580462937062889,0.06582000699300794,1430
1700740440000,0,0,0,0,0,0,0.06578241286863183,0.06579849865951777,1119
1700740500000,0,0,0,0,0,0,0.06578888646288222,0.06580473799126614,458
1700740560000,0,0,0,0,0,0,0.06581324427480896,0.06583541984732796,524
1700740620000,0,0,0,0,0,0,0.06586577889447257,0.06588698492462293,199
1700740680000,0,0,0,0,0,0,0.06587498091603086,0.06589072519083945,524
1700740740000,0,0,0,0,0,0,0.06596356382978719,0.0659797872340424,188
1700740800000,0,0,0,0,0,0,0.06606559734513218,0.06608811946902675,452
1700740860000,0,0,0,0,0,0,0.06610356557377046,0.06612684426229504,488
1700740920000,0,0,0,0,0,0,0.06615755319148928,0.06617308510638308,188
1700740980000,0,0,0,0,0,0,0.06609344059405961,0.06611376237623763,404
1700741040000,0,0,0,0,0,0,0.06599592213114774,0.06601112704918059,488
1700741100000,0,0,0,0,0,0,0.0659651652892564,0.06597987603305804,484
1700741160000,0,0,0,0,0,0,0.06579404761904808,0.06580659523809554,420
1700741220000,0,0,0,0,0,0,0.06573064189189197,0.06574483108108115,296
1700741280000,0,0,0,0,0,0,0.06574067484662563,0.06576020858895719,815
1700741340000,0,0,0,0,0,0,0.0658073187895848,0.06582448275862232,1421
1700741400000,0,0,0,0,0,0,0.06566235955056196,0.06567725842696631,445
1700741460000,0,0,0,0,0,0,0.06559902193784369,0.06561653564899454,1094
1700741520000,0,0,0,0,0,0,0.06563617472434341,0.06565360899067038,2358
1700741580000,0,0,0,0,0,0,0.06569965116279072,0.06571668604651149,344
1700741640000,0,0,0,0,0,0,0.06574070796460177,0.0657546902654867,113
1700741700000,0,0,0,0,0,0,0.06583209183673454,0.06584760204081642,196
1700741760000,0,0,0,0,0,0,0.06588334987593045,0.06589784119106681,403
1700741820000,0,0,0,0,0,0,0.06583117647058831,0.06584544117647065,136
1700741880000,0,0,0,0,0,0,0.06583622302158278,0.06585000000000002,278
1700741940000,0,0,0,0,0,0,0.0658458108108109,0.0658574324324325,222
1700742000000,0,0,0,0,0,0,0.06589468879668069,0.06591190871369292,241
1700742060000,0,0,0,0,0,0,0.06597328185328195,0.06599142857142848,259
1700742120000,0,0,0,0,0,0,0.06605235820895523,0.06607002985074616,335
1700742180000,0,0,0,0,0,0,0.06609099808061407,0.06611247600767774,521
1700742240000,0,0,0,0,0,0,0.06602984575835452,0.06604835475578426,389
1700742300000,0,0,0,0,0,0,0.06592733423545144,0.0659464073071716,1478
1700742360000,0,0,0,0,0,0,0.06592244215938277,0.06593848329048864,389
1700742420000,0,0,0,0,0,0,0.06595591903719804,0.06597198030634495,914
1700742480000,0,0,0,0,0,0,0.06597869724770744,0.06599521100917458,1090
1700742540000,0,0,0,0,0,0,0.06599707602339212,0.06601745614035087,342
1700742600000,0,0,0,0,0,0,0.0660463809523809,0.06606399999999997,105
1700742660000,0,0,0,0,0,0,0.0659945215311004,0.06601186602870819,418
1700742720000,0,0,0,0,0,0,0.06602571428571416,0.06604382352941178,238
1700742780000,0,0,0,0,0,0,0.0660190405904059,0.06603416974169739,271
1700742840000,0,0,0,0,0,0,0.0660519215686277,0.06606774509803925,510
1700742900000,0,0,0,0,0,0,0.06604594405594447,0.06606104895104896,286
1700742960000,0,0,0,0,0,0,0.06596711340206153,0.06598220913107533,679
1700743020000,0,0,0,0,0,0,0.0658941777777777,0.06591422222222203,450
1700743080000,0,0,0,0,0,0,0.06593533333333335,0.06595283333333349,240
1700743140000,0,0,0,0,0,0,0.06592342771982175,0.06594280178837603,671
1700743200000,0,0,0,0,0,0,0.06585103305785103,0.06586838842975229,242
1700743260000,0,0,0,0,0,0,0.06580199999999949,0.06581657142857116,385
1700743320000,0,0,0,0,0,0,0.06571714821763612,0.06573302063789874,533
1700743380000,0,0,0,0,0,0,0.06572839024390234,0.06574400000000004,205
1700743440000,0,0,0,0,0,0,0.06573885826771653,0.065753149606299,254
1700743500000,0,0,0,0,0,0,0.06572415929203528,0.06573699115044253,113
1700743560000,0,0,0,0,0,0,0.06569377959183641,0.06571139591836846,1225
1700743620000,0,0,0,0,0,0,0.06566993055555594,0.06568524305555562,288
1700743680000,0,0,0,0,0,0,0.06571092617449614,0.06572774496644294,745
1700743740000,0,0,0,0,0,0,0.06574042553191498,0.06575558510638323,564
1700743800000,0,0,0,0,0,0,0.06577815848214351,0.06579766741071427,1792
1700743860000,0,0,0,0,0,0,0.06582598837209296,0.06584034883720935,172
1700743920000,0,0,0,0,0,0,0.06576395631067987,0.06578436893203887,412
1700743980000,0,0,0,0,0,0,0.06576210925644878,0.06577737481031835,659
1700744040000,0,0,0,0,0,0,0.06570964788732392,0.06572422535211275,142
1700744100000,0,0,0,0,0,0,0.06566429999999995,0.06567999999999995,100
1700744160000,0,0,0,0,0,0,0.06561968824939991,0.06563913669064693,417
1700744220000,0,0,0,0,0,0,0.06565169082125596,0.06567164251207733,207
1700744280000,0,0,0,0,0,0,0.06569019354838712,0.06570645161290316,155
1700744340000,0,0,0,0,0,0,0.06570682017543855,0.06572377192982466,456
1700744400000,0,0,0,0,0,0,0.0657295854271359,0.0657451884422114,796
1700744460000,0,0,0,0,0,0,0.0656874708171206,0.06570381322957225,257
1700744520000,0,0,0,0,0,0,0.06580436403508777,0.06582241228070186,456
1700744580000,0,0,0,0,0,0,0.0660109472259821,0.06602626522327508,739
1700744640000,0,0,0,0,0,0,0.065910626204239,0.06592611753371906,1038
1700744700000,0,0,0,0,0,0,0.0658483103448276,0.06586406896551704,290
1700744760000,0,0,0,0,0,0,0.06583350267379717,0.06585298128342272,748
1700744820000,0,0,0,0,0,0,0.06580000000000025,0.06581394557823164,294
1700744880000,0,0,0,0,0,0,0.06578810414971548,0.065806379170057,1229
1700744940000,0,0,0,0,0,0,0.06593996350364978,0.06595605839416073,274
1700745000000,0,0,0,0,0,0,0.06581749999999993,0.0658342781690137,568
1700745060000,0,0,0,0,0,0,0.06581989764585429,0.06583560900716577,977
1700745120000,0,0,0,0,0,0,0.06594684627575313,0.06596438985736906,631
1700745180000,0,0,0,0,0,0,0.06597859198355635,0.06599431654676315,973
1700745240000,0,0,0,0,0,0,0.06599836253369211,0.06601344339622643,1484
1700745300000,0,0,0,0,0,0,0.06599120300751887,0.0660065789473685,532
1700745360000,0,0,0,0,0,0,0.06601362045760473,0.06602921938088853,743
1700745420000,0,0,0,0,0,0,0.06595894308943082,0.06597284552845521,123
1700745480000,0,0,0,0,0,0,0.06597001845018453,0.06598573800738082,1084
1700745540000,0,0,0,0,0,0,0.0659890025116606,0.0660049838536085,2787
1700745600000,0,0,0,0,0,0,0.0659869117647059,0.06599691176470583,68
1700745660000,0,0,0,0,0,0,0.06599882352941179,0.06601715686274495,204
1700745720000,0,0,0,0,0,0,0.06592154605263159,0.06593585526315787,304
1700745780000,0,0,0,0,0,0,0.06586760180995475,0.06588167420814484,221
1700745840000,0,0,0,0,0,0,0.06586604838709674,0.06588104838709671,124
1700745900000,0,0,0,0,0,0,0.06585654285714275,0.06587180000000031,350
1700745960000,0,0,0,0,0,0,0.06584750000000004,0.06585867187500002,128
1700746020000,0,0,0,0,0,0,0.0658435576923074,0.06585812500000014,208
1700746080000,0,0,0,0,0,0,0.06582238636363631,0.06583636363636375,176
1700746140000,0,0,0,0,0,0,0.06579662499999998,0.0658079999999999,80
1700746200000,0,0,0,0,0,0,0.06582913978494578,0.06584772043010802,465
1700746260000,0,0,0,0,0,0,0.06579338028169002,0.06581009389671381,213
1700746320000,0,0,0,0,0,0,0.06579177419354842,0.06580766129032259,124
1700746380000,0,0,0,0,0,0,0.06576367491166087,0.06578176678445237,283
1700746440000,0,0,0,0,0,0,0.06580864468864467,0.06582655677655691,273
1700746500000,0,0,0,0,0,0,0.06578046451612929,0.06579912258064469,775
1700746560000,0,0,0,0,0,0,0.0657409926470588,0.06575801470588229,272
1700746620000,0,0,0,0,0,0,0.06569068027210893,0.06570952380952376,147
1700746680000,0,0,0,0,0,0,0.06567144104803514,0.06569069868995644,229
1700746740000,0,0,0,0,0,0,0.06571245298446456,0.06572758789860947,1223
1700746800000,0,0,0,0,0,0,0.06574819047619045,0.06576314285714287,105
1700746860000,0,0,0,0,0,0,0.06576228650137768,0.06577545454545482,363
1700746920000,0,0,0,0,0,0,0.06574336235038082,0.06575746463547325,919
1700746980000,0,0,0,0,0,0,0.06569830687830681,0.0657132804232803,189
1700747040000,0,0,0,0,0,0,0.06571212043232094,0.06572825527534955,1943
1700747100000,0,0,0,0,0,0,0.0657566204986149,0.06577401662049827,361
1700747160000,0,0,0,0,0,0,0.06584589958158986,0.06586170711297103,1195
1700747220000,0,0,0,0,0,0,0.06594384228187927,0.06595968120805351,596
1700747280000,0,0,0,0,0,0,0.06593020408163305,0.06594663265306186,588
1700747340000,0,0,0,0,0,0,0.06588773504273518,0.06590408119658114,468
1700747400000,0,0,0,0,0,0,0.06580378757515026,0.06581999999999982,499
1700747460000,0,0,0,0,0,0,0.06588547619047604,0.06589920634920632,252
1700747520000,0,0,0,0,0,0,0.06578944636678213,0.0658052422145333,578
1700747580000,0,0,0,0,0,0,0.06586030042918448,0.06587798283261816,466
1700747640000,0,0,0,0,0,0,0.06584211009174336,0.06586042201834877,545
1700747700000,0,0,0,0,0,0,0.06580557400722012,0.06582423104693126,1385
1700747760000,0,0,0,0,0,0,0.06579795555555544,0.06581546666666677,225
1700747820000,0,0,0,0,0,0,0.06572306049822041,0.0657411921708183,562
1700747880000,0,0,0,0,0,0,0.0657234265734267,0.06573832167832153,286
1700747940000,0,0,0,0,0,0,0.06569580102040995,0.06571089795918221,1960
1700748000000,0,0,0,0,0,0,0.06567025641025644,0.06568606837606857,117
1700748060000,0,0,0,0,0,0,0.06567997198879526,0.06569535014005623,357
1700748120000,0,0,0,0,0,0,0.06572286982248556,0.0657399112426036,338
1700748180000,0,0,0,0,0,0,0.06579011389521594,0.06580956719817717,439
1700748240000,0,0,0,0,0,0,0.06579830028328623,0.06581529745042478,353
1700748300000,0,0,0,0,0,0,0.06584209150326845,0.06585945533769072,459
1700748360000,0,0,0,0,0,0,0.06585708488806007,0.06587745335821087,2144
1700748420000,0,0,0,0,0,0,0.06579150259067366,0.06580564766839386,193
1700748480000,0,0,0,0,0,0,0.06579904761904756,0.06581400000000046,210
1700748540000,0,0,0,0,0,0,0.06578421621621608,0.06579670270270281,185
1700748600000,0,0,0,0,0,0,0.06567606639004035,0.06569276348547698,1205
1700748660000,0,0,0,0,0,0,0.06565924107142841,0.06567299107142913,448
1700748720000,0,0,0,0,0,0,0.0656081818181847,0.06562263636363526,1980
1700748780000,0,0,0,0,0,0,0.06566011378002534,0.06567453855878612,791
1700748840000,0,0,0,0,0,0,0.0656704707170205,0.06568417624520989,1827
1700748900000,0,0,0,0,0,0,0.06567344827586209,0.06568563218390805,87
1700748960000,0,0,0,0,0,0,0.06563488294314372,0.06565210702341127,299
1700749020000,0,0,0,0,0,0,0.06562713615023413,0.0656430516431929,426
1700749080000,0,0,0,0,0,0,0.06566962313759886,0.06568314636283948,1141
1700749140000,0,0,0,0,0,0,0.06568456521739136,0.0656958695652172,138
1700749200000,0,0,0,0,0,0,0.06568291304347852,0.06569641304347815,920
1700749260000,0,0,0,0,0,0,0.06559846153846155,0.0656131348221678,1209
1700749320000,0,0,0,0,0,0,0.06554533469945464,0.06555935792349671,1464
1700749380000,0,0,0,0,0,0,0.06554887837461797,0.06556311995547272,3593
1700749440000,0,0,0,0,0,0,0.0655648562933605,0.06557913776015886,1009
1700749500000,0,0,0,0,0,0,0.06558514271891473,0.06560050798258366,2067
1700749560000,0,0,0,0,0,0,0.06558055045871387,0.06559689820882574,2289
1700749620000,0,0,0,0,0,0,0.06556755102040816,0.06558278911564612,147
1700749680000,0,0,0,0,0,0,0.06553654471544718,0.0655516869918698,492
1700749740000,0,0,0,0,0,0,0.06550491071428559,0.06551638392857116,224
1700749800000,0,0,0,0,0,0,0.06541578285714347,0.06543014857142813,875
1700749860000,0,0,0,0,0,0,0.06546250000000008,0.06547704918032778,244
1700749920000,0,0,0,0,0,0,0.06545232067510548,0.06546510548523225,237
1700749980000,0,0,0,0,0,0,0.06541520220588198,0.06543143382352891,544
1700750040000,0,0,0,0,0,0,0.0654225903614458,0.06543734939759037,166
1700750100000,0,0,0,0,0,0,0.06548404999999992,0.06549980000000012,200
1700750160000,0,0,0,0,0,0,0.06547426229508219,0.06548710382513662,183
1700750220000,0,0,0,0,0,0,0.06549119047619037,0.06550341269841263,126
1700750280000,0,0,0,0,0,0,0.06551908745247152,0.06553444866920177,263
1700750340000,0,0,0,0,0,0,0.06558978417266167,0.06560426858513183,417
1700750400000,0,0,0,0,0,0,0.06561897880539473,0.06563308285163728,519
1700750460000,0,0,0,0,0,0,0.06559491525423743,0.06560683615819211,177
1700750520000,0,0,0,0,0,0,0.06558953995157397,0.06559953995157371,413
1700750580000,0,0,0,0,0,0,0.06556368188512546,0.06557493372606775,679
1700750640000,0,0,0,0,0,0,0.06549894287590079,0.06551342744583027,1523
1700750700000,0,0,0,0,0,0,0.06548271548930497,0.06549681788723209,1543
1700750760000,0,0,0,0,0,0,0.06543021897810208,0.06544344890510949,548
1700750820000,0,0,0,0,0,0,0.06538864238410613,0.06540261589403977,302
1700750880000,0,0,0,0,0,0,0.0653777248677253,0.06539002645502683,378
1700750940000,0,0,0,0,0,0,0.06539789743589754,0.06541135897435883,390
1700751000000,0,0,0,0,0,0,0.06544427042801554,0.06545905642023339,1028
1700751060000,0,0,0,0,0,0,0.06546124582869907,0.06547490545050078,899
1700751120000,0,0,0,0,0,0,0.0652944395604395,0.06530896703296729,455
1700751180000,0,0,0,0,0,0,0.06522323189926359,0.06523766526757607,1906
1700751240000,0,0,0,0,0,0,0.06523778877887781,0.06525363036303622,303
1700751300000,0,0,0,0,0,0,0.06522875999999986,0.06524655999999997,250
1700751360000,0,0,0,0,0,0,0.06525481865284961,0.06526784974093314,386
1700751420000,0,0,0,0,0,0,0.06532902061855678,0.06534340206185578,194
1700751480000,0,0,0,0,0,0,0.06532946127946143,0.06534468013468003,297
1700751540000,0,0,0,0,0,0,0.06526667613636343,0.06528295454545428,352
1700751600000,0,0,0,0,0,0,0.06526777777777759,0.06527909090909086,198
1700751660000,0,0,0,0,0,0,0.06526461538461537,0.06528054945054935,91
1700751720000,0,0,0,0,0,0,0.06528054687500007,0.065294296875,128
1700751780000,0,0,0,0,0,0,0.0653396744186044,0.06535469767441864,215
1700751840000,0,0,0,0,0,0,0.0653116748768473,0.06532743842364516,203
1700751900000,0,0,0,0,0,0,0.06532403225806449,0.0653387096774193,124
1700751960000,0,0,0,0,0,0,0.06529852459016394,0.0653115163934425,244
1700752020000,0,0,0,0,0,0,0.0652906711409395,0.06530362416107385,149
1700752080000,0,0,0,0,0,0,0.0652679333333334,0.06528513333333373,450
1700752140000,0,0,0,0,0,0,0.06524061613958733,0.06525637404580131,1834
1700752200000,0,0,0,0,0,0,0.06522610714285701,0.06524042857142837,280
1700752260000,0,0,0,0,0,0,0.06521887485648589,0.06523664753157238,871
1700752320000,0,0,0,0,0,0,0.06517497461928931,0.06519340101522846,197
1700752380000,0,0,0,0,0,0,0.06513193798449615,0.06514585271317806,258
1700752440000,0,0,0,0,0,0,0.06509368686868676,0.06510994949494939,198
1700752500000,0,0,0,0,0,0,0.06509376623376628,0.06510885714285769,385
1700752560000,0,0,0,0,0,0,0.06508222748815158,0.06509763033175363,211
1700752620000,0,0,0,0,0,0,0.06506198581560292,0.06507432624113489,141
1700752680000,0,0,0,0,0,0,0.06507531250000001,0.06509312500000003,32
1700752740000,0,0,0,0,0,0,0.06495233663366377,0.06497095049504958,505
1700752800000,0,0,0,0,0,0,0.06492514745308359,0.06494067917783744,1119
1700752860000,0,0,0,0,0,0,0.06492256454389017,0.06493858864027623,1162
1700752920000,0,0,0,0,0,0,0.0647441623036648,0.06475840314136104,382
1700752980000,0,0,0,0,0,0,0.0647333757961784,0.06474783439490459,314
1700753040000,0,0,0,0,0,0,0.06483114000000044,0.06484691999999995,500
1700753100000,0,0,0,0,0,0,0.06477556666666662,0.06479151666666684,600
1700753160000,0,0,0,0,0,0,0.0645950559701493,0.06461427238805975,536
1700753220000,0,0,0,0,0,0,0.06439051063829783,0.06441548936170209,705
1700753280000,0,0,0,0,0,0,0.06431187110187105,0.06433041580041601,481
1700753340000,0,0,0,0,0,0,0.06436250720461105,0.06438282420749303,347
1700753400000,0,0,0,0,0,0,0.06442128440366988,0.06443834862385325,327
1700753460000,0,0,0,0,0,0,0.06436954710144918,0.0643858786231884,1104
1700753520000,0,0,0,0,0,0,0.06426630434782597,0.06428291304347838,230
1700753580000,0,0,0,0,0,0,0.06446455882352943,0.06448170168067216,476
1700753640000,0,0,0,0,0,0,0.06471165841584177,0.06472769801980202,404
1700753700000,0,0,0,0,0,0,0.06478460055096431,0.06479768595041312,363
1700753760000,0,0,0,0,0,0,0.06475174496644308,0.06476653243847888,447
1700753820000,0,0,0,0,0,0,0.06480374100719413,0.06482268585131917,417
1700753880000,0,0,0,0,0,0,0.06475349999999988,0.0647704999999998,200
1700753940000,0,0,0,0,0,0,0.06471185185185184,0.06472856481481491,216
1700754000000,0,0,0,0,0,0,0.06467232558139532,0.0646849999999999,172
1700754060000,0,0,0,0,0,0,0.06466368932038817,0.06467640776698995,309
1700754120000,0,0,0,0,0,0,0.06474241379310361,0.06475877394636047,522
1700754180000,0,0,0,0,0,0,0.06483149659863949,0.0648435034013604,294
1700754240000,0,0,0,0,0,0,0.0648346226415099,0.06484478773584931,424
1700754300000,0,0,0,0,0,0,0.06475226495726503,0.06476897435897436,468
1700754360000,0,0,0,0,0,0,0.06473290836653392,0.06475015936254978,251
1700754420000,0,0,0,0,0,0,0.0646853928571429,0.06470053571428566,280
1700754480000,0,0,0,0,0,0,0.06464075268817217,0.06465724014336903,279
1700754540000,0,0,0,0,0,0,0.06466275862068961,0.06467586206896554,87
1700754600000,0,0,0,0,0,0,0.06464173184357529,0.06465994413407833,358
1700754660000,0,0,0,0,0,0,0.0647157394366196,0.06472971830985909,284
1700754720000,0,0,0,0,0,0,0.06465026315789475,0.06466460526315784,152
1700754780000,0,0,0,0,0,0,0.06456960317460318,0.06458333333333331,126
1700754840000,0,0,0,0,0,0,0.06446703703703695,0.06448808080808095,297
1700754900000,0,0,0,0,0,0,0.06447340909090948,0.06449480519480512,308
1700754960000,0,0,0,0,0,0,0.06449954098360665,0.06452042622950797,305
1700755020000,0,0,0,0,0,0,0.06446109422492415,0.06448103343465046,329
1700755080000,0,0,0,0,0,0,0.06444060747663553,0.06445789719626173,214
1700755140000,0,0,0,0,0,0,0.06452571428571417,0.06453987012987013,77
1700755200000,0,0,0,0,0,0,0.06455216080402013,0.06457105527638195,199
1700755260000,0,0,0,0,0,0,0.06455668235294135,0.06457578823529378,425
1700755320000,0,0,0,0,0,0,0.06455548623853188,0.06457405504587127,545
1700755380000,0,0,0,0,0,0,0.06467997695852537,0.06469986175115208,434
1700755440000,0,0,0,0,0,0,0.06471086776859501,0.06472615702479362,242
1700755500000,0,0,0,0,0,0,0.06473895089285751,0.06475723214285697,448
1700755560000,0,0,0,0,0,0,0.06480878787878794,0.06482001515151523,660
1700755620000,0,0,0,0,0,0,0.06484390776699012,0.064856966019417,412
1700755680000,0,0,0,0,0,0,0.06495176265270515,0.06496556719022707,573
1700755740000,0,0,0,0,0,0,0.06509147163120577,0.0651113829787234,564
1700756100000,0,0,0,0,0,0,0.06516,0.06518,1
1700756160000,0,0,0,0,0,0,0.06514937500000002,0.06516250000000005,48
1700756220000,0,0,0,0,0,0,0.06519704545454558,0.06521113636363654,220
1700756280000,0,0,0,0,0,0,0.06509270983213321,0.06510804556355063,2502
1700756340000,0,0,0,0,0,0,0.0651005339805827,0.06512111650485433,412
1700756400000,0,0,0,0,0,0,0.06514543925233636,0.06516037383177495,535
1700756460000,0,0,0,0,0,0,0.06515191335740039,0.06516548736462098,277
1700756520000,0,0,0,0,0,0,0.06521621212121198,0.06523068181818185,264
1700756580000,0,0,0,0,0,0,0.06526861976847739,0.06528343722172765,1123
1700756640000,0,0,0,0,0,0,0.06538735897435917,0.06540217948717862,1170
1700756700000,0,0,0,0,0,0,0.06539910679611652,0.0654137864077668,515
1700756760000,0,0,0,0,0,0,0.06536644859813062,0.06538107476635505,642
1700756820000,0,0,0,0,0,0,0.06531400621118023,0.06532900621118026,322
1700756880000,0,0,0,0,0,0,0.06533559322033895,0.06535079096045178,354
1700756940000,0,0,0,0,0,0,0.06535397350993326,0.0653709933774835,453
1700757000000,0,0,0,0,0,0,0.06538703448275875,0.06540000000000003,145
1700757060000,0,0,0,0,0,0,0.0654285176184693,0.06544467800729029,823
1700757120000,0,0,0,0,0,0,0.06537874689826244,0.06539581885856052,806
1700757180000,0,0,0,0,0,0,0.06524656852791894,0.06526520812182776,985
1700757240000,0,0,0,0,0,0,0.0652586638830906,0.06527513569937363,958
1700757300000,0,0,0,0,0,0,0.06529491207502902,0.06530989449003391,853
1700757360000,0,0,0,0,0,0,0.06527974169741686,0.06529778597785972,271
1700757420000,0,0,0,0,0,0,0.06533759999999991,0.06535519999999996,125
1700757480000,0,0,0,0,0,0,0.0653464335664336,0.0653617132867134,286
1700757540000,0,0,0,0,0,0,0.06527799999999996,0.0652985423728815,295
1700757600000,0,0,0,0,0,0,0.0653357712305023,0.06535199306759039,577
1700757660000,0,0,0,0,0,0,0.06536771241830035,0.06538295751634003,612
1700757720000,0,0,0,0,0,0,0.06534001396648027,0.06535682960893939,716
1700757780000,0,0,0,0,0,0,0.06534868292682901,0.0653630243902438,410
1700757840000,0,0,0,0,0,0,0.06528309875141952,0.0652974120317821,881
1700757900000,0,0,0,0,0,0,0.0652644385432494,0.06528089150227602,2636
1700757960000,0,0,0,0,0,0,0.06521713513513497,0.06523172972972945,740
1700758020000,0,0,0,0,0,0,0.06511638780804058,0.06513210116731476,1542
1700758080000,0,0,0,0,0,0,0.0651963366336635,0.06521133663366326,404
1700758140000,0,0,0,0,0,0,0.06534522248243523,0.0653614832162371,1281
1700758200000,0,0,0,0,0,0,0.06532007792207813,0.0653386233766234,385
1700758260000,0,0,0,0,0,0,0.06528841818181824,0.06530430909090869,550
1700758320000,0,0,0,0,0,0,0.06527531746031741,0.06529023809523803,126
1700758380000,0,0,0,0,0,0,0.06523415384615375,0.06525157692307693,260
1700758440000,0,0,0,0,0,0,0.06519640141467664,0.06521469496021202,1131
1700758500000,0,0,0,0,0,0,0.06522117711771186,0.06523623762376266,909
1700758560000,0,0,0,0,0,0,0.06529417458945448,0.06530925669835771,1157
1700758620000,0,0,0,0,0,0,0.0653252173913045,0.06534595652173911,230
1700758680000,0,0,0,0,0,0,0.06532054945054938,0.0653414010989008,364
1700758740000,0,0,0,0,0,0,0.06523934999999999,0.06525674999999997,200
1700758800000,0,0,0,0,0,0,0.06522507537688474,0.06524256281407032,199
1700758860000,0,0,0,0,0,0,0.06524187203791423,0.06526066350710856,422
1700758920000,0,0,0,0,0,0,0.06528047272727276,0.06529789090909081,275
1700758980000,0,0,0,0,0,0,0.06530797619047635,0.06532458333333348,168
1700759040000,0,0,0,0,0,0,0.0653583829787234,0.0653729361702128,235
1700759100000,0,0,0,0,0,0,0.06542696969696937,0.06544561771561744,429
1700759160000,0,0,0,0,0,0,0.06547786069651744,0.06549144278606965,201
1700759220000,0,0,0,0,0,0,0.06549273684210569,0.06550417543859652,285
1700759280000,0,0,0,0,0,0,0.06544916554508703,0.06546577388963648,743
1700759340000,0,0,0,0,0,0,0.0655049930843708,0.0655218948824342,723
1700759400000,0,0,0,0,0,0,0.06550277777777849,0.06551880414312618,1062
1700759460000,0,0,0,0,0,0,0.06547080586080596,0.06548754578754586,819
1700759520000,0,0,0,0,0,0,0.06545888610763557,0.06547475594493135,799
1700759580000,0,0,0,0,0,0,0.06547853658536576,0.06549719512195121,82
1700759640000,0,0,0,0,0,0,0.06551149872989183,0.06552783234547026,1181
1700759700000,0,0,0,0,0,0,0.06557745901639346,0.06559122950819665,122
1700759760000,0,0,0,0,0,0,0.06554528471528523,0.06556120879120908,1001
1700759820000,0,0,0,0,0,0,0.06555614736842143,0.06557216842105276,475
1700759880000,0,0,0,0,0,0,0.06556087912087914,0.06557780219780225,91
1700759940000,0,0,0,0,0,0,0.06561537142857107,0.06563540000000022,350
1700760000000,0,0,0,0,0,0,0.06565282527881056,0.0656685873605949,269
1700760060000,0,0,0,0,0,0,0.06569221105527627,0.06570974874371875,199
1700760120000,0,0,0,0,0,0,0.06568673796791434,0.06570385026737982,187
1700760180000,0,0,0,0,0,0,0.06569397959183676,0.06570816326530611,98
1700760240000,0,0,0,0,0,0,0.06569321571771984,0.06570917000801914,2494
1700760300000,0,0,0,0,0,0,0.06572467213114762,0.06573754098360662,122
1700760360000,0,0,0,0,0,0,0.06575366938008712,0.06577055729492817,1597
1700760420000,0,0,0,0,0,0,0.065748612716763,0.06576263005780318,346
1700760480000,0,0,0,0,0,0,0.06576961904761904,0.06578961904761896,210
1700760540000,0,0,0,0,0,0,0.0657569999999999,0.06577376923076923,130
1700760600000,0,0,0,0,0,0,0.0657822727272725,0.06579871212121201,528
1700760660000,0,0,0,0,0,0,0.06580975056689325,0.06582616780045301,441
1700760720000,0,0,0,0,0,0,0.06583087671232903,0.06584871232876724,365
1700760780000,0,0,0,0,0,0,0.06586999999999987,0.06588309734513287,226
1700760840000,0,0,0,0,0,0,0.065894,0.06590973913043466,115
1700760900000,0,0,0,0,0,0,0.0658700000000003,0.06589002728512994,733
1700760960000,0,0,0,0,0,0,0.0657332971800431,0.06574861171366549,461
1700761020000,0,0,0,0,0,0,0.06572868852459003,0.06574372950819678,244
1700761080000,0,0,0,0,0,0,0.06572180790960437,0.06573649717514128,177
1700761140000,0,0,0,0,0,0,0.06568725190839703,0.06570022900763345,131
1700761200000,0,0,0,0,0,0,0.06570788927335637,0.06572681660899699,289
1700761260000,0,0,0,0,0,0,0.06568925925925954,0.06570527777777797,324
1700761320000,0,0,0,0,0,0,0.06570457264957269,0.06571961538461527,234
1700761380000,0,0,0,0,0,0,0.0656888753799393,0.06570776595744668,658
1700761440000,0,0,0,0,0,0,0.06571840142095897,0.06573552397868568,563
1700761500000,0,0,0,0,0,0,0.06574235436893258,0.06575823422329899,1648
1700761560000,0,0,0,0,0,0,0.0657423111868249,0.06575955706984613,1761
1700761620000,0,0,0,0,0,0,0.06580501779359453,0.06582067615658375,281
1700761680000,0,0,0,0,0,0,0.06584235070575291,0.06585820846905538,1842
1700761740000,0,0,0,0,0,0,0.06592742774566482,0.06594436416185029,346
1700761800000,0,0,0,0,0,0,0.06592413284132852,0.06593926199261987,271
1700761860000,0,0,0,0,0,0,0.06592745430809434,0.06594493472584902,766
1700761920000,0,0,0,0,0,0,0.06574499999999986,0.06576382513661196,366
1700761980000,0,0,0,0,0,0,0.06574471698113218,0.06575968553459119,159
1700762040000,0,0,0,0,0,0,0.0657251700680271,0.06574132653061224,294
1700762100000,0,0,0,0,0,0,0.06576402684563759,0.06577932885906028,149
1700762160000,0,0,0,0,0,0,0.06574690993788841,0.06576268633540326,644
1700762220000,0,0,0,0,0,0,0.06569200729927142,0.06570872718978038,2192
1700762280000,0,0,0,0,0,0,0.06564569565217375,0.06566143478260891,230
1700762340000,0,0,0,0,0,0,0.06565380434782613,0.06566630434782607,92
1700762400000,0,0,0,0,0,0,0.06564806976744234,0.06566495348837224,430
1700762460000,0,0,0,0,0,0,0.06565176240208898,0.0656670365535246,766
1700762520000,0,0,0,0,0,0,0.06570101612903229,0.06571466129032219,620
1700762580000,0,0,0,0,0,0,0.06566550505050506,0.06568000000000027,198
1700762640000,0,0,0,0,0,0,0.06557964912280702,0.06559698830409397,342
1700762700000,0,0,0,0,0,0,0.06559921686746982,0.06561301204819285,166
1700762760000,0,0,0,0,0,0,0.06573122413793184,0.06574777586206916,580
1700762820000,0,0,0,0,0,0,0.06580899082568913,0.06582642201834873,872
1700762880000,0,0,0,0,0,0,0.06591615209988673,0.06593209988649312,881
1700762940000,0,0,0,0,0,0,0.0658152272727275,0.06582990259740261,308
1700763000000,0,0,0,0,0,0,0.06572567774936058,0.06574051150895095,391
1700763060000,0,0,0,0,0,0,0.06578139303482589,0.06579611940298506,201
1700763120000,0,0,0,0,0,0,0.06578774678111585,0.06580343347639456,466
1700763180000,0,0,0,0,0,0,0.0658329797979799,0.06584792929292935,198
1700763240000,0,0,0,0,0,0,0.06580524096385504,0.06582195783132545,664
1700763300000,0,0,0,0,0,0,0.06577981781376503,0.06579765182186265,494
1700763360000,0,0,0,0,0,0,0.0658615706806283,0.06587570680628273,191
1700763420000,0,0,0,0,0,0,0.06589379999999995,0.06591239999999997,200
1700763480000,0,0,0,0,0,0,0.06592274774774783,0.06594045045045029,222
1700763540000,0,0,0,0,0,0,0.06597223048327128,0.06599148698884735,269
1700763600000,0,0,0,0,0,0,0.06598095238095236,0.06599409523809516,105
1700763660000,0,0,0,0,0,0,0.06598333333333332,0.06599833333333324,150
1700763720000,0,0,0,0,0,0,0.06597183006535952,0.06599084967320269,153
1700763780000,0,0,0,0,0,0,0.06593946704067319,0.06595502103786796,713
1700763840000,0,0,0,0,0,0,0.06591848972296746,0.06593474530831109,1119
1700763900000,0,0,0,0,0,0,0.06599211586901718,0.06600831234256997,397
1700763960000,0,0,0,0,0,0,0.06604189863234104,0.06605901045856648,1243
1700764020000,0,0,0,0,0,0,0.06607942756183685,0.06609542756183799,1415
1700764080000,0,0,0,0,0,0,0.06608299363057331,0.06609668789808926,157
1700764140000,0,0,0,0,0,0,0.06611810379241546,0.06613399201596833,501
1700764200000,0,0,0,0,0,0,0.06610785340314126,0.06612400523560191,382
1700764260000,0,0,0,0,0,0,0.06608198156682023,0.06609999999999987,217
1700764320000,0,0,0,0,0,0,0.06608237903225815,0.0660983467741935,248
1700764380000,0,0,0,0,0,0,0.06612791666666681,0.06614041666666719,336
1700764440000,0,0,0,0,0,0,0.06601619402985075,0.06603440298507442,402
1700764500000,0,0,0,0,0,0,0.06599093655589156,0.0660054531722062,662
1700764560000,0,0,0,0,0,0,0.06600976401180021,0.06602297935103245,678
1700764620000,0,0,0,0,0,0,0.0660070734127,0.06602193452380989,1008
1700764680000,0,0,0,0,0,0,0.0659829801324503,0.06599887417218536,151
1700764740000,0,0,0,0,0,0,0.06598497830802653,0.06600211496746149,922
1700764800000,0,0,0,0,0,0,0.06598672489082964,0.06600056768558944,229
1700764860000,0,0,0,0,0,0,0.06597126373626377,0.06598532967032936,364
1700764920000,0,0,0,0,0,0,0.06591022146507644,0.06592601362861963,587
1700764980000,0,0,0,0,0,0,0.06590509202453983,0.0659154601226992,163
1700765040000,0,0,0,0,0,0,0.06589416666666668,0.06590444444444442,36
1700765100000,0,0,0,0,0,0,0.06592224080267577,0.06593936454849526,299
1700765160000,0,0,0,0,0,0,0.06596810055865966,0.06598589385474862,716
1700765220000,0,0,0,0,0,0,0.06599249201277962,0.06600968051118242,313
1700765280000,0,0,0,0,0,0,0.06602183764495931,0.06603791257805489,1121
1700765340000,0,0,0,0,0,0,0.06603304143862326,0.06604717748240835,1279
1700765400000,0,0,0,0,0,0,0.06607074213836478,0.06608638993710628,795
1700765460000,0,0,0,0,0,0,0.06605842592592578,0.06607555555555565,216
1700765520000,0,0,0,0,0,0,0.06602988439306368,0.06604514450867044,173
1700765580000,0,0,0,0,0,0,0.06607080508474553,0.0660874788135591,472
1700765640000,0,0,0,0,0,0,0.066082134502924,0.06609704678362487,684
1700765700000,0,0,0,0,0,0,0.06611609375000008,0.06613046875000003,128
1700765760000,0,0,0,0,0,0,0.06617472032742215,0.0661864120054565,733
1700765820000,0,0,0,0,0,0,0.06611931335830147,0.06613836454431953,801
1700765880000,0,0,0,0,0,0,0.06615309704641326,0.06616491139240431,1185
1700765940000,0,0,0,0,0,0,0.06614574610245022,0.06615904231625834,449
1700766000000,0,0,0,0,0,0,0.06617372623574144,0.0661923574144487,263
1700766060000,0,0,0,0,0,0,0.06614273216689093,0.06615794078061878,743
1700766120000,0,0,0,0,0,0,0.06602465517241389,0.06603956896551726,232
1700766180000,0,0,0,0,0,0,0.06592095671981803,0.06593678815489737,439
1700766240000,0,0,0,0,0,0,0.06588061032863861,0.06589375586854458,213
1700766300000,0,0,0,0,0,0,0.0658099350649341,0.06582796103896141,770
1700766360000,0,0,0,0,0,0,0.06570134154244998,0.06571718081659039,1543
1700766420000,0,0,0,0,0,0,0.06562742236024811,0.06564302795031093,644
1700766480000,0,0,0,0,0,0,0.06577168514412397,0.06579465631929014,451
1700766540000,0,0,0,0,0,0,0.06564069182389912,0.06565842767295557,636
1700766600000,0,0,0,0,0,0,0.06561280254776992,0.06562746815286662,628
1700766660000,0,0,0,0,0,0,0.06560816568047355,0.0656221301775151,338
1700766720000,0,0,0,0,0,0,0.06557802768166086,0.06559155709342579,289
1700766780000,0,0,0,0,0,0,0.06558267441860485,0.06559546511627906,172
1700766840000,0,0,0,0,0,0,0.06559714285714305,0.06561071428571433,168
1700766900000,0,0,0,0,0,0,0.06558154078549874,0.0655960422960725,331
1700766960000,0,0,0,0,0,0,0.06568325768667703,0.06569839677891631,1366
1700767020000,0,0,0,0,0,0,0.06576154589371964,0.06577602254428323,621
1700767080000,0,0,0,0,0,0,0.06582865822784771,0.0658440632911393,790
1700767140000,0,0,0,0,0,0,0.06592804020100497,0.06594462311557826,398
1700767200000,0,0,0,0,0,0,0.06591544794188856,0.06593462469733674,413
1700767260000,0,0,0,0,0,0,0.06581022292993646,0.06582426751592356,314
1700767320000,0,0,0,0,0,0,0.06579876876876861,0.06581495495495483,333
1700767380000,0,0,0,0,0,0,0.06575680672268894,0.06577239495798301,476
1700767440000,0,0,0,0,0,0,0.06574036697247718,0.06575669724770622,218
1700767500000,0,0,0,0,0,0,0.06573111111111117,0.06574492753623205,207
1700767560000,0,0,0,0,0,0,0.06572208588957064,0.06573779141104315,326
1700767620000,0,0,0,0,0,0,0.06579924342105234,0.06581421052631571,304
1700767680000,0,0,0,0,0,0,0.06589619631901836,0.06591484662576705,163
1700767740000,0,0,0,0,0,0,0.06593783098591559,0.06595529577464776,355
1700767800000,0,0,0,0,0,0,0.06598061946902661,0.06599765486725676,226
1700767860000,0,0,0,0,0,0,0.06591951515151485,0.06593857575757563,330
1700767920000,0,0,0,0,0,0,0.06588081712062255,0.06590050583657568,257
1700767980000,0,0,0,0,0,0,0.06584569377990428,0.06586100478468897,209
1700768040000,0,0,0,0,0,0,0.06585804281345545,0.06587614678899094,327
1700768100000,0,0,0,0,0,0,0.06595704545454545,0.06597590909090909,88
1700768160000,0,0,0,0,0,0,0.06595136465324374,0.06596697986577212,447
1700768220000,0,0,0,0,0,0,0.06597305084745769,0.065986384180791,177
1700768280000,0,0,0,0,0,0,0.06596311688311682,0.06597883116883124,154
1700768340000,0,0,0,0,0,0,0.06594970099667788,0.06596604651162807,301
1700768400000,0,0,0,0,0,0,0.06592116618075784,0.06593819241982483,343
1700768460000,0,0,0,0,0,0,0.06579240641711244,0.06581691622103411,561
1700768520000,0,0,0,0,0,0,0.06583190769230739,0.06584818461538466,325
1700768580000,0,0,0,0,0,0,0.06596355769230743,0.06598141826923092,416
1700768640000,0,0,0,0,0,0,0.06597544935805978,0.0659946932952925,701
1700768700000,0,0,0,0,0,0,0.06583440298507467,0.06584932835820902,134
1700768760000,0,0,0,0,0,0,0.06592395833333321,0.06593979166666696,288
1700768820000,0,0,0,0,0,0,0.06602525114155246,0.06604068493150689,219
1700768880000,0,0,0,0,0,0,0.06605552845528462,0.06607016260162597,123
1700768940000,0,0,0,0,0,0,0.06609046052631587,0.06610552631578936,152
1700769000000,0,0,0,0,0,0,0.06611773869346765,0.0661340452261308,398
1700769060000,0,0,0,0,0,0,0.06613777003484321,0.06615487804878034,574
1700769120000,0,0,0,0,0,0,0.0661536398467433,0.06616881226053625,261
1700769180000,0,0,0,0,0,0,0.06610785714285722,0.06612317460317468,252
1700769240000,0,0,0,0,0,0,0.06608400000000035,0.06610014925373102,1005
1700769300000,0,0,0,0,0,0,0.06609190371991223,0.06610807439824883,457
1700769360000,0,0,0,0,0,0,0.06607136363636312,0.06608699300699299,572
1700769420000,0,0,0,0,0,0,0.06600146808510694,0.06601735106382967,940
1700769480000,0,0,0,0,0,0,0.06600639953542406,0.06602254355400818,861
1700769540000,0,0,0,0,0,0,0.06596512110726725,0.06598036332179946,578
1700769600000,0,0,0,0,0,0,0.06598103942652278,0.06599615292712138,1674
1700769660000,0,0,0,0,0,0,0.06595617919670337,0.06597161688980495,971
1700769720000,0,0,0,0,0,0,0.06598236486486485,0.06599540540540534,148
1700769780000,0,0,0,0,0,0,0.06600935691318323,0.06602405144694494,311
1700769840000,0,0,0,0,0,0,0.06600891566265059,0.06602499999999986,166
1700769900000,0,0,0,0,0,0,0.06604046875000003,0.06605343750000002,128
1700769960000,0,0,0,0,0,0,0.0660812171052629,0.06609427631578921,304
1700770020000,0,0,0,0,0,0,0.06612700787401592,0.06613999999999993,127
1700770080000,0,0,0,0,0,0,0.06616045977011482,0.06617241379310347,87
1700770140000,0,0,0,0,0,0,0.06618857777777765,0.0662035111111112,225
1700770200000,0,0,0,0,0,0,0.06612430278884475,0.066138047808765,251
1700770260000,0,0,0,0,0,0,0.06614806250000006,0.06616343749999984,160
1700770320000,0,0,0,0,0,0,0.06615098290598298,0.06617252136752104,234
1700770380000,0,0,0,0,0,0,0.06615565573770495,0.06617016393442628,122
1700770440000,0,0,0,0,0,0,0.06620085201793725,0.06621506726457398,223
1700770500000,0,0,0,0,0,0,0.06619795774647888,0.06621316901408449,142
1700770560000,0,0,0,0,0,0,0.06620007604562747,0.06621596958174883,263
1700770620000,0,0,0,0,0,0,0.06619729281767975,0.06621060773480647,181
1700770680000,0,0,0,0,0,0,0.06621247393364994,0.0662283601895727,1055
1700770740000,0,0,0,0,0,0,0.06619402578796559,0.06620873925501437,698
1700770800000,0,0,0,0,0,0,0.06619873747494952,0.06621605210420857,499
1700770860000,0,0,0,0,0,0,0.06617972491909348,0.06619423948220043,618
1700770920000,0,0,0,0,0,0,0.06620563667232611,0.06621976230899884,589
1700770980000,0,0,0,0,0,0,0.06618867187500001,0.06620179687500002,128
1700771040000,0,0,0,0,0,0,0.06622546313799653,0.06624039697542546,529
1700771100000,0,0,0,0,0,0,0.06622379775280947,0.06623786516853951,445
1700771160000,0,0,0,0,0,0,0.06621594164456149,0.06623008620689651,1508
1700771220000,0,0,0,0,0,0,0.06621875886524863,0.06623253546099303,564
1700771280000,0,0,0,0,0,0,0.06621598070739561,0.06623028938906765,311
1700771340000,0,0,0,0,0,0,0.06619767123287675,0.06621102739726023,146
1700771400000,0,0,0,0,0,0,0.06609326271186433,0.06611622881355948,236
1700771460000,0,0,0,0,0,0,0.06606335367921047,0.06607739233638292,2949
1700771520000,0,0,0,0,0,0,0.06595710893854796,0.06597128491620108,716
1700771580000,0,0,0,0,0,0,0.06586651324965143,0.06588121338912088,717
1700771640000,0,0,0,0,0,0,0.06581539763113343,0.06582884940778282,591
1700771700000,0,0,0,0,0,0,0.06581885714285729,0.06583297354497375,945
1700771760000,0,0,0,0,0,0,0.06572971326164881,0.06574494623655912,279
1700771820000,0,0,0,0,0,0,0.06565434343434347,0.06566797979797978,99
1700771880000,0,0,0,0,0,0,0.06561750788643507,0.06563189274447932,317
1700771940000,0,0,0,0,0,0,0.06561660030627864,0.0656299999999995,653
1700772000000,0,0,0,0,0,0,0.06565567164179108,0.06566798507462694,134
1700772060000,0,0,0,0,0,0,0.06565813664596296,0.06567206004140755,966
1700772120000,0,0,0,0,0,0,0.06559121171771043,0.06560601864181063,751
1700772180000,0,0,0,0,0,0,0.06563079646017675,0.06564410029498527,339
1700772240000,0,0,0,0,0,0,0.06559732142857153,0.06560821428571433,112
1700772300000,0,0,0,0,0,0,0.06558468101460341,0.06559856264412173,1301
1700772360000,0,0,0,0,0,0,0.06557997032641003,0.0655929673590505,674
1700772420000,0,0,0,0,0,0,0.06558781609195405,0.06559892720306511,261
1700772480000,0,0,0,0,0,0,0.06565897637795261,0.06566948818897674,254
1700772540000,0,0,0,0,0,0,0.06567026315789504,0.06568400584795317,342
1700772600000,0,0,0,0,0,0,0.06564210317460309,0.06565662698412764,504
1700772660000,0,0,0,0,0,0,0.06559618296530056,0.06560958990536403,1268
1700772720000,0,0,0,0,0,0,0.06563827586206915,0.0656494429708227,377
1700772780000,0,0,0,0,0,0,0.06565669172932322,0.06567003759398483,266
1700772840000,0,0,0,0,0,0,0.06562070063694263,0.0656314012738851,157
1700772900000,0,0,0,0,0,0,0.06562854271356791,0.06564170854271356,199
1700772960000,0,0,0,0,0,0,0.06564905138339926,0.06566193675889337,253
1700773020000,0,0,0,0,0,0,0.06563870689655173,0.06565155172413786,116
1700773080000,0,0,0,0,0,0,0.06561669491525432,0.06563032956685469,1062
1700773140000,0,0,0,0,0,0,0.06561299999999998,0.06562416666666669,60
1700773200000,0,0,0,0,0,0,0.06555930643127415,0.06557399747793183,793
1700773260000,0,0,0,0,0,0,0.06553136718750022,0.06554289062500004,256
1700773320000,0,0,0,0,0,0,0.06557011111111143,0.06558181481481512,270
1700773380000,0,0,0,0,0,0,0.06554715662650538,0.06555987148594393,1245
1700773440000,0,0,0,0,0,0,0.06557906250000035,0.0655927941176474,544
1700773500000,0,0,0,0,0,0,0.06560943275388716,0.06562364135407041,3279
1700773560000,0,0,0,0,0,0,0.06561808873720149,0.06563151308304874,879
1700773620000,0,0,0,0,0,0,0.06571580645161267,0.0657286881720427,465
1700773680000,0,0,0,0,0,0,0.06572761006289238,0.06574023060796699,477
1700773740000,0,0,0,0,0,0,0.06574950166112956,0.06576169435215935,301
1700773800000,0,0,0,0,0,0,0.06578788352272755,0.06580383522727228,704
1700773860000,0,0,0,0,0,0,0.0657985604606526,0.06581163147792687,521
1700773920000,0,0,0,0,0,0,0.06576004291845586,0.0657722961373395,466
1700773980000,0,0,0,0,0,0,0.06571029517638692,0.06572621310295163,1389
1700774040000,0,0,0,0,0,0,0.0656717647058824,0.0656850326797388,153
1700774100000,0,0,0,0,0,0,0.0657025941422593,0.06571774058577419,239
1700774160000,0,0,0,0,0,0,0.06568684210526324,0.06569833684210585,475
1700774220000,0,0,0,0,0,0,0.06566375147232008,0.06567924617196932,1698
1700774280000,0,0,0,0,0,0,0.0656668580441631,0.06568258044163951,1585
1700774340000,0,0,0,0,0,0,0.06562912408759121,0.06564255474452571,137
1700774400000,0,0,0,0,0,0,0.06562410526315803,0.06563926315789466,190
1700774460000,0,0,0,0,0,0,0.06560789473684182,0.06562276315789455,304
1700774520000,0,0,0,0,0,0,0.06560946808510645,0.06562244680851073,94
1700774580000,0,0,0,0,0,0,0.06559539432176652,0.06560999999999964,317
1700774640000,0,0,0,0,0,0,0.06562330935251769,0.06563834532374145,556
1700774700000,0,0,0,0,0,0,0.06563429118773952,0.06564559386973164,261
1700774760000,0,0,0,0,0,0,0.06559308823529231,0.06560908088235452,2176
1700774820000,0,0,0,0,0,0,0.0655992270531397,0.06561463768115924,621
1700774880000,0,0,0,0,0,0,0.06560810218978111,0.06562343065693439,137
1700774940000,0,0,0,0,0,0,0.06557989130434787,0.06559369565217389,92
1700775000000,0,0,0,0,0,0,0.06559369565217389,0.0656132608695652,46
1700775060000,0,0,0,0,0,0,0.06566844202898564,0.0656844927536231,276
1700775120000,0,0,0,0,0,0,0.06563466472303174,0.06564827988338173,343
1700775180000,0,0,0,0,0,0,0.06554179282868544,0.06555454183266948,251
1700775240000,0,0,0,0,0,0,0.06550873999999998,0.06552670000000001,500
1700775300000,0,0,0,0,0,0,0.06548719626168217,0.06550121495327108,107
1700775360000,0,0,0,0,0,0,0.06551641921397382,0.06553048034934494,229
1700775420000,0,0,0,0,0,0,0.06547503401360559,0.06549013605442178,147
1700775480000,0,0,0,0,0,0,0.06544696969696988,0.06546376033057853,726
1700775540000,0,0,0,0,0,0,0.0654500615384613,0.06546421538461553,325
1700775600000,0,0,0,0,0,0,0.06542904303510855,0.06544514722536705,1766
1700775660000,0,0,0,0,0,0,0.06539048322147686,0.06540966442952985,745
1700775720000,0,0,0,0,0,0,0.06537277310924362,0.06538655462184871,119
1700775780000,0,0,0,0,0,0,0.06539012195121946,0.0654085365853659,82
1700775840000,0,0,0,0,0,0,0.06537199999999997,0.06539049999999992,60
1700775900000,0,0,0,0,0,0,0.0653973154362414,0.065413476510068,745
1700775960000,0,0,0,0,0,0,0.0654161805555555,0.06543062500000006,144
1700776020000,0,0,0,0,0,0,0.0653642180094784,0.065378862559242,211
1700776080000,0,0,0,0,0,0,0.06536349397590363,0.06538000000000001,83
1700776140000,0,0,0,0,0,0,0.06540150877193,0.0654156666666661,570
1700776200000,0,0,0,0,0,0,0.0653901386138597,0.06540576897689847,1515
1700776260000,0,0,0,0,0,0,0.06540025000000001,0.0654153333333333,120
1700776320000,0,0,0,0,0,0,0.06545424554826704,0.06546630740393605,1067
1700776380000,0,0,0,0,0,0,0.06546822074788954,0.06548684559710348,1658
1700776440000,0,0,0,0,0,0,0.06544629453681679,0.0654608076009499,421
1700776500000,0,0,0,0,0,0,0.06538967793880836,0.06540463768115928,621
1700776560000,0,0,0,0,0,0,0.06537916408668651,0.0653921259029928,969
1700776620000,0,0,0,0,0,0,0.06537259259259265,0.06539018518518518,54
1700776680000,0,0,0,0,0,0,0.06537909698996662,0.06539411371237487,299
1700776740000,0,0,0,0,0,0,0.0653799999999998,0.06539000000000025,235
1700776800000,0,0,0,0,0,0,0.06537749116607758,0.06539285512367407,1415
1700776860000,0,0,0,0,0,0,0.06543008791208868,0.06545082051282114,1365
1700776920000,0,0,0,0,0,0,0.0655510348360659,0.06556354508196689,976
1700776980000,0,0,0,0,0,0,0.06561670364500787,0.06563454833597433,631
1700777040000,0,0,0,0,0,0,0.06555958762886592,0.06558005154639152,194
1700777100000,0,0,0,0,0,0,0.06555688524590163,0.06557000000000003,61
1700777160000,0,0,0,0,0,0,0.06561473251028822,0.06562781893004101,243
1700777220000,0,0,0,0,0,0,0.06564195620437926,0.06565214598540164,685
1700777280000,0,0,0,0,0,0,0.06565950819672123,0.06566999999999994,61
1700777340000,0,0,0,0,0,0,0.06560910569105706,0.06562138211382115,246
1700777400000,0,0,0,0,0,0,0.06566215172413813,0.06567438620689543,725
1700777460000,0,0,0,0,0,0,0.0656799760383391,0.06568998402555852,1252
1700777520000,0,0,0,0,0,0,0.06567011570247984,0.06568067768595026,605
1700777580000,0,0,0,0,0,0,0.06565726495726483,0.06567170940170951,234
1700777640000,0,0,0,0,0,0,0.06572358350951268,0.06573505285412296,946
1700777700000,0,0,0,0,0,0,0.06575167226890749,0.06576172268907422,1190
1700777760000,0,0,0,0,0,0,0.06571859353023882,0.06573133614627309,711
1700777820000,0,0,0,0,0,0,0.06566951353831958,0.06568396512161577,2179
1700777880000,0,0,0,0,0,0,0.0657032768361578,0.06571790960451963,354
1700777940000,0,0,0,0,0,0,0.06570166666666667,0.06571458333333331,72
1700778000000,0,0,0,0,0,0,0.06569346938775511,0.06570632653061236,49
1700778060000,0,0,0,0,0,0,0.06569024449877757,0.06570889975550079,409
1700778120000,0,0,0,0,0,0,0.06569000000000001,0.06570474074074063,135
1700778180000,0,0,0,0,0,0,0.06574970212765956,0.065766170212766,235
1700778240000,0,0,0,0,0,0,0.06577599700149958,0.06578989505247286,667
1700778300000,0,0,0,0,0,0,0.0657383999999999,0.06575230769230796,650
1700778360000,0,0,0,0,0,0,0.06570818652849755,0.06572145077720208,193
1700778420000,0,0,0,0,0,0,0.06569345132743354,0.06570884955752218,113
1700778480000,0,0,0,0,0,0,0.06575420338983037,0.06576847457627116,295
1700778540000,0,0,0,0,0,0,0.06579873188405773,0.065811195652174,276
1700778600000,0,0,0,0,0,0,0.0658091164658638,0.0658193574297192,249
1700778660000,0,0,0,0,0,0,0.06583802631578957,0.06585131578947355,76
1700778720000,0,0,0,0,0,0,0.06587111111111109,0.06588185185185184,54
1700778780000,0,0,0,0,0,0,0.06586500000000005,0.0658803571428572,112
1700778840000,0,0,0,0,0,0,0.06582972222222237,0.06584930555555536,144
1700778900000,0,0,0,0,0,0,0.06578451410658336,0.065802695924765,319
1700778960000,0,0,0,0,0,0,0.06575545977011472,0.0657656896551724,174
1700779020000,0,0,0,0,0,0,0.06574396825396824,0.06575801587301552,252
1700779080000,0,0,0,0,0,0,0.06572535641547808,0.06574602851323864,491
1700779140000,0,0,0,0,0,0,0.06574394088669946,0.06575916256157632,203
1700779200000,0,0,0,0,0,0,0.0657811282051282,0.06579492307692308,195
1700779260000,0,0,0,0,0,0,0.06573932432432428,0.06575378378378384,148
1700779320000,0,0,0,0,0,0,0.06568990654205606,0.06570878504672895,107
1700779380000,0,0,0,0,0,0,0.06569827160493837,0.06571666666666666,81
1700779440000,0,0,0,0,0,0,0.06568882947976903,0.06570508670520422,1384
1700779500000,0,0,0,0,0,0,0.0656950684931506,0.06571625570776268,219
1700779560000,0,0,0,0,0,0,0.06571000000000002,0.06572,23
1700779620000,0,0,0,0,0,0,0.0657474038461538,0.06575942307692308,104
1700779680000,0,0,0,0,0,0,0.06577000000000004,0.06578,35
1700779740000,0,0,0,0,0,0,0.06577000000000002,0.06577999999999998,22
1700779800000,0,0,0,0,0,0,0.06580592105263168,0.06581638157894763,152
1700779860000,0,0,0,0,0,0,0.065813181818182,0.06582401515151512,264
1700779920000,0,0,0,0,0,0,0.06583801470588226,0.06584801470588246,136
1700779980000,0,0,0,0,0,0,0.06584851351351352,0.06585881756756788,296
1700780040000,0,0,0,0,0,0,0.06586337078651679,0.06587696629213478,89
1700780100000,0,0,0,0,0,0,0.06586419047619084,0.06587739682539688,315
1700780160000,0,0,0,0,0,0,0.06589548022598879,0.06590875706214695,177
1700780220000,0,0,0,0,0,0,0.06591712328767137,0.06592721461187202,219
1700780280000,0,0,0,0,0,0,0.06591999999999999,0.06593000000000003,21
1700780340000,0,0,0,0,0,0,0.06592832558139555,0.06593993023255856,430
1700780400000,0,0,0,0,0,0,0.06593334801762103,0.06594748898678439,227
1700780460000,0,0,0,0,0,0,0.06597338867924517,0.06598758490566203,1325
1700780520000,0,0,0,0,0,0,0.0659984107579459,0.066011589242054,409
1700780580000,0,0,0,0,0,0,0.06598891553701812,0.06600520333680877,959
1700780640000,0,0,0,0,0,0,0.06599498251748222,0.06600952797202744,572
1700780700000,0,0,0,0,0,0,0.06597198473282567,0.0659872858354539,1179
1700780760000,0,0,0,0,0,0,0.06587795795795802,0.06589204204204178,333
1700780820000,0,0,0,0,0,0,0.06588463881019818,0.06589872521246537,1412
1700780880000,0,0,0,0,0,0,0.06585923428571415,0.06587318857142771,875
1700780940000,0,0,0,0,0,0,0.06579467436974847,0.0658083823529408,952
1700781000000,0,0,0,0,0,0,0.06582177950868787,0.06583615937687382,1669
1700781060000,0,0,0,0,0,0,0.06582505714285657,0.06583964285714358,700
1700781120000,0,0,0,0,0,0,0.06582014485755805,0.06583517141477342,2071
1700781180000,0,0,0,0,0,0,0.06576351543943017,0.06578045130641327,421
1700781240000,0,0,0,0,0,0,0.06577407407407404,0.06578879629629639,108
1700781300000,0,0,0,0,0,0,0.06582254545454556,0.06583751515151498,165
1700781360000,0,0,0,0,0,0,0.06577635911602174,0.06579165745856354,1810
1700781420000,0,0,0,0,0,0,0.0657370995670995,0.06575774891774855,231
1700781480000,0,0,0,0,0,0,0.06575524691358019,0.06576981481481475,162
1700781540000,0,0,0,0,0,0,0.06574336538461548,0.06575740384615379,104
1700781600000,0,0,0,0,0,0,0.06568650641025671,0.06570233974358976,312
1700781660000,0,0,0,0,0,0,0.06565388625592411,0.06566781990521312,211
1700781720000,0,0,0,0,0,0,0.06563020942408326,0.06564876963350794,382
1700781780000,0,0,0,0,0,0,0.06565288770053476,0.06566759358288794,187
1700781840000,0,0,0,0,0,0,0.06564854477611923,0.06566809701492536,268
1700781900000,0,0,0,0,0,0,0.06560869565217387,0.06562445652173916,184
1700781960000,0,0,0,0,0,0,0.06560659498207873,0.06562132616487411,279
1700782020000,0,0,0,0,0,0,0.06563939597315412,0.06565187919463095,298
1700782080000,0,0,0,0,0,0,0.06560293849658323,0.06561938496583122,439
1700782140000,0,0,0,0,0,0,0.06555440559440572,0.06557069930069925,286
1700782200000,0,0,0,0,0,0,0.06554167286245358,0.06555728624535326,269
1700782260000,0,0,0,0,0,0,0.06560939622641498,0.06562515094339556,530
1700782320000,0,0,0,0,0,0,0.0656488554216867,0.06567198795180738,166
1700782380000,0,0,0,0,0,0,0.06561361702127656,0.06563272340425529,235
1700782440000,0,0,0,0,0,0,0.06564350785340307,0.06566235602094274,191
1700782500000,0,0,0,0,0,0,0.06561974358974364,0.06563726495726507,117
1700782560000,0,0,0,0,0,0,0.06558284931506887,0.06559830136986305,365
1700782620000,0,0,0,0,0,0,0.06558693548387105,0.06560661290322588,124
1700782680000,0,0,0,0,0,0,0.06553785087719298,0.06555552631578952,228
1700782740000,0,0,0,0,0,0,0.06550634146341475,0.06551646341463402,82
1700782800000,0,0,0,0,0,0,0.06549219444444446,0.06550841666666646,360
1700782860000,0,0,0,0,0,0,0.06548851145038177,0.06550580152671777,262
1700782920000,0,0,0,0,0,0,0.06548211340206195,0.06549623711340205,194
1700782980000,0,0,0,0,0,0,0.0654674850894635,0.06549073558647973,1006
1700783040000,0,0,0,0,0,0,0.06546639830508481,0.06548326271186475,236
1700783100000,0,0,0,0,0,0,0.06547466135458159,0.06548976095617551,251
1700783160000,0,0,0,0,0,0,0.06542363636363632,0.06543844155844146,154
1700783220000,0,0,0,0,0,0,0.06542025974025951,0.06543668831168845,154
1700783280000,0,0,0,0,0,0,0.06544149122806965,0.0654568859649124,456
1700783340000,0,0,0,0,0,0,0.06545930309734461,0.06547536504424792,904
1700783400000,0,0,0,0,0,0,0.06551514925373128,0.06552895522388075,134
1700783460000,0,0,0,0,0,0,0.06550125000000008,0.06551968749999999,96
1700783520000,0,0,0,0,0,0,0.06552135338345871,0.06553721804511273,133
1700783580000,0,0,0,0,0,0,0.06551533596837947,0.06553272727272721,253
1700783640000,0,0,0,0,0,0,0.06548413223140495,0.06550999999999997,121
1700783700000,0,0,0,0,0,0,0.06547172985782136,0.06548910545023484,1688
1700783760000,0,0,0,0,0,0,0.06543753213367597,0.06545133676092502,389
1700783820000,0,0,0,0,0,0,0.0654443333333334,0.06545758333333336,120
1700783880000,0,0,0,0,0,0,0.06549372881355926,0.06551228813559311,118
1700783940000,0,0,0,0,0,0,0.06549115879828332,0.06550566523605168,233
1700784000000,0,0,0,0,0,0,0.06553488549618322,0.06555068702290107,393
1700784060000,0,0,0,0,0,0,0.06554944020356207,0.0655664376590334,393
1700784120000,0,0,0,0,0,0,0.06552869158878516,0.06554822429906562,321
1700784180000,0,0,0,0,0,0,0.06553769547325117,0.06555646090534975,243
1700784240000,0,0,0,0,0,0,0.06552217054263544,0.0655379457364343,258
1700784300000,0,0,0,0,0,0,0.06553154471544712,0.06554593495934956,123
1700784360000,0,0,0,0,0,0,0.06554852112676052,0.06556654929577463,142
1700784420000,0,0,0,0,0,0,0.06555051546391764,0.06556494845360823,97
1700784480000,0,0,0,0,0,0,0.06546137426900554,0.0654771052631576,342
1700784540000,0,0,0,0,0,0,0.0654295683453237,0.06544395683453237,278
1700784600000,0,0,0,0,0,0,0.06538603773584907,0.06540238993710673,159
1700784660000,0,0,0,0,0,0,0.06538656862745085,0.06540501960784276,510
1700784720000,0,0,0,0,0,0,0.06539518324607332,0.06540947643979055,191
1700784780000,0,0,0,0,0,0,0.0653823776223775,0.06540153846153841,143
1700784840000,0,0,0,0,0,0,0.06535012779552729,0.0653716293929713,313
1700784900000,0,0,0,0,0,0,0.06525334728033477,0.06526953974895401,239
1700784960000,0,0,0,0,0,0,0.06532222222222192,0.06533786324786306,468
1700785020000,0,0,0,0,0,0,0.06536634210526289,0.06538834210526333,380
1700785080000,0,0,0,0,0,0,0.06543914772727291,0.06545707386363636,352
1700785140000,0,0,0,0,0,0,0.06554487481590605,0.06556092783505134,679
1700785200000,0,0,0,0,0,0,0.06548219230769226,0.06550092307692325,260
1700785260000,0,0,0,0,0,0,0.06549292134831466,0.06551019662921347,356
1700785320000,0,0,0,0,0,0,0.06553604761904766,0.06555347619047618,210
1700785380000,0,0,0,0,0,0,0.06559710084033603,0.06561378151260505,238
1700785440000,0,0,0,0,0,0,0.06564472602739742,0.06566579908675808,438
1700785500000,0,0,0,0,0,0,0.06575041369472187,0.06577185449358071,701
1700785560000,0,0,0,0,0,0,0.06566770983213453,0.06568557553956843,834
1700785620000,0,0,0,0,0,0,0.06571446078431346,0.06573058823529433,204
1700785680000,0,0,0,0,0,0,0.06566616314199389,0.0656825075528703,331
1700785740000,0,0,0,0,0,0,0.06568644628099185,0.06570479338842963,242
1700785800000,0,0,0,0,0,0,0.06565703910614533,0.06567189944134061,179
1700785860000,0,0,0,0,0,0,0.0656354575163399,0.06565366013071906,306
1700785920000,0,0,0,0,0,0,0.06557565000000005,0.06560440000000006,200
1700785980000,0,0,0,0,0,0,0.06560140127388531,0.06561770700636957,157
1700786040000,0,0,0,0,0,0,0.06561104347826081,0.06563178260869552,230
1700786100000,0,0,0,0,0,0,0.06567016042780734,0.06568737967914438,187
1700786160000,0,0,0,0,0,0,0.06567772727272742,0.06569784090909082,176
1700786220000,0,0,0,0,0,0,0.06571775700934572,0.06573140186915896,214
1700786280000,0,0,0,0,0,0,0.06571987804878054,0.06574008130081305,246
1700786340000,0,0,0,0,0,0,0.0656281720430108,0.06564833333333335,186
1700786400000,0,0,0,0,0,0,0.06562338582677166,0.06563866141732287,127
1700786460000,0,0,0,0,0,0,0.06559056521739129,0.06560926086956524,230
1700786520000,0,0,0,0,0,0,0.06553560471976376,0.06555182890855414,339
1700786580000,0,0,0,0,0,0,0.06554586538461527,0.0655616346153847,104
1700786640000,0,0,0,0,0,0,0.0656118032786884,0.06562699453551929,183
1700786700000,0,0,0,0,0,0,0.06563307692307689,0.06565192307692293,156
1700786760000,0,0,0,0,0,0,0.0656454964539008,0.065661063829787,282
1700786820000,0,0,0,0,0,0,0.06566951515151527,0.0656869696969698,165
1700786880000,0,0,0,0,0,0,0.06567732394366196,0.06569140845070424,71
1700786940000,0,0,0,0,0,0,0.06564138888888868,0.06566103535353546,396
1700787000000,0,0,0,0,0,0,0.06559761904761907,0.06561492063492062,126
1700787060000,0,0,0,0,0,0,0.06555848920863297,0.0655791366906475,417
1700787120000,0,0,0,0,0,0,0.06558065891472867,0.06559922480620156,258
1700787180000,0,0,0,0,0,0,0.06557666666666656,0.06559064814814815,108
1700787240000,0,0,0,0,0,0,0.06555367567567567,0.06557237837837837,185
1700787300000,0,0,0,0,0,0,0.06565278745644582,0.06566703832752606,287
1700787360000,0,0,0,0,0,0,0.06573536842105257,0.06575231578947359,190
1700787420000,0,0,0,0,0,0,0.06571869955156932,0.06574031390134549,223
1700787480000,0,0,0,0,0,0,0.06564774086378744,0.06566843853820602,301
1700787540000,0,0,0,0,0,0,0.06562298429319385,0.06564314136125664,191
1700787600000,0,0,0,0,0,0,0.06569404255319156,0.06571478723404253,94
1700787660000,0,0,0,0,0,0,0.06567895522388081,0.0657008656716413,335
1700787720000,0,0,0,0,0,0,0.06567258771929849,0.06569228070175433,228
1700787780000,0,0,0,0,0,0,0.06564577639751563,0.06566465838509312,161
1700787840000,0,0,0,0,0,0,0.0657091758241757,0.06573137362637374,182
1700787900000,0,0,0,0,0,0,0.06575518518518512,0.0657714074074074,135
1700787960000,0,0,0,0,0,0,0.0658119689119171,0.06583339378238334,386
1700788020000,0,0,0,0,0,0,0.06588475177304981,0.06590170212765985,564
1700788080000,0,0,0,0,0,0,0.06597543175487494,0.06599122562674133,359
1700788140000,0,0,0,0,0,0,0.06602204152249164,0.06603972318339091,289
1700788200000,0,0,0,0,0,0,0.06602789062500003,0.06604644531250002,256
1700788260000,0,0,0,0,0,0,0.0660945945945944,0.06610695945945957,296
1700788320000,0,0,0,0,0,0,0.06606024717513989,0.06607815677966064,1416
1700788380000,0,0,0,0,0,0,0.06607705010585714,0.06609752293577938,1417
1700788440000,0,0,0,0,0,0,0.06610272727272737,0.06612065656565665,198
1700788500000,0,0,0,0,0,0,0.06613342391304362,0.06614891304347825,184
1700788560000,0,0,0,0,0,0,0.0661987858347383,0.06621748735244548,1186
1700788620000,0,0,0,0,0,0,0.06621167487684733,0.06623879310344856,406
1700788680000,0,0,0,0,0,0,0.06613009708737867,0.066149417475728,206
1700788740000,0,0,0,0,0,0,0.06613883527454258,0.06615931780366051,601
1700788800000,0,0,0,0,0,0,0.06617140127388522,0.06619025477707006,157
1700788860000,0,0,0,0,0,0,0.06611350476190522,0.06613025714285636,1050
1700788920000,0,0,0,0,0,0,0.0661115267175574,0.06612847328244269,131
1700788980000,0,0,0,0,0,0,0.06607034907597531,0.06608613963039012,487
1700789040000,0,0,0,0,0,0,0.06605439882697968,0.0660704398826978,341
1700789100000,0,0,0,0,0,0,0.06606615635179158,0.06608651465798049,307
1700789160000,0,0,0,0,0,0,0.06608367149758453,0.06609961352657019,207
1700789220000,0,0,0,0,0,0,0.06606550239234438,0.06608361244019138,418
1700789280000,0,0,0,0,0,0,0.06601670967741942,0.06603819354838705,155
1700789340000,0,0,0,0,0,0,0.06602743661971845,0.06605061971831025,355
1700789400000,0,0,0,0,0,0,0.06611476000000001,0.06613596000000019,250
1700789460000,0,0,0,0,0,0,0.06609313019390599,0.06610875346260385,361
1700789520000,0,0,0,0,0,0,0.06602159999999997,0.06603831999999998,125
1700789580000,0,0,0,0,0,0,0.06598481751824796,0.06600287104622858,411
1700789640000,0,0,0,0,0,0,0.06594480577136436,0.06596003329633711,901
1700789700000,0,0,0,0,0,0,0.06589331715210334,0.06591019417475735,618
1700789760000,0,0,0,0,0,0,0.06588868578255626,0.06590561529271183,837
1700789820000,0,0,0,0,0,0,0.06587452631578966,0.06588857894736831,380
1700789880000,0,0,0,0,0,0,0.06588065126050552,0.06590548319327792,1428
1700789940000,0,0,0,0,0,0,0.06586430473372795,0.06587942307692209,676
1700790000000,0,0,0,0,0,0,0.06586040920716109,0.06587533248081842,782
1700790060000,0,0,0,0,0,0,0.0658355958549225,0.06585191709844539,193
1700790120000,0,0,0,0,0,0,0.06581572463768125,0.06583268115942033,138
1700790180000,0,0,0,0,0,0,0.06576530612244898,0.06578020408163249,147
1700790240000,0,0,0,0,0,0,0.06575284482758625,0.0657679310344828,116
1700790300000,0,0,0,0,0,0,0.06582012048192774,0.0658355903614455,415
1700790360000,0,0,0,0,0,0,0.06585765560166011,0.06587363070539454,482
1700790420000,0,0,0,0,0,0,0.06587744736842112,0.06589436842105242,380
1700790480000,0,0,0,0,0,0,0.06588309859154927,0.06589577464788729,71
1700790540000,0,0,0,0,0,0,0.06587888888888879,0.0658953124999996,288
1700790600000,0,0,0,0,0,0,0.06585784974093281,0.06587950777202073,386
1700790660000,0,0,0,0,0,0,0.06582746875000008,0.06584165624999994,320
1700790720000,0,0,0,0,0,0,0.06579639130434765,0.06581426086956557,230
1700790780000,0,0,0,0,0,0,0.06577538610038632,0.06579099742600006,1554
1700790840000,0,0,0,0,0,0,0.06577052941176471,0.06578464705882349,170
1700790900000,0,0,0,0,0,0,0.06576993169398947,0.06578707650273158,732
1700790960000,0,0,0,0,0,0,0.06580971631205693,0.06582524822695028,141
1700791020000,0,0,0,0,0,0,0.06581807017543889,0.06584065789473664,228
1700791080000,0,0,0,0,0,0,0.06585180438448579,0.06586752107925782,593
1700791140000,0,0,0,0,0,0,0.06586081545064382,0.06587454935622326,233
1700791200000,0,0,0,0,0,0,0.06584810169491503,0.06586677966101721,295
1700791260000,0,0,0,0,0,0,0.06585396226415109,0.06587191823899359,318
1700791320000,0,0,0,0,0,0,0.06592138613861392,0.06593792079207914,101
1700791380000,0,0,0,0,0,0,0.06595191780821939,0.0659710958904109,146
1700791440000,0,0,0,0,0,0,0.06589408653846146,0.06591096153846138,208
1700791500000,0,0,0,0,0,0,0.06585632967032982,0.06587393406593377,455
1700791560000,0,0,0,0,0,0,0.06573473821989535,0.06575115183246119,382
1700791620000,0,0,0,0,0,0,0.06570352112676037,0.06572030516431893,426
1700791680000,0,0,0,0,0,0,0.06572942307692313,0.0657414903846159,416
1700791740000,0,0,0,0,0,0,0.06578977941176453,0.06580492647058828,272
1700791800000,0,0,0,0,0,0,0.06579962441314541,0.06581530516431942,213
1700791860000,0,0,0,0,0,0,0.06584509383378037,0.06586008042895447,373
1700791920000,0,0,0,0,0,0,0.06593980533525558,0.06596108868060457,1387
1700791980000,0,0,0,0,0,0,0.06593721280602613,0.06595255178907777,1062
1700792040000,0,0,0,0,0,0,0.06593086486486473,0.06594632432432444,185
1700792100000,0,0,0,0,0,0,0.06593414878397762,0.0659564663805435,699
1700792160000,0,0,0,0,0,0,0.0659649471210343,0.06598326674500621,851
1700792220000,0,0,0,0,0,0,0.06603449685534624,0.06604833333333333,318
1700792280000,0,0,0,0,0,0,0.06604293577981653,0.06605651376146794,109
1700792340000,0,0,0,0,0,0,0.06606837209302313,0.06608053156146163,301
1700792400000,0,0,0,0,0,0,0.0661051515151517,0.06612030303030308,165
1700792460000,0,0,0,0,0,0,0.06604678947368407,0.06606286842105255,380
1700792520000,0,0,0,0,0,0,0.06611129213483158,0.0661302247191011,178
1700792580000,0,0,0,0,0,0,0.06608346666666685,0.06609693333333326,150
1700792640000,0,0,0,0,0,0,0.06609638297872329,0.06611095744680877,188
1700792700000,0,0,0,0,0,0,0.06604581920903935,0.06606361581920904,177
1700792760000,0,0,0,0,0,0,0.06604229268292662,0.06606009756097564,205
1700792820000,0,0,0,0,0,0,0.06605885416666658,0.06607416666666664,192
1700792880000,0,0,0,0,0,0,0.06605164705882358,0.06607352941176475,85
