1700725020000,0,0,0,0,0,0,0.2099,0.21,1
1700725080000,0,0,0,0,0,0,0.2099625000000005,0.21006363636363667,88
1700725140000,0,0,0,0,0,0,0.20986821705426392,0.20996821705426416,129
1700725200000,0,0,0,0,0,0,0.20989803921568678,0.20999950980392126,204
1700725260000,0,0,0,0,0,0,0.20997829457364373,0.2100806201550392,129
1700725320000,0,0,0,0,0,0,0.2099228813559324,0.21002288135593275,118
1700725380000,0,0,0,0,0,0,0.2096876543209884,0.20979043209876555,324
1700725440000,0,0,0,0,0,0,0.20970645161290305,0.20980645161290293,62
1700725500000,0,0,0,0,0,0,0.20970000000000016,0.20980000000000068,190
1700725560000,0,0,0,0,0,0,0.20975094339622616,0.20985251572327074,318
1700725620000,0,0,0,0,0,0,0.20983124999999905,0.20993210227272677,352
1700725680000,0,0,0,0,0,0,0.2100785977859769,0.2101789667896682,271
1700725740000,0,0,0,0,0,0,0.2100688118811882,0.2101693069306931,202
1700725800000,0,0,0,0,0,0,0.21004236111111166,0.2101437500000004,144
1700725860000,0,0,0,0,0,0,0.21002150943396247,0.21012339622641443,265
1700725920000,0,0,0,0,0,0,0.210068548387096,0.21016895161290355,248
1700725980000,0,0,0,0,0,0,0.2100071428571433,0.21010714285714313,84
1700726040000,0,0,0,0,0,0,0.20995838509316822,0.2100583850931682,161
1700726100000,0,0,0,0,0,0,0.2099520547945206,0.2100534246575337,292
1700726160000,0,0,0,0,0,0,0.20985294117646994,0.20995325077399438,323
1700726220000,0,0,0,0,0,0,0.2099229357798157,0.2100236238532108,436
1700726280000,0,0,0,0,0,0,0.21009999999999882,0.21020000000000033,292
1700726340000,0,0,0,0,0,0,0.21017249070632002,0.21027286245353025,269
1700726400000,0,0,0,0,0,0,0.2102387931034484,0.2103400862068956,232
1700726460000,0,0,0,0,0,0,0.2103777126099725,0.21047903225806316,682
1700726520000,0,0,0,0,0,0,0.2105151767151761,0.21061580041580097,481
1700726580000,0,0,0,0,0,0,0.21041745283018862,0.2105174528301895,212
1700726640000,0,0,0,0,0,0,0.2104492307692306,0.21055076923076885,130
1700726700000,0,0,0,0,0,0,0.2104181249999999,0.21051874999999992,160
1700726760000,0,0,0,0,0,0,0.2104525362318844,0.2105532608695659,276
1700726820000,0,0,0,0,0,0,0.21054855072463746,0.21064927536231845,138
1700726880000,0,0,0,0,0,0,0.2103820652173907,0.21048532608695641,184
1700726940000,0,0,0,0,0,0,0.21030000000000013,0.21039999999999995,57
1700727000000,0,0,0,0,0,0,0.21012685714285717,0.2102268571428575,175
1700727060000,0,0,0,0,0,0,0.2101845360824745,0.21028453608247435,97
1700727120000,0,0,0,0,0,0,0.2103070484581497,0.21040704845815061,227
1700727180000,0,0,0,0,0,0,0.21039999999999995,0.2104999999999998,73
1700727240000,0,0,0,0,0,0,0.21031157894736854,0.21041368421052625,95
1700727300000,0,0,0,0,0,0,0.2102277777777781,0.2103277777777779,108
1700727360000,0,0,0,0,0,0,0.21022814814814844,0.21032962962962973,135
1700727420000,0,0,0,0,0,0,0.21014732824427526,0.21024732824427503,131
1700727480000,0,0,0,0,0,0,0.21004466019417523,0.21014466019417521,103
1700727540000,0,0,0,0,0,0,0.20996885245901697,0.21006967213114797,122
1700727600000,0,0,0,0,0,0,0.21000000000000044,0.21010000000000023,75
1700727660000,0,0,0,0,0,0,0.21008733031674143,0.2101877828054302,221
1700727720000,0,0,0,0,0,0,0.2100621212121217,0.21016439393939432,132
1700727780000,0,0,0,0,0,0,0.20993926701570684,0.2100392670157074,191
1700727840000,0,0,0,0,0,0,0.20991532846715358,0.21001532846715387,137
1700727900000,0,0,0,0,0,0,0.21000000000000002,0.21009999999999998,41
1700727960000,0,0,0,0,0,0,0.20994285714285713,0.21004395604395656,182
1700728020000,0,0,0,0,0,0,0.20984726027397305,0.2099486301369866,146
1700728080000,0,0,0,0,0,0,0.2099,0.21000000000000052,96
1700728140000,0,0,0,0,0,0,0.20993619047619066,0.21003619047619093,105
1700728200000,0,0,0,0,0,0,0.20993469387755093,0.21003469387755122,49
1700728260000,0,0,0,0,0,0,0.20984319526627246,0.20994378698224894,169
1700728320000,0,0,0,0,0,0,0.20989999999999975,0.2100000000000004,74
1700728380000,0,0,0,0,0,0,0.20985113122171967,0.20995972850678782,221
1700728440000,0,0,0,0,0,0,0.20985381526104352,0.2099550200803219,249
1700728500000,0,0,0,0,0,0,0.20986184210526365,0.20996184210526386,152
1700728560000,0,0,0,0,0,0,0.20995000000000044,0.21005054945054943,182
1700728620000,0,0,0,0,0,0,0.21012887700534794,0.21022887700534715,187
1700728680000,0,0,0,0,0,0,0.21013793103448242,0.21023891625615787,203
1700728740000,0,0,0,0,0,0,0.2100680751173707,0.21017183098591566,213
1700728800000,0,0,0,0,0,0,0.2101896713615027,0.2102896713615015,213
1700728860000,0,0,0,0,0,0,0.2101230088495579,0.21022389380531004,113
1700728920000,0,0,0,0,0,0,0.21009999999999998,0.2102000000000001,29
1700728980000,0,0,0,0,0,0,0.21010000000000023,0.21020000000000028,67
1700729040000,0,0,0,0,0,0,0.21017751937984508,0.21027868217054158,258
1700729100000,0,0,0,0,0,0,0.21035531914893563,0.2104560283687952,282
1700729160000,0,0,0,0,0,0,0.21035360824742214,0.2104553264604821,291
1700729220000,1,0,4036.2,0,4036.2,1,0.21040474452554747,0.21050474452554863,274
1700729280000,0,0,0,0,0,0,0.21045294117647048,0.21055294117647091,187
1700729340000,0,0,0,0,0,0,0.21045999999999981,0.21055999999999997,165
1700729400000,0,0,0,0,0,0,0.21022768361581956,0.21033163841807873,177
1700729460000,0,0,0,0,0,0,0.21015960264900707,0.2102602649006625,151
1700729520000,0,0,0,0,0,0,0.2103306666666667,0.2104319999999998,150
1700729580000,0,0,0,0,0,0,0.21035579710144933,0.21045579710144915,138
1700729640000,0,0,0,0,0,0,0.21032156862745105,0.21042254901960775,102
1700729700000,0,0,0,0,0,0,0.21039999999999995,0.2104999999999998,99
1700729760000,0,0,0,0,0,0,0.21052588832487268,0.2106269035532998,197
1700729820000,0,0,0,0,0,0,0.21062857142857097,0.21072971428571438,175
1700729880000,0,0,0,0,0,0,0.2105661971830982,0.21066971830985867,142
1700729940000,0,0,0,0,0,0,0.21059799999999995,0.21069999999999986,50
1700730000000,0,0,0,0,0,0,0.2106904458598721,0.21079235668789773,157
1700730060000,0,0,0,0,0,0,0.21077397849462365,0.21088107526881777,465
1700730120000,0,0,0,0,0,0,0.2106550802139039,0.21075508021390307,187
1700730180000,0,0,0,0,0,0,0.21045139442231345,0.210552390438247,502
1700730240000,0,0,0,0,0,0,0.21033617021276535,0.21043723404255307,188
1700730300000,0,0,0,0,0,0,0.21021024096385577,0.21031084337349382,166
1700730360000,0,0,0,0,0,0,0.2102550607287449,0.21035627530364268,247
1700730420000,0,0,0,0,0,0,0.21030164609053373,0.21040246913580243,243
1700730480000,0,0,0,0,0,0,0.21024955357142774,0.21034955357142857,224
1700730540000,0,0,0,0,0,0,0.21028564814814726,0.2103856481481481,216
1700730600000,0,0,0,0,0,0,0.21026060606060548,0.2103606060606061,198
1700730660000,0,0,0,0,0,0,0.21028860103626926,0.21038911917098405,193
1700730720000,0,0,0,0,0,0,0.21017247706422054,0.21027247706422036,109
1700730780000,0,0,0,0,0,0,0.2101000000000002,0.21020000000000028,65
1700730840000,0,0,0,0,0,0,0.21015000000000028,0.21025000000000016,108
1700730900000,0,0,0,0,0,0,0.2102000000000003,0.21030000000000013,123
1700730960000,0,0,0,0,0,0,0.2102000000000003,0.21030000000000013,133
1700731020000,0,0,0,0,0,0,0.21007500000000062,0.2101756756756761,148
1700731080000,0,0,0,0,0,0,0.20992965779467612,0.21003079847908787,263
1700731140000,0,0,0,0,0,0,0.20994125000000033,0.2100412500000004,160
1700731200000,0,0,0,0,0,0,0.20993105022831066,0.21003150684931501,219
1700731260000,0,0,0,0,0,0,0.2100000000000006,0.2101000000000004,129
1700731320000,0,0,0,0,0,0,0.2099242677824264,0.21002510460251078,239
1700731380000,0,0,0,0,0,0,0.2099,0.21000000000000052,95
1700731440000,0,0,0,0,0,0,0.2098557377049184,0.2099565573770497,122
1700731500000,0,0,0,0,0,0,0.20988888888888915,0.20998888888888947,126
1700731560000,0,0,0,0,0,0,0.20981465517241404,0.20991465517241395,116
1700731620000,0,0,0,0,0,0,0.20974108108108122,0.20984324324324385,185
1700731680000,0,0,0,0,0,0,0.20977603305785153,0.2098785123966944,121
1700731740000,0,0,0,0,0,0,0.20977121212121178,0.20987424242424219,66
1700731800000,0,0,0,0,0,0,0.20979291338582712,0.20989291338582702,127
1700731860000,0,0,0,0,0,0,0.20973649289099586,0.2098383886255923,211
1700731920000,0,0,0,0,0,0,0.20963318777292625,0.2097331877729261,229
1700731980000,0,0,0,0,0,0,0.20976767676767752,0.20986767676767648,198
1700732040000,0,0,0,0,0,0,0.20972857142857185,0.20982857142857209,168
1700732100000,0,0,0,0,0,0,0.2097000000000003,0.20980000000000013,105
1700732160000,0,0,0,0,0,0,0.2097443609022561,0.20984436090225592,133
1700732220000,0,0,0,0,0,0,0.20986093750000018,0.2099617187500005,128
1700732280000,0,0,0,0,0,0,0.2098999999999999,0.21000000000000024,56
1700732340000,0,0,0,0,0,0,0.20991965811965865,0.21001965811965861,117
1700732400000,0,0,0,0,0,0,0.20989999999999984,0.2100000000000003,61
1700732460000,0,0,0,0,0,0,0.2099000000000001,0.21000000000000055,103
1700732520000,0,0,0,0,0,0,0.2099575221238943,0.21005840707964643,113
1700732580000,0,0,0,0,0,0,0.2100597402597405,0.21016103896103921,77
1700732640000,0,0,0,0,0,0,0.21010000000000043,0.2102000000000003,154
1700732700000,0,0,0,0,0,0,0.2101906735751299,0.21029067357512893,193
1700732760000,0,0,0,0,0,0,0.21019201680672248,0.21029201680672202,238
1700732820000,0,0,0,0,0,0,0.21020000000000025,0.21030000000000013,48
1700732880000,0,0,0,0,0,0,0.21013719806763234,0.21023768115942054,207
1700732940000,0,0,0,0,0,0,0.21000388349514681,0.2101059870550156,618
1700733000000,0,0,0,0,0,0,0.2097847560975614,0.20988536585365905,164
1700733060000,0,0,0,0,0,0,0.20977115384615458,0.2098754807692304,208
1700733120000,0,0,0,0,0,0,0.20972550335570536,0.20982617449664487,149
1700733180000,0,0,0,0,0,0,0.2097236966824653,0.2098246445497627,211
1700733240000,0,0,0,0,0,0,0.2097999999999997,0.20989999999999992,53
1700733300000,0,0,0,0,0,0,0.2098558303886921,0.20995653710247372,283
1700733360000,0,0,0,0,0,0,0.20999097744360834,0.21009172932330844,266
1700733420000,0,0,0,0,0,0,0.2102174917491739,0.21031749174917455,303
1700733480000,0,0,0,0,0,0,0.2102999999999988,0.21039999999999995,246
1700733540000,0,0,0,0,0,0,0.21030000000000013,0.21039999999999995,139
1700733600000,0,0,0,0,0,0,0.2104663303909183,0.21056658259773017,793
1700733660000,0,0,0,0,0,0,0.2106468367346951,0.21074734693877895,980
1700733720000,0,0,0,0,0,0,0.21050234505862941,0.21060301507537657,597
1700733780000,0,0,0,0,0,0,0.2102633245382572,0.21036358839050148,379
1700733840000,0,0,0,0,0,0,0.2101852216748766,0.21028719211822655,203
1700733900000,0,0,0,0,0,0,0.21021403508771966,0.21031403508771943,114
1700733960000,0,0,0,0,0,0,0.2101503225806455,0.21025161290322603,155
1700734020000,0,0,0,0,0,0,0.2101000000000004,0.2102000000000003,131
1700734080000,0,0,0,0,0,0,0.2102484679665734,0.21034958217270275,359
1700734140000,0,0,0,0,0,0,0.2103625000000025,0.2104629934210537,608
1700734200000,0,0,0,0,0,0,0.2101894117647059,0.21029137254901986,510
1700734260000,0,0,0,0,0,0,0.21009999999999932,0.21020000000000033,231
1700734320000,0,0,0,0,0,0,0.2100042483660139,0.21010424836601183,306
1700734380000,0,0,0,0,0,0,0.21004239130434782,0.2101429347826091,184
1700734440000,0,0,0,0,0,0,0.21004438202247205,0.2101449438202252,178
1700734500000,0,0,0,0,0,0,0.21003849765258278,0.21013896713614968,213
1700734560000,0,0,0,0,0,0,0.20996654676258958,0.2100669064748203,278
1700734620000,0,0,0,0,0,0,0.20983469162995697,0.20993513215859258,908
1700734680000,0,0,0,0,0,0,0.2098157650695535,0.20991591962905748,647
1700734740000,0,0,0,0,0,0,0.20984357142857177,0.20994428571428597,140
1700734800000,0,0,0,0,0,0,0.20983058252427259,0.20993058252427166,206
1700734860000,0,0,0,0,0,0,0.20971026490066255,0.2098122516556291,302
1700734920000,0,0,0,0,0,0,0.2097094527363187,0.20981144278606997,201
1700734980000,0,0,0,0,0,0,0.20969999999999983,0.20979999999999968,64
1700735040000,0,0,0,0,0,0,0.20969999999999983,0.20979999999999968,68
1700735100000,0,0,0,0,0,0,0.20954841628959356,0.20965022624434373,221
1700735160000,0,0,0,0,0,0,0.20940000000000036,0.20949999999999905,235
1700735220000,0,0,0,0,0,0,0.20939999999999967,0.20949999999999958,114
1700735280000,0,0,0,0,0,0,0.2094279792746106,0.20952849740932647,193
1700735340000,0,0,0,0,0,0,0.20949999999999974,0.20960000000000045,101
1700735400000,0,0,0,0,0,0,0.20943333333333264,0.2095339285714288,168
1700735460000,0,0,0,0,0,0,0.20949999999999944,0.20960000000000076,133
1700735520000,0,0,0,0,0,0,0.20951913580246903,0.2096191358024698,162
1700735580000,0,0,0,0,0,0,0.20960000000000037,0.20970000000000016,95
1700735640000,0,0,0,0,0,0,0.20957388888888862,0.2096750000000009,180
1700735700000,0,0,0,0,0,0,0.2094173333333328,0.20951799999999934,150
1700735760000,0,0,0,0,0,0,0.20933881748071895,0.20943881748071974,389
1700735820000,0,0,0,0,0,0,0.20905456852792173,0.20915520304568896,788
1700735880000,0,0,0,0,0,0,0.20912404371584703,0.2092251366120211,183
1700735940000,0,0,0,0,0,0,0.20925722543352604,0.20935722543352547,173
1700736000000,0,0,0,0,0,0,0.2092000000000001,0.20929999999999943,199
1700736060000,0,0,0,0,0,0,0.209222463768117,0.2093228260869558,276
1700736120000,0,0,0,0,0,0,0.20919999999999955,0.2093000000000002,80
1700736180000,0,0,0,0,0,0,0.20919999999999953,0.2093000000000001,89
1700736240000,0,0,0,0,0,0,0.2090541284403677,0.2091547400611623,327
1700736300000,0,0,0,0,0,0,0.20916186440677917,0.20926186440677946,118
1700736360000,0,0,0,0,0,0,0.2090420289855079,0.20914239130434792,276
1700736420000,0,0,0,0,0,0,0.2091000000000023,0.20919999999999886,513
1700736480000,0,0,0,0,0,0,0.20909999999999992,0.20919999999999983,50
1700736540000,0,0,0,0,0,0,0.20909999999999998,0.2091999999999999,45
1700736600000,0,0,0,0,0,0,0.2090999999999995,0.20920000000000058,242
1700736660000,0,0,0,0,0,0,0.2091000000000009,0.20919999999999997,382
1700736720000,0,0,0,0,0,0,0.20899606918239177,0.20909606918239257,636
1700736780000,0,0,0,0,0,0,0.20876779891303948,0.20886888586956331,736
1700736840000,0,0,0,0,0,0,0.20872285714285674,0.2088239285714288,280
1700736900000,0,0,0,0,0,0,0.20896878504673105,0.20906897196261942,535
1700736960000,0,0,0,0,0,0,0.20892090163934346,0.20902254098360684,244
1700737020000,0,0,0,0,0,0,0.2087243697478994,0.2088260504201681,119
1700737080000,0,0,0,0,0,0,0.20875384615384615,0.20885384615384467,286
1700737140000,0,0,0,0,0,0,0.20876842105263171,0.208869298245614,114
1700737200000,0,0,0,0,0,0,0.20879782016348583,0.20889782016348757,367
1700737260000,0,0,0,0,0,0,0.20877312499999906,0.20887312499999888,320
1700737320000,0,0,0,0,0,0,0.20877644628099026,0.2088764462809908,484
1700737380000,0,0,0,0,0,0,0.20879999999999738,0.2088999999999999,745
1700737440000,0,0,0,0,0,0,0.2085999999999996,0.2087003231017774,619
1700737500000,0,0,0,0,0,0,0.20848455114822567,0.20858455114822672,479
1700737560000,0,0,0,0,0,0,0.20854851485148604,0.20864910891089022,505
1700737620000,0,0,0,0,0,0,0.20845484949832774,0.20855529542920465,897
1700737680000,0,0,0,0,0,0,0.20851783567134338,0.20861843687374826,499
1700737740000,0,0,0,0,0,0,0.20857663716814276,0.20867752212389146,565
1700737800000,0,0,0,0,0,0,0.20852065997130464,0.20862080344332845,697
1700737860000,0,0,0,0,0,0,0.20848025276461343,0.2085804107424964,633
1700737920000,0,0,0,0,0,0,0.20834668367346845,0.2084469387755091,392
1700737980000,0,0,0,0,0,0,0.20824734375000004,0.20834796874999828,640
1700738040000,0,0,0,0,0,0,0.20797744755244485,0.20807858391608372,1144
1700738100000,0,0,0,0,0,0,0.20754502164502422,0.20764718614718758,924
1700738160000,0,0,0,0,0,0,0.20767635467980433,0.2077783251231529,406
1700738220000,0,0,0,0,0,0,0.20772710566615774,0.20782756508422673,653
1700738280000,0,0,0,0,0,0,0.20746685606060827,0.20757045454545425,528
1700738340000,0,0,0,0,0,0,0.20748333333333366,0.20758472222222307,360
1700738400000,0,0,0,0,0,0,0.20754178217821798,0.20764396039604024,505
1700738460000,0,0,0,0,0,0,0.20771037735849157,0.20781132075471556,424
1700738520000,0,0,0,0,0,0,0.20791303797468166,0.20801430379746727,790
1700738580000,0,0,0,0,0,0,0.20712108333333076,0.20722633333333065,1200
1700738640000,0,0,0,0,0,0,0.20725617283950634,0.20735679012345806,810
1700738700000,0,0,0,0,0,0,0.2068402631578932,0.20694315789473577,760
1700738760000,0,0,0,0,0,0,0.20688251928020462,0.20698508997429194,778
1700738820000,0,0,0,0,0,0,0.20712037037036887,0.20722156084656168,756
1700738880000,0,0,0,0,0,0,0.20701672862453438,0.20711802973977506,538
1700738940000,0,0,0,0,0,0,0.20731534526854184,0.20741636828644505,391
1700739000000,0,0,0,0,0,0,0.207339180537773,0.2074418693982086,781
1700739060000,0,0,0,0,0,0,0.20740096269554922,0.20750240673886758,831
1700739120000,0,0,0,0,0,0,0.20761420454545484,0.20771534090909088,352
1700739180000,0,0,0,0,0,0,0.20774674796747916,0.20784756097560989,246
1700739240000,0,0,0,0,0,0,0.20790302114803652,0.20800332326283916,331
1700739300000,0,0,0,0,0,0,0.20796705882352776,0.2080675294117651,425
1700739360000,0,0,0,0,0,0,0.20789220430107605,0.20799274193548312,372
1700739420000,0,0,0,0,0,0,0.20782999999999996,0.20793,300
1700739480000,0,0,0,0,0,0,0.20783822525597295,0.20793959044368557,293
1700739540000,0,0,0,0,0,0,0.20797116104868826,0.2080722846441955,267
1700739600000,0,0,0,0,0,0,0.20791516587677653,0.20801611374407628,211
1700739660000,0,0,0,0,0,0,0.20783452380952358,0.20793452380952318,168
1700739720000,0,0,0,0,0,0,0.20791098901098887,0.20801098901098844,182
1700739780000,0,0,0,0,0,0,0.2078630331753555,0.20796398104265337,211
1700739840000,0,0,0,0,0,0,0.20787845303867358,0.20798176795580067,181
1700739900000,0,0,0,0,0,0,0.207723770491803,0.20782459016393415,122
1700739960000,0,0,0,0,0,0,0.20779898648648637,0.2079006756756758,296
1700740020000,0,0,0,0,0,0,0.20776136363636274,0.20786181818181854,220
1700740080000,0,0,0,0,0,0,0.20754730158730098,0.2076479365079369,315
1700740140000,0,0,0,0,0,0,0.2071131059245939,0.20721561938958588,557
1700740200000,0,0,0,0,0,0,0.20714999999999908,0.20725104166666636,288
1700740260000,0,0,0,0,0,0,0.20708597560975642,0.20718719512195213,492
1700740320000,0,0,0,0,0,0,0.20719362363919003,0.2072970451010888,643
1700740380000,0,0,0,0,0,0,0.20687896825396776,0.20698015873015885,252
1700740440000,0,0,0,0,0,0,0.20686223404255266,0.20696418439716077,564
1700740500000,0,0,0,0,0,0,0.20686515837104086,0.20696696832579195,221
1700740560000,0,0,0,0,0,0,0.20704430379746586,0.20714472573839632,474
1700740620000,0,0,0,0,0,0,0.20724705056179973,0.20734719101123908,712
1700740680000,0,0,0,0,0,0,0.2073249592169681,0.20742528548123887,613
1700740740000,0,0,0,0,0,0,0.2073347533632285,0.20743475336323064,446
1700740800000,0,0,0,0,0,0,0.20733670212765948,0.20743723404255354,188
1700740860000,0,0,0,0,0,0,0.2072205417607218,0.20732099322799025,443
1700740920000,0,0,0,0,0,0,0.2070789473684205,0.20718011695906424,342
1700740980000,0,0,0,0,0,0,0.20689356321838961,0.20699471264367622,870
1700741040000,0,0,0,0,0,0,0.20693687499999971,0.20703874999999922,320
1700741100000,0,0,0,0,0,0,0.20694431818181844,0.20704545454545456,176
1700741160000,0,0,0,0,0,0,0.20713882352941168,0.2072395588235311,680
1700741220000,0,0,0,0,0,0,0.2074228353948676,0.2075257849666977,1051
1700741280000,0,0,0,0,0,0,0.2077745780590713,0.207874999999997,948
1700741340000,0,0,0,0,0,0,0.20791989924433124,0.20802115869017587,397
1700741400000,0,0,0,0,0,0,0.20785000000000073,0.20795059760956142,502
1700741460000,0,0,0,0,0,0,0.20776322751322773,0.207864417989416,756
1700741520000,0,0,0,0,0,0,0.2078274436090226,0.2079296992481198,266
1700741580000,0,0,0,0,0,0,0.20784628099173483,0.20794710743801692,242
1700741640000,0,0,0,0,0,0,0.20798963414634114,0.20809146341463486,164
1700741700000,0,0,0,0,0,0,0.20822681451612923,0.20833205645161124,496
1700741760000,0,0,0,0,0,0,0.20808735294117706,0.20818794117647135,340
1700741820000,0,0,0,0,0,0,0.20807322580645246,0.20817354838709673,310
1700741880000,0,0,0,0,0,0,0.20819778325123153,0.20829901477832577,406
1700741940000,0,0,0,0,0,0,0.2082045333333341,0.2083053333333332,375
1700742000000,0,0,0,0,0,0,0.20818849999999997,0.20828850000000065,200
1700742060000,0,0,0,0,0,0,0.2083276363636359,0.2084280000000002,275
1700742120000,0,0,0,0,0,0,0.20848922558922575,0.2085898989898982,297
1700742180000,0,0,0,0,0,0,0.20842367491166103,0.20852438162544143,283
1700742240000,0,0,0,0,0,0,0.20840088105726953,0.20850132158590257,227
1700742300000,0,0,0,0,0,0,0.20832748538011756,0.20843040935672547,171
1700742360000,0,0,0,0,0,0,0.20827811158798343,0.20837896995708124,233
1700742420000,0,0,0,0,0,0,0.2082000000000002,0.20830000000000073,184
1700742480000,0,0,0,0,0,0,0.20825747663551433,0.20835887850467302,214
1700742540000,0,0,0,0,0,0,0.2080851562500004,0.20818671875000014,256
1700742600000,0,0,0,0,0,0,0.20815512820512816,0.2082564102564102,78
1700742660000,0,0,0,0,0,0,0.20785428571428552,0.20795555555555564,315
1700742720000,0,0,0,0,0,0,0.20766120401337837,0.2077615384615387,299
1700742780000,0,0,0,0,0,0,0.20749841688654366,0.2075992084432727,379
1700742840000,0,0,0,0,0,0,0.20746281250000012,0.20756375000000102,320
1700742900000,0,0,0,0,0,0,0.20734126984126966,0.20744206349206462,378
1700742960000,0,0,0,0,0,0,0.2071701711491439,0.20727188264058796,409
1700743020000,0,0,0,0,0,0,0.20702297872340586,0.2071240425531886,470
1700743080000,0,0,0,0,0,0,0.20695706666666527,0.20706053333333296,375
1700743140000,0,0,0,0,0,0,0.2071230088495578,0.20722566371681325,226
1700743200000,0,0,0,0,0,0,0.20718773946360083,0.207288505747126,261
1700743260000,0,0,0,0,0,0,0.20702740740740727,0.2071292592592588,270
1700743320000,0,0,0,0,0,0,0.20676608557844584,0.20686687797147346,631
1700743380000,0,0,0,0,0,0,0.2068723529411769,0.2069755882352929,340
1700743440000,0,0,0,0,0,0,0.20686603773584938,0.2069666666666672,159
1700743500000,0,0,0,0,0,0,0.20688644501278772,0.2069864450127868,391
1700743560000,0,0,0,0,0,0,0.2069021978022002,0.2070035964035908,1001
1700743620000,0,0,0,0,0,0,0.20673942505133405,0.20684147843942446,487
1700743680000,0,0,0,0,0,0,0.20680440340909023,0.20690525568181622,704
1700743740000,0,0,0,0,0,0,0.20694705882352896,0.2070473856209151,306
1700743800000,0,0,0,0,0,0,0.20699341317365216,0.20709491017963985,334
1700743860000,0,0,0,0,0,0,0.206904504504505,0.20700510510510434,333
1700743920000,0,0,0,0,0,0,0.20666143497757933,0.2067636771300447,223
1700743980000,0,0,0,0,0,0,0.2067770093457954,0.2068771962616835,535
1700744040000,0,0,0,0,0,0,0.20663091684434892,0.20673113006396474,469
1700744100000,0,0,0,0,0,0,0.20648420038535784,0.20658516377649208,519
1700744160000,0,0,0,0,0,0,0.20639747191011235,0.2064991573033718,356
1700744220000,0,0,0,0,0,0,0.2063599315068497,0.20646061643835553,292
1700744280000,0,0,0,0,0,0,0.2064523917995442,0.20655330296127397,439
1700744340000,0,0,0,0,0,0,0.20649231974921786,0.20659247648902906,638
1700744400000,0,0,0,0,0,0,0.20643228070175476,0.20653508771929757,285
1700744460000,0,0,0,0,0,0,0.20641879921259915,0.20651929133858352,1016
1700744520000,0,0,0,0,0,0,0.20644440894568697,0.20654776357827426,626
1700744580000,0,0,0,0,0,0,0.20678240343347717,0.20688369098712384,233
1700744640000,0,0,0,0,0,0,0.2065966666666676,0.2066972222222203,540
1700744700000,0,0,0,0,0,0,0.20644751381215554,0.20654751381215336,362
1700744760000,0,0,0,0,0,0,0.20677418397626,0.20687522255192733,674
1700744820000,0,0,0,0,0,0,0.20670844748858297,0.20680890410958833,438
1700744880000,0,0,0,0,0,0,0.20653013698630046,0.20663150684931594,219
1700744940000,0,0,0,0,0,0,0.2067400679117151,0.2068405772495779,589
1700745000000,0,0,0,0,0,0,0.20672950450450367,0.2068301801801806,444
1700745060000,0,0,0,0,0,0,0.20679361702127785,0.20689361702127726,564
1700745120000,0,0,0,0,0,0,0.20699437086092679,0.2070956953642381,302
1700745180000,0,0,0,0,0,0,0.20699875518672206,0.20710207468879618,241
1700745240000,0,0,0,0,0,0,0.20701780104712075,0.20711937172774855,191
1700745300000,0,0,0,0,0,0,0.20698377358490574,0.20708415094339577,265
1700745360000,0,0,0,0,0,0,0.20700721311475365,0.207108852459016,305
1700745420000,0,0,0,0,0,0,0.20697985347985404,0.20708058608058494,273
1700745480000,0,0,0,0,0,0,0.20692825112107632,0.2070291479820626,223
1700745540000,0,0,0,0,0,0,0.20700000000000057,0.20710000000000034,149
1700745600000,0,0,0,0,0,0,0.20709126984126794,0.20719153439153437,378
1700745660000,0,0,0,0,0,0,0.20702339181286478,0.2071242690058472,342
1700745720000,0,0,0,0,0,0,0.20709753521126642,0.20719788732394384,284
1700745780000,0,0,0,0,0,0,0.2070000000000006,0.207100456621004,219
1700745840000,0,0,0,0,0,0,0.20700000000000063,0.20709999999999923,231
1700745900000,0,0,0,0,0,0,0.20693907692307692,0.20703938461538446,325
1700745960000,0,0,0,0,0,0,0.20684470198675478,0.20694503311258244,302
1700746020000,0,0,0,0,0,0,0.20683703703703682,0.2069378600823046,243
1700746080000,0,0,0,0,0,0,0.20678801498127386,0.20688838951310817,267
1700746140000,0,0,0,0,0,0,0.20657517482517532,0.2066755244755247,286
1700746200000,0,0,0,0,0,0,0.20667852348993246,0.2067795302013428,298
1700746260000,0,0,0,0,0,0,0.2067659824046923,0.20686627565982355,341
1700746320000,0,0,0,0,0,0,0.20671468749999922,0.2068153125000008,320
1700746380000,0,0,0,0,0,0,0.2067463999999995,0.2068472000000007,250
1700746440000,0,0,0,0,0,0,0.20684541666666603,0.2069462500000004,240
1700746500000,0,0,0,0,0,0,0.20701758241758303,0.20711758241758058,364
1700746560000,0,0,0,0,0,0,0.2069867924528289,0.20708702830188497,424
1700746620000,0,0,0,0,0,0,0.20688218085106375,0.20698297872340435,376
1700746680000,0,0,0,0,0,0,0.20692278177457818,0.20702278177457992,417
1700746740000,0,0,0,0,0,0,0.20708189473684022,0.20718210526315814,475
1700746800000,0,0,0,0,0,0,0.20705151515151546,0.20715242424242297,330
1700746860000,0,0,0,0,0,0,0.20700959302325045,0.20710968992247783,1032
1700746920000,0,0,0,0,0,0,0.20683273174733102,0.2069328137817833,1219
1700746980000,0,0,0,0,0,0,0.2067563342318041,0.2068564690026959,742
1700747040000,0,0,0,0,0,0,0.2068123684210535,0.20691315789473685,380
1700747100000,0,0,0,0,0,0,0.20670504731861233,0.2068078864353309,317
1700747160000,0,0,0,0,0,0,0.20679909090909118,0.20689927272727163,550
1700747220000,0,0,0,0,0,0,0.20680516129032167,0.20690602150537618,465
1700747280000,0,0,0,0,0,0,0.20664666666666726,0.20674941176470585,255
1700747340000,0,0,0,0,0,0,0.2064102301790276,0.20651125319693123,391
1700747400000,0,1,0,166.5,166.5,1,0.2062041850220257,0.2063046255506612,454
1700747460000,0,0,0,0,0,0,0.2063256862745102,0.20642607843137392,510
1700747520000,0,0,0,0,0,0,0.20605096899224984,0.20615155038759936,516
1700747580000,0,0,0,0,0,0,0.2061036885245921,0.20620471311475455,488
1700747640000,0,0,0,0,0,0,0.2061681233933163,0.2062683804627245,389
1700747700000,0,0,0,0,0,0,0.20638624708624795,0.20648624708624755,429
1700747760000,0,0,0,0,0,0,0.2064869230769239,0.20658897435897589,780
1700747820000,0,0,0,0,0,0,0.20641229508196685,0.20651229508196667,122
1700747880000,0,0,0,0,0,0,0.20626428571428596,0.20636628571428575,350
1700747940000,0,0,0,0,0,0,0.20641733333333348,0.206518933333334,375
1700748000000,0,0,0,0,0,0,0.20644532803181156,0.2065459244532776,503
1700748060000,0,0,0,0,0,0,0.20622572383073598,0.20632683741648075,898
1700748120000,0,0,0,0,0,0,0.20628641765704703,0.20638760611205645,589
1700748180000,0,0,0,0,0,0,0.20650154525386175,0.2066017660044141,453
1700748240000,0,0,0,0,0,0,0.20664617414248002,0.2067472295514509,379
1700748300000,0,0,0,0,0,0,0.20674977168949835,0.2068506849315064,219
1700748360000,0,0,0,0,0,0,0.2067809885931566,0.20688136882129196,263
1700748420000,0,0,0,0,0,0,0.20680000000000015,0.20689999999999997,107
1700748480000,0,0,0,0,0,0,0.20691354581673316,0.20701593625497963,251
1700748540000,0,0,0,0,0,0,0.20706763285024107,0.20717004830917904,207
1700748600000,0,0,0,0,0,0,0.20689508928571504,0.20699687499999953,224
1700748660000,0,0,0,0,0,0,0.2067501672240802,0.20685183946488284,299
1700748720000,0,0,0,0,0,0,0.20674680851063826,0.20684680851063822,94
1700748780000,0,0,0,0,0,0,0.20679999999999993,0.20689999999999978,90
1700748840000,0,0,0,0,0,0,0.2067415254237292,0.20684237288135618,118
1700748900000,0,0,0,0,0,0,0.20679874999999984,0.2068987499999997,80
1700748960000,0,0,0,0,0,0,0.20680000000000073,0.20689999999999978,192
1700749020000,0,0,0,0,0,0,0.20690091324200946,0.2070031963470312,219
1700749080000,0,0,0,0,0,0,0.2072297872340442,0.20733054711246526,658
1700749140000,0,0,0,0,0,0,0.2073539649845557,0.20745458290422605,971
1700749200000,0,0,0,0,0,0,0.20739097222222608,0.20749189814814983,864
1700749260000,0,0,0,0,0,0,0.20726090283091164,0.20736151491966548,1307
1700749320000,0,0,0,0,0,0,0.20685651595744572,0.2069577792553153,1504
1700749380000,0,0,0,0,0,0,0.20682412213740514,0.20692488549618293,655
1700749440000,0,0,0,0,0,0,0.2068887884267641,0.20698969258589237,553
1700749500000,0,0,0,0,0,0,0.20681547619047655,0.20691626984126976,252
1700749560000,0,0,0,0,0,0,0.20681509433962264,0.20691603773584927,212
1700749620000,0,0,0,0,0,0,0.2068086330935256,0.20690935251798578,139
1700749680000,0,0,0,0,0,0,0.20678168316831697,0.20688267326732707,202
1700749740000,0,0,0,0,0,0,0.20668769230769254,0.20678871794871845,195
1700749800000,0,0,0,0,0,0,0.20669999999999977,0.20679999999999987,60
1700749860000,0,0,0,0,0,0,0.20689538461538456,0.20699576923076873,260
1700749920000,0,0,0,0,0,0,0.20676991525423752,0.20687118644067795,236
1700749980000,0,0,0,0,0,0,0.20670905797101546,0.20681123188405745,276
1700750040000,0,0,0,0,0,0,0.20674929577464826,0.2068521126760566,142
1700750100000,0,0,0,0,0,0,0.20691249999999953,0.20701562500000006,256
1700750160000,0,0,0,0,0,0,0.20695483870967743,0.2070564516129037,186
1700750220000,0,0,0,0,0,0,0.2068999999999996,0.20700000000000032,75
1700750280000,0,0,0,0,0,0,0.20716204379562123,0.20726496350364976,411
1700750340000,0,0,0,0,0,0,0.20731955555555537,0.20742000000000074,225
1700750400000,0,0,0,0,0,0,0.20729183673469395,0.20739265306122304,245
1700750460000,0,0,0,0,0,0,0.207030107526881,0.20713189964157713,279
1700750520000,0,0,0,0,0,0,0.2069000000000001,0.2070000000000005,125
1700750580000,0,0,0,0,0,0,0.20684142011834333,0.2069426035502961,169
1700750640000,0,0,0,0,0,0,0.206849557522124,0.20695132743362854,113
1700750700000,0,0,0,0,0,0,0.20696885245901692,0.207070491803279,122
1700750760000,0,0,0,0,0,0,0.20675868544600992,0.2068596244131454,213
1700750820000,0,0,0,0,0,0,0.20686620370370362,0.20696805555555564,216
1700750880000,0,0,0,0,0,0,0.20672531645569678,0.2068259493670891,158
1700750940000,0,0,0,0,0,0,0.20685326086956515,0.20695434782608735,184
1700751000000,0,0,0,0,0,0,0.20702471910112336,0.2071250936329584,267
1700751060000,0,0,0,0,0,0,0.20686065573770518,0.20696065573770528,122
1700751120000,0,0,0,0,0,0,0.20649345794392548,0.2065947040498445,321
1700751180000,0,0,0,0,0,0,0.20606701030927888,0.20616872852233697,291
1700751240000,0,0,0,0,0,0,0.20609999999999956,0.20619999999999994,121
1700751300000,0,0,0,0,0,0,0.20616838235294135,0.2062698529411764,272
1700751360000,0,0,0,0,0,0,0.20620888030888032,0.2063096525096523,259
1700751420000,0,0,0,0,0,0,0.20633275862068914,0.206433333333333,174
1700751480000,0,0,0,0,0,0,0.2063645161290322,0.20646559139784926,93
1700751540000,0,0,0,0,0,0,0.20639999999999958,0.2064999999999994,128
1700751600000,0,0,0,0,0,0,0.20644676258992742,0.20654820143884847,139
1700751660000,0,0,0,0,0,0,0.20644914285714203,0.20655028571428585,175
1700751720000,0,0,0,0,0,0,0.20662044198895063,0.20672154696132658,181
1700751780000,0,0,0,0,0,0,0.20673310344827636,0.20683448275862104,145
1700751840000,0,0,0,0,0,0,0.20683926829268248,0.20693975609755996,410
1700751900000,0,0,0,0,0,0,0.20680000000000084,0.20689999999999908,322
1700751960000,0,0,0,0,0,0,0.20686025408348532,0.20696025408348417,551
1700752020000,0,0,0,0,0,0,0.20695194986072063,0.20705208913648873,718
1700752080000,0,0,0,0,0,0,0.20675937499999927,0.2068593750000008,288
1700752140000,0,0,0,0,0,0,0.20673246753246732,0.20683419913419956,231
1700752200000,0,0,0,0,0,0,0.20651803278688483,0.20661803278688576,122
1700752260000,0,0,0,0,0,0,0.20659378881987608,0.20669391304347998,805
1700752320000,0,0,0,0,0,0,0.20658490245971445,0.2066850720950011,1179
1700752380000,0,0,0,0,0,0,0.20647320169252512,0.20657334273624967,709
1700752440000,0,0,0,0,0,0,0.20630376623376528,0.20640389610389767,770
1700752500000,0,0,0,0,0,0,0.20629657079645905,0.20639668141593068,904
1700752560000,0,0,0,0,0,0,0.20623850267379637,0.20633903743315538,374
1700752620000,0,0,0,0,0,0,0.2062890804597693,0.20638908045977095,348
1700752680000,0,0,0,0,0,0,0.20641631799163118,0.2065179916318001,239
1700752740000,0,0,0,0,0,0,0.20607461706783448,0.20617483588621652,457
1700752800000,0,0,0,0,0,0,0.20597065462754,0.20607118133935035,1329
1700752860000,0,0,0,0,0,0,0.2058530888030887,0.20595328185328238,518
1700752920000,0,0,0,0,0,0,0.2051614130434789,0.20526304347826105,184
1700752980000,0,0,0,0,0,0,0.20510415430267107,0.20520771513353095,337
1700753040000,0,0,0,0,0,0,0.20515755395683502,0.20525755395683484,139
1700753100000,0,0,0,0,0,0,0.20523770491803447,0.20533840749414298,427
1700753160000,0,0,0,0,0,0,0.20486976377952837,0.20497212598425205,635
1700753220000,0,0,0,0,0,0,0.20473557993730446,0.20483652037617675,638
1700753280000,0,0,0,0,0,0,0.20463771517997004,0.2047389671361515,639
1700753340000,0,0,0,0,0,0,0.2049692573402409,0.20506977547495805,579
1700753400000,0,0,0,0,0,0,0.20516343283582184,0.205264365671642,536
1700753460000,0,0,0,0,0,0,0.20503602484472064,0.20513726708074573,805
1700753520000,0,0,0,0,0,0,0.20473197492162992,0.20483291536050144,319
1700753580000,0,0,0,0,0,0,0.20512608695652218,0.20522813299232753,391
1700753640000,0,0,0,0,0,0,0.20557070707070618,0.20567306397306348,594
1700753700000,0,0,0,0,0,0,0.20595990338164316,0.20606086956521907,414
1700753760000,0,0,0,0,0,0,0.20599785234899345,0.20609825503355866,745
1700753820000,0,0,0,0,0,0,0.20622875536480564,0.20632939914163037,466
1700753880000,0,0,0,0,0,0,0.20609242144177595,0.20619316081330988,541
1700753940000,0,0,0,0,0,0,0.2058775438596498,0.20597789473684258,285
1700754000000,0,0,0,0,0,0,0.2058723735408568,0.20597470817120653,257
1700754060000,0,0,0,0,0,0,0.2057928925619819,0.20589404958677723,605
1700754120000,0,0,0,0,0,0,0.2059493353028083,0.2060508124076822,677
1700754180000,0,0,0,0,0,0,0.20597743589743633,0.20607846153846104,195
1700754240000,0,0,0,0,0,0,0.20591650485436874,0.20601747572815512,103
1700754300000,0,0,0,0,0,0,0.20584482758620687,0.20595057471264472,261
1700754360000,0,0,0,0,0,0,0.20582746781115907,0.20593047210300483,233
1700754420000,0,0,0,0,0,0,0.20553020408163197,0.2056310204081636,245
1700754480000,0,0,0,0,0,0,0.20559780821917703,0.20569890410958858,365
1700754540000,0,0,0,0,0,0,0.20523035714285717,0.20533303571428596,112
1700754600000,0,0,0,0,0,0,0.2052146396396401,0.20531621621621454,444
1700754660000,0,0,0,0,0,0,0.20544613733905534,0.20554678111588057,466
1700754720000,0,0,0,0,0,0,0.20535223367697547,0.20545395189003435,291
1700754780000,0,0,0,0,0,0,0.20516055555555582,0.20526166666666654,180
1700754840000,0,0,0,0,0,0,0.20487464285714296,0.20497535714285647,280
1700754900000,0,0,0,0,0,0,0.20515968749999938,0.20526031250000024,320
1700754960000,0,0,0,0,0,0,0.20545425709515916,0.20555626043405664,599
1700755020000,0,0,0,0,0,0,0.20534276923076897,0.2054461538461536,325
1700755080000,0,0,0,0,0,0,0.20542969924812016,0.20553270676691685,266
1700755140000,0,0,0,0,0,0,0.20551224489795886,0.20561591836734686,245
1700755200000,0,0,0,0,0,0,0.2056307462686569,0.20573283582089552,335
1700755260000,0,0,0,0,0,0,0.2055848249027228,0.20568560311284068,257
1700755320000,0,0,0,0,0,0,0.20548720292504657,0.2055897623400357,547
1700755380000,0,0,0,0,0,0,0.20580929292929326,0.20591030303030475,495
1700755440000,0,0,0,0,0,0,0.2060636363636358,0.20616401515151592,264
1700755500000,0,0,0,0,0,0,0.2061303724928372,0.2062320916905446,349
1700755560000,0,0,0,0,0,0,0.2061634666666665,0.20626400000000064,375
1700755620000,0,0,0,0,0,0,0.20633665158371073,0.2064366515837095,221
1700755680000,0,0,0,0,0,0,0.20636551724137933,0.20646724137930994,290
1700755740000,0,0,0,0,0,0,0.2065946691176464,0.20669687499999947,544
1700756100000,0,0,0,0,0,0,0.2069,0.207,1
1700756160000,0,0,0,0,0,0,0.20690000000000006,0.20700000000000002,11
1700756220000,0,0,0,0,0,0,0.20705533980582408,0.2071557281553398,515
1700756280000,0,0,0,0,0,0,0.20704876543209924,0.20715123456790138,162
1700756340000,0,0,0,0,0,0,0.20702672233820363,0.2071273486430052,479
1700756400000,0,0,0,0,0,0,0.2070257225433525,0.20712658959537417,346
1700756460000,0,0,0,0,0,0,0.20709797752808798,0.20719797752809016,445
1700756520000,0,0,0,0,0,0,0.20719034482758578,0.20729310344827487,290
1700756580000,0,0,0,0,0,0,0.20738823529411787,0.20748961937716207,578
1700756640000,0,0,0,0,0,0,0.20750868644067777,0.20760889830508447,472
1700756700000,0,0,0,0,0,0,0.20766241610738298,0.20776532438478776,447
1700756760000,0,0,0,0,0,0,0.20754926470588378,0.20764926470588208,680
1700756820000,0,0,0,0,0,0,0.20751071428571555,0.2076113636363633,308
1700756880000,0,0,0,0,0,0,0.20748633257403315,0.20758724373576212,439
1700756940000,0,0,0,0,0,0,0.2074952182952177,0.2075956340956335,481
1700757000000,0,0,0,0,0,0,0.20749999999999985,0.20759999999999945,430
1700757060000,0,0,0,0,0,0,0.20748367346938948,0.20758396501457652,343
1700757120000,0,0,0,0,0,0,0.207395108695652,0.20749565217391325,184
1700757180000,0,0,0,0,0,0,0.20730361445783024,0.20740642570281095,249
1700757240000,0,0,0,0,0,0,0.20734826325411343,0.20744899451554033,547
1700757300000,0,0,0,0,0,0,0.20751461794019965,0.20761827242524958,301
1700757360000,0,0,0,0,0,0,0.2076317757009349,0.20773252336448864,535
1700757420000,0,0,0,0,0,0,0.2077952145214538,0.20789570957095543,606
1700757480000,1,0,1204.7,0,1204.7,1,0.20782272727272816,0.2079239130434779,506
1700757540000,0,0,0,0,0,0,0.20757109004739327,0.20767203791469188,211
1700757600000,0,0,0,0,0,0,0.20759999999999942,0.20770000000000158,475
1700757660000,0,0,0,0,0,0,0.2076731764705897,0.20777341176470687,425
1700757720000,0,0,0,0,0,0,0.20764999999999983,0.20775093896713617,426
1700757780000,0,0,0,0,0,0,0.2077469667319003,0.20784774951076115,511
1700757840000,0,0,0,0,0,0,0.2078000000000004,0.20789999999999995,372
1700757900000,0,0,0,0,0,0,0.2077933497536944,0.20789359605911256,406
1700757960000,0,0,0,0,0,0,0.20778040201005107,0.20788216080402017,398
1700758020000,0,0,0,0,0,0,0.2077000000000017,0.20780000000000226,561
1700758080000,0,0,0,0,0,0,0.2079212074303401,0.2080221362229104,646
1700758140000,0,0,0,0,0,0,0.20805491803278692,0.2081579918032806,488
1700758200000,0,0,0,0,0,0,0.2080459627329189,0.20814782608695728,161
1700758260000,0,0,0,0,0,0,0.20807648902821385,0.20817805642633205,319
1700758320000,0,0,0,0,0,0,0.20809279835391095,0.20819423868312864,486
1700758380000,0,0,0,0,0,0,0.2080929384965843,0.20819293849658385,439
1700758440000,0,0,0,0,0,0,0.20801099365750436,0.20811141649048756,473
1700758500000,0,0,0,0,0,0,0.2080073033707854,0.20811207865168604,356
1700758560000,0,0,0,0,0,0,0.20800578313252907,0.20810602409638712,415
1700758620000,0,0,0,0,0,0,0.20801509433962193,0.20811792452830252,212
1700758680000,0,0,0,0,0,0,0.2080615711252661,0.20816178343949154,471
1700758740000,0,0,0,0,0,0,0.20806852678571475,0.20816852678571449,448
1700758800000,0,0,0,0,0,0,0.20790000000000028,0.20800000000000016,54
1700758860000,0,0,0,0,0,0,0.2079545706371185,0.20805540166205003,361
1700758920000,0,0,0,0,0,0,0.20802792207792123,0.20812987012987091,154
1700758980000,0,0,0,0,0,0,0.20807989417989478,0.20817989417989435,189
1700759040000,0,0,0,0,0,0,0.2081217252396163,0.2082258785942493,313
1700759100000,0,0,0,0,0,0,0.2083620370370371,0.20847037037037083,108
1700759160000,0,0,0,0,0,0,0.20852067901234572,0.20862098765432005,324
1700759220000,0,0,0,0,0,0,0.20867990196078431,0.20878186274509752,204
1700759280000,0,0,0,0,0,0,0.20855070422535255,0.2086514084507039,426
1700759340000,0,0,0,0,0,0,0.2085633757961778,0.20866433121019068,314
1700759400000,0,0,0,0,0,0,0.2085529411764709,0.20865294117647096,85
1700759460000,0,0,0,0,0,0,0.2085000000000004,0.20860000000000023,85
1700759520000,0,0,0,0,0,0,0.2085000000000003,0.20860000000000017,69
1700759580000,0,0,0,0,0,0,0.20856415094339614,0.20866556603773584,212
1700759640000,0,0,0,0,0,0,0.20865213675213637,0.20875384615384587,234
1700759700000,0,0,0,0,0,0,0.20859230769230772,0.20869384615384554,260
1700759760000,0,0,0,0,0,0,0.20854151515151487,0.20864212121212117,330
1700759820000,0,0,0,0,0,0,0.20852488687782836,0.20862624434389113,221
1700759880000,0,0,0,0,0,0,0.20853503184713423,0.20863503184713406,157
1700759940000,0,0,0,0,0,0,0.2085858974358977,0.20868653846153876,156
1700760000000,0,0,0,0,0,0,0.20864905660377353,0.20874952830188637,212
1700760060000,0,0,0,0,0,0,0.2086684684684688,0.20876846846846753,222
1700760120000,0,0,0,0,0,0,0.208769589041094,0.2088717808219179,365
1700760180000,0,0,0,0,0,0,0.20880683371298292,0.20890979498861154,439
1700760240000,0,0,0,0,0,0,0.20883920454545404,0.20893977272727257,176
1700760300000,0,0,0,0,0,0,0.20880000000000007,0.2088999999999999,64
1700760360000,0,0,0,0,0,0,0.20875454545454564,0.2088554545454545,110
1700760420000,0,0,0,0,0,0,0.20880928571428573,0.2089092857142856,140
1700760480000,0,0,0,0,0,0,0.20884374999999997,0.2089437499999998,112
1700760540000,0,0,0,0,0,0,0.20880104166666677,0.20890104166666656,96
1700760600000,0,0,0,0,0,0,0.2088942583732063,0.20899904306220093,209
1700760660000,0,0,0,0,0,0,0.20890107526881668,0.20900161290322583,186
1700760720000,0,0,0,0,0,0,0.20885187165775349,0.20895508021390366,187
1700760780000,0,0,0,0,0,0,0.20890052083333388,0.20900052083333295,192
1700760840000,0,0,0,0,0,0,0.20899999999999974,0.20909999999999979,69
1700760900000,0,0,0,0,0,0,0.20896936936936916,0.20907027027026986,111
1700760960000,0,0,0,0,0,0,0.2089999999999997,0.20909999999999962,131
1700761020000,0,0,0,0,0,0,0.20895766871165622,0.20905828220858885,163
1700761080000,0,0,0,0,0,0,0.20896666666666786,0.2090685636856382,369
1700761140000,0,0,0,0,0,0,0.20897631578947407,0.20907684210526273,190
1700761200000,0,0,0,0,0,0,0.20907349823321522,0.20917491166077817,283
1700761260000,0,0,0,0,0,0,0.20907719869706856,0.2091837133550493,307
1700761320000,0,0,0,0,0,0,0.20919519230769254,0.20929743589743596,312
1700761380000,0,0,0,0,0,0,0.2092789473684208,0.2093796052631574,152
1700761440000,0,0,0,0,0,0,0.20919999999999972,0.20930000000000018,62
1700761500000,0,0,0,0,0,0,0.2092386473429945,0.20934009661835776,207
1700761560000,0,0,0,0,0,0,0.20929236111111071,0.209395138888889,288
1700761620000,0,0,0,0,0,0,0.20936172248803858,0.20946411483253502,209
1700761680000,0,0,0,0,0,0,0.20943976833976796,0.209542084942085,259
1700761740000,0,0,0,0,0,0,0.20956977401129917,0.20967231638418043,354
1700761800000,0,0,0,0,0,0,0.20937602339181272,0.20947738791423132,513
1700761860000,0,0,0,0,0,0,0.2093790322580627,0.2094801843317957,868
1700761920000,0,0,0,0,0,0,0.20943558823529476,0.20953764705882374,340
1700761980000,0,0,0,0,0,0,0.20941714285714305,0.20951761904761818,210
1700762040000,0,0,0,0,0,0,0.20940163934426234,0.2095016393442624,61
1700762100000,0,0,0,0,0,0,0.20952175324675318,0.209623051948052,308
1700762160000,0,0,0,0,0,0,0.20953220338983036,0.20963389830508541,236
1700762220000,0,0,0,0,0,0,0.20943981481481502,0.20954120370370377,216
1700762280000,0,0,0,0,0,0,0.2093999999999997,0.20949999999999963,111
1700762340000,0,0,0,0,0,0,0.20940000000000003,0.20950000000000013,60
1700762400000,0,0,0,0,0,0,0.2094475728155338,0.2095490291262138,206
1700762460000,0,0,0,0,0,0,0.20943793103448188,0.20953879310344856,232
1700762520000,0,0,0,0,0,0,0.20962276923076917,0.2097230769230774,325
1700762580000,0,0,0,0,0,0,0.20979677419354828,0.2098970967741934,310
1700762640000,0,0,0,0,0,0,0.2097657817109136,0.2098666666666668,339
1700762700000,0,0,0,0,0,0,0.20968728813559342,0.20978898305084778,236
1700762760000,0,0,0,0,0,0,0.20994529780564097,0.21004670846394896,638
1700762820000,0,0,0,0,0,0,0.2100722222222222,0.21017320261437838,306
1700762880000,0,0,0,0,0,0,0.2102322510822527,0.21033484848484818,462
1700762940000,0,0,0,0,0,0,0.21030000000000013,0.21039999999999995,88
1700763000000,0,0,0,0,0,0,0.21023793103448304,0.21033965517241385,116
1700763060000,0,0,0,0,0,0,0.21034254606365396,0.2104432160804026,597
1700763120000,0,0,0,0,0,0,0.2103350983358549,0.21043600605143822,661
1700763180000,0,0,0,0,0,0,0.21034256055363218,0.21044359861591744,289
1700763240000,0,0,0,0,0,0,0.21015693430656984,0.2102569343065696,137
1700763300000,0,0,0,0,0,0,0.2101819112627988,0.21028293515358226,293
1700763360000,0,0,0,0,0,0,0.21027692307692314,0.21037720797720927,351
1700763420000,0,0,0,0,0,0,0.2102277777777781,0.21032777777777786,72
1700763480000,0,0,0,0,0,0,0.2102833333333328,0.21038422619047673,336
1700763540000,0,0,0,0,0,0,0.21023333333333363,0.21033629629629635,135
1700763600000,0,0,0,0,0,0,0.21020958083832372,0.21031317365269436,167
1700763660000,0,0,0,0,0,0,0.21024135338345887,0.2103413533834587,133
1700763720000,0,0,0,0,0,0,0.21027857142857098,0.21037899159663806,238
1700763780000,0,0,0,0,0,0,0.21024337349397607,0.21034337349397594,83
1700763840000,0,0,0,0,0,0,0.21030458333333252,0.2104070833333335,240
1700763900000,0,0,0,0,0,0,0.21020563380281726,0.21030563380281705,142
1700763960000,0,0,0,0,0,0,0.2100951612903218,0.2101975806451616,248
1700764020000,0,0,0,0,0,0,0.21002968750000056,0.21013203125000046,128
1700764080000,0,0,0,0,0,0,0.21000000000000058,0.21010000000000037,117
1700764140000,0,0,0,0,0,0,0.20983108808290218,0.20993316062176154,193
1700764200000,0,0,0,0,0,0,0.2094866050808315,0.20958799076212625,433
1700764260000,0,0,0,0,0,0,0.20951200000000048,0.2096133333333333,225
1700764320000,0,0,0,0,0,0,0.20967152317880863,0.2097715231788085,151
1700764380000,0,0,0,0,0,0,0.20977540983606588,0.20987540983606576,122
1700764440000,0,0,0,0,0,0,0.20973025210084079,0.20983109243697518,119
1700764500000,0,0,0,0,0,0,0.2096815217391308,0.2097842391304355,184
1700764560000,0,0,0,0,0,0,0.2095773809523819,0.20968095238095283,168
1700764620000,0,0,0,0,0,0,0.20950522875816932,0.2096052287581697,153
1700764680000,0,0,0,0,0,0,0.2093683706070288,0.20946869009584668,313
1700764740000,0,0,0,0,0,0,0.2093622093023251,0.2094627906976741,172
1700764800000,0,0,0,0,0,0,0.20918289855072422,0.20928376811594235,345
1700764860000,0,0,0,0,0,0,0.2091277777777774,0.20922870370370314,108
1700764920000,0,0,0,0,0,0,0.20915217391304297,0.209253416149068,161
1700764980000,0,0,0,0,0,0,0.2090163793103445,0.20911637931034446,116
1700765040000,0,0,0,0,0,0,0.20899999999999982,0.2091000000000001,39
1700765100000,0,0,0,0,0,0,0.20905939849624014,0.20915939849624007,133
1700765160000,0,0,0,0,0,0,0.20906470588235251,0.20916666666666614,102
1700765220000,0,0,0,0,0,0,0.209203422053232,0.20930722433460078,263
1700765280000,0,0,0,0,0,0,0.2093000000000002,0.20940000000000006,64
1700765340000,0,0,0,0,0,0,0.20929005847953175,0.20939122807017493,171
1700765400000,0,0,0,0,0,0,0.20941304347826042,0.20951478260869633,115
1700765460000,0,0,0,0,0,0,0.20946887755101953,0.2095698979591848,196
1700765520000,0,0,0,0,0,0,0.20946291390728414,0.20956291390728443,151
1700765580000,0,0,0,0,0,0,0.20936629834254136,0.20946740331491628,181
1700765640000,0,0,0,0,0,0,0.20940000000000009,0.20950000000000013,68
1700765700000,0,0,0,0,0,0,0.2094460176991146,0.20954601769911566,113
1700765760000,0,0,0,0,0,0,0.20946102564102517,0.20956256410256474,195
1700765820000,0,0,0,0,0,0,0.20927983193277314,0.20938067226890755,238
1700765880000,0,0,0,0,0,0,0.20918170347003193,0.2092848580441638,317
1700765940000,0,0,0,0,0,0,0.20917285714285686,0.2092742857142856,70
1700766000000,0,0,0,0,0,0,0.20919999999999994,0.20929999999999999,44
1700766060000,0,0,0,0,0,0,0.20935167597765308,0.20945307262569818,358
1700766120000,0,0,0,0,0,0,0.20932151162790666,0.20942151162790648,172
1700766180000,0,0,0,0,0,0,0.20912727272727324,0.2092287081339709,209
1700766240000,0,0,0,0,0,0,0.2090490322580642,0.20915032258064462,155
1700766300000,0,0,0,0,0,0,0.20880856481481308,0.2089101851851852,432
1700766360000,0,0,0,0,0,0,0.2086479569892457,0.2087498924731164,465
1700766420000,0,0,0,0,0,0,0.20867898089172002,0.20878089171974526,157
1700766480000,0,0,0,0,0,0,0.20872352941176495,0.20882352941176474,68
1700766540000,0,0,0,0,0,0,0.20848787878787786,0.208590707070706,495
1700766600000,0,0,0,0,0,0,0.20864769874476974,0.20874937238493665,239
1700766660000,0,0,0,0,0,0,0.20870000000000022,0.20880000000000007,95
1700766720000,0,0,0,0,0,0,0.2086394495412847,0.20874036697247728,109
1700766780000,0,0,0,0,0,0,0.20872242990654225,0.20882429906542058,107
1700766840000,0,0,0,0,0,0,0.20870735694822792,0.20880926430517513,367
1700766900000,0,0,0,0,0,0,0.20870000000000025,0.20880000000000007,118
1700766960000,0,0,0,0,0,0,0.20889745762711912,0.20899830508474596,236
1700767020000,0,0,0,0,0,0,0.20913190476190516,0.20923333333333255,210
1700767080000,0,0,0,0,0,0,0.20926428571428501,0.20936541353383525,266
1700767140000,0,0,0,0,0,0,0.20944542253521026,0.20954753521126837,284
1700767200000,0,0,0,0,0,0,0.20950970873786426,0.20961067961165045,206
1700767260000,0,0,0,0,0,0,0.2094025641025639,0.20950416666666732,312
1700767320000,0,0,0,0,0,0,0.20935391849529764,0.20945517241379327,319
1700767380000,0,0,0,0,0,0,0.20929444444444406,0.20939555555555567,270
1700767440000,0,0,0,0,0,0,0.2093281632653059,0.20943142857142852,245
1700767500000,0,0,0,0,0,0,0.2092541666666664,0.20935666666666636,120
1700767560000,0,0,0,0,0,0,0.20919999999999944,0.20929999999999988,110
1700767620000,0,0,0,0,0,0,0.2091846889952156,0.2092866028708128,209
1700767680000,0,0,0,0,0,0,0.20925531914893578,0.20935602836879388,141
1700767740000,0,0,0,0,0,0,0.2091677272727268,0.20926818181818235,220
1700767800000,0,0,0,0,0,0,0.20908342245989325,0.20918449197860906,187
1700767860000,0,0,0,0,0,0,0.20899999999999974,0.20909999999999976,76
1700767920000,0,0,0,0,0,0,0.20896440677966077,0.20906553672316394,177
1700767980000,0,0,0,0,0,0,0.20896620689655152,0.2090717241379307,145
1700768040000,0,0,0,0,0,0,0.20909484978540793,0.20919613733905565,233
1700768100000,0,0,0,0,0,0,0.20923087248322075,0.2093315436241606,149
1700768160000,0,0,0,0,0,0,0.20928205882352996,0.20938264705882398,340
1700768220000,0,0,0,0,0,0,0.20935081300813033,0.20945243902438987,246
1700768280000,0,0,0,0,0,0,0.20921638418079078,0.20931694915254187,177
1700768340000,0,0,0,0,0,0,0.20919999999999964,0.20930000000000026,71
1700768400000,0,0,0,0,0,0,0.20915783132530094,0.20925903614457772,166
1700768460000,0,0,0,0,0,0,0.2092078703703702,0.20931018518518474,216
1700768520000,0,0,0,0,0,0,0.20927755905511844,0.20937992125984228,254
1700768580000,0,0,0,0,0,0,0.2092158469945354,0.20931639344262243,183
1700768640000,0,0,0,0,0,0,0.20919999999999958,0.2093000000000003,75
1700768700000,0,0,0,0,0,0,0.20919999999999972,0.20930000000000018,62
1700768760000,0,0,0,0,0,0,0.2093787610619461,0.20947920353982316,226
1700768820000,0,0,0,0,0,0,0.20937565217391277,0.20947565217391276,115
1700768880000,0,0,0,0,0,0,0.20924960629921194,0.20935196850393667,127
1700768940000,0,0,0,0,0,0,0.20930000000000012,0.2094,55
1700769000000,0,0,0,0,0,0,0.20925933333333263,0.20936066666666614,150
1700769060000,0,0,0,0,0,0,0.2093342528735641,0.20943448275862203,435
1700769120000,0,0,0,0,0,0,0.20941744966442885,0.20952013422818752,149
1700769180000,0,0,0,0,0,0,0.20946616541353322,0.2095661654135346,133
1700769240000,0,0,0,0,0,0,0.209468965517241,0.20956896551724136,174
1700769300000,0,0,0,0,0,0,0.20946464088397732,0.2095657458563544,181
1700769360000,0,0,0,0,0,0,0.20929791666666636,0.2093986111111107,144
1700769420000,0,0,0,0,0,0,0.2090830188679245,0.20918490566037742,212
1700769480000,0,0,0,0,0,0,0.20894117647058807,0.20904117647058806,85
1700769540000,0,0,0,0,0,0,0.2088999999999999,0.20899999999999974,68
1700769600000,0,0,0,0,0,0,0.20887832167832093,0.20898146853146915,286
1700769660000,0,0,0,0,0,0,0.20879453551912458,0.2088956284153,366
1700769720000,0,0,0,0,0,0,0.20858277153558055,0.20869400749063613,267
1700769780000,0,0,0,0,0,0,0.20869609374999917,0.20879648437499973,256
1700769840000,0,0,0,0,0,0,0.2087428571428559,0.2088484472049685,322
1700769900000,0,0,0,0,0,0,0.20894826254826354,0.20905019305019276,259
1700769960000,0,0,0,0,0,0,0.20911453744493744,0.20921512481644625,681
1700770020000,0,0,0,0,0,0,0.20919999999999955,0.2093000000000002,81
1700770080000,0,0,0,0,0,0,0.20919999999999953,0.20930000000000012,86
1700770140000,0,0,0,0,0,0,0.20919999999999953,0.20930000000000007,91
1700770200000,0,0,0,0,0,0,0.20909040404040363,0.2091949494949497,198
1700770260000,0,0,0,0,0,0,0.20909999999999976,0.20919999999999958,76
1700770320000,0,0,0,0,0,0,0.2090508474576268,0.20915593220338957,59
1700770380000,0,0,0,0,0,0,0.20906078431372516,0.2091617647058819,102
1700770440000,0,0,0,0,0,0,0.20909999999999992,0.20920000000000002,19
1700770500000,0,0,0,0,0,0,0.20916349206349155,0.2092682539682534,126
1700770560000,0,0,0,0,0,0,0.2093475274725282,0.20945329670329604,364
1700770620000,0,0,0,0,0,0,0.20956518987341852,0.2096658227848108,158
1700770680000,0,0,0,0,0,0,0.20965735294117632,0.20975882352941144,68
1700770740000,0,0,0,0,0,0,0.20974913294797762,0.20985028901734112,173
1700770800000,0,0,0,0,0,0,0.20994812834224638,0.21004866310160417,187
1700770860000,0,0,0,0,0,0,0.20992727272727305,0.21002727272727328,143
1700770920000,0,0,0,0,0,0,0.20990000000000011,0.21000000000000002,20
1700770980000,0,0,0,0,0,0,0.20990000000000014,0.21,37
1700771040000,0,0,0,0,0,0,0.21001926605504642,0.2101220183486233,218
1700771100000,0,0,0,0,0,0,0.21007231121281314,0.21017482837528595,437
1700771160000,0,0,0,0,0,0,0.21010000000000037,0.2102000000000003,118
1700771220000,0,0,0,0,0,0,0.21007195121951253,0.21017317073170763,82
1700771280000,0,0,0,0,0,0,0.2100240963855426,0.2101253012048195,83
1700771340000,0,0,0,0,0,0,0.21,0.21009999999999993,35
1700771400000,0,0,0,0,0,0,0.21000000000000005,0.21009999999999998,42
1700771460000,0,0,0,0,0,0,0.2098567839195987,0.209956783919598,199
1700771520000,0,0,0,0,0,0,0.2097427480916036,0.20984427480916074,131
1700771580000,0,0,0,0,0,0,0.2094316872427999,0.2095326474622789,729
1700771640000,0,0,0,0,0,0,0.2092513888888887,0.2093559027777783,288
1700771700000,0,0,0,0,0,0,0.20925038759689898,0.20935271317829426,129
1700771760000,0,0,0,0,0,0,0.20924943820224728,0.20935056179775222,178
1700771820000,0,0,0,0,0,0,0.20919999999999964,0.20930000000000026,71
1700771880000,0,0,0,0,0,0,0.20912812499999955,0.20923229166666668,192
1700771940000,0,0,0,0,0,0,0.20903728813559339,0.20913841807909556,177
1700772000000,0,0,0,0,0,0,0.20915846153846163,0.20925846153846084,195
1700772060000,0,0,0,0,0,0,0.20924893617021212,0.20935035460992865,141
1700772120000,0,0,0,0,0,0,0.2092724137931036,0.2093724137931034,87
1700772180000,0,0,0,0,0,0,0.2093897435897437,0.20949102564102573,78
1700772240000,0,0,0,0,0,0,0.20942916666666656,0.20953020833333316,96
1700772300000,0,0,0,0,0,0,0.20940000000000009,0.20950000000000013,69
1700772360000,0,0,0,0,0,0,0.20926821192053024,0.2093701986754966,302
1700772420000,0,0,0,0,0,0,0.20908577405857745,0.20918661087866128,239
1700772480000,0,0,0,0,0,0,0.2092,0.20929999999999993,41
1700772540000,0,0,0,0,0,0,0.209257,0.20935799999999982,100
1700772600000,0,0,0,0,0,0,0.20929999999999938,0.20940000000000025,219
1700772660000,0,0,0,0,0,0,0.20923725961538434,0.20933749999999912,416
1700772720000,0,0,0,0,0,0,0.20936428571428503,0.20946538461538447,182
1700772780000,0,0,0,0,0,0,0.20946507936507927,0.20956560846560887,189
1700772840000,0,0,0,0,0,0,0.2093999999999999,0.20950000000000008,45
1700772900000,0,0,0,0,0,0,0.2094568627450973,0.20956078431372618,255
1700772960000,0,0,0,0,0,0,0.2095,0.20960000000000018,84
1700773020000,0,0,0,0,0,0,0.20949999999999916,0.20960000000000106,197
1700773080000,0,0,0,0,0,0,0.20967848605577658,0.20977928286852673,251
1700773140000,0,0,0,0,0,0,0.20970000000000064,0.20980000000000049,145
1700773200000,0,0,0,0,0,0,0.20964102564102619,0.209741025641026,117
1700773260000,0,0,0,0,0,0,0.20960000000000042,0.20970000000000025,100
1700773320000,0,0,0,0,0,0,0.2096909547738694,0.20979095477386997,199
1700773380000,0,0,0,0,0,0,0.20977499999999985,0.2098775000000005,200
1700773440000,0,0,0,0,0,0,0.20991116071428606,0.21001205357142805,224
1700773500000,0,0,0,0,0,0,0.21000000000000069,0.21010000000000015,168
1700773560000,0,0,0,0,0,0,0.20993663366336635,0.2100402640264021,303
1700773620000,0,0,0,0,0,0,0.21001438356164345,0.2101164383561642,292
1700773680000,0,0,0,0,0,0,0.20994431818181852,0.21004431818181857,88
1700773740000,0,0,0,0,0,0,0.21005621621621617,0.21015675675675716,185
1700773800000,0,0,0,0,0,0,0.21018189300411536,0.21028436213991675,243
1700773860000,0,0,0,0,0,0,0.21017572016460942,0.2102790123456779,243
1700773920000,0,0,0,0,0,0,0.21013765432098794,0.21023950617283976,162
1700773980000,0,0,0,0,0,0,0.21007708333333372,0.21017812500000033,96
1700774040000,0,0,0,0,0,0,0.21006894409937937,0.21017142857142876,161
1700774100000,0,0,0,0,0,0,0.21002142857142916,0.21012202380952388,168
1700774160000,0,0,0,0,0,0,0.20993081967213092,0.21003114754098365,305
1700774220000,0,0,0,0,0,0,0.20992622950819728,0.2100286885245894,244
1700774280000,0,0,0,0,0,0,0.20997100000000032,0.21007300000000054,100
1700774340000,0,0,0,0,0,0,0.20990000000000014,0.21,36
1700774400000,0,0,0,0,0,0,0.20989999999999998,0.21000000000000016,49
1700774460000,0,0,0,0,0,0,0.2098807432432424,0.20998175675675743,296
1700774520000,0,0,0,0,0,0,0.2099000000000001,0.21000000000000055,103
1700774580000,0,0,0,0,0,0,0.20985921052631631,0.20995921052631647,152
1700774640000,0,0,0,0,0,0,0.20985070422535165,0.20995070422535259,71
1700774700000,0,0,0,0,0,0,0.2098689320388351,0.2099708737864083,103
1700774760000,0,0,0,0,0,0,0.20980678733031746,0.20990769230769193,221
1700774820000,0,0,0,0,0,0,0.20976597510373532,0.2098663900414932,241
1700774880000,0,0,0,0,0,0,0.2098412162162166,0.2099418918918927,148
1700774940000,0,0,0,0,0,0,0.2097999999999997,0.20989999999999975,77
1700775000000,0,0,0,0,0,0,0.20980000000000046,0.20990000000000036,140
1700775060000,0,0,0,0,0,0,0.2098205882352943,0.20992058823529458,170
1700775120000,0,0,0,0,0,0,0.20983548387096815,0.209935483870968,124
1700775180000,0,0,0,0,0,0,0.2097,0.20980352941176458,85
1700775240000,0,0,0,0,0,0,0.20964278350515564,0.20974432989690728,194
1700775300000,0,0,0,0,0,0,0.2096,0.20969999999999986,45
1700775360000,0,0,0,0,0,0,0.20970566801619492,0.20980688259109295,247
1700775420000,0,0,0,0,0,0,0.2096,0.20969999999999983,73
1700775480000,0,0,0,0,0,0,0.20953220338983067,0.2096338983050847,59
1700775540000,0,0,0,0,0,0,0.20950000000000013,0.2096,70
1700775600000,0,0,0,0,0,0,0.2094781456953636,0.20957880794702,151
1700775660000,0,0,0,0,0,0,0.2094921874999999,0.20959218749999997,192
1700775720000,0,0,0,0,0,0,0.20939999999999998,0.20949999999999988,20
1700775780000,0,0,0,0,0,0,0.2094000000000001,0.20950000000000013,76
1700775840000,0,0,0,0,0,0,0.20934440559440595,0.20944510489510437,286
1700775900000,0,0,0,0,0,0,0.20951365313653122,0.2096151291512917,271
1700775960000,0,0,0,0,0,0,0.20960000000000042,0.20970000000000025,100
1700776020000,0,0,0,0,0,0,0.20963524590163993,0.2097360655737709,122
1700776080000,0,0,0,0,0,0,0.2097000000000003,0.20980000000000013,105
1700776140000,0,0,0,0,0,0,0.20969999999999983,0.2097999999999997,52
1700776200000,0,0,0,0,0,0,0.20978571428571438,0.2098857142857144,105
1700776260000,0,0,0,0,0,0,0.20980000000000007,0.20990000000000006,99
1700776320000,0,0,0,0,0,0,0.2098890243902437,0.20999024390243942,82
1700776380000,0,0,0,0,0,0,0.2099000000000001,0.21000000000000002,41
1700776440000,0,0,0,0,0,0,0.20989999999999995,0.2100000000000002,50
1700776500000,0,0,0,0,0,0,0.2098127388535037,0.20991273885350353,157
1700776560000,0,0,0,0,0,0,0.2097999999999997,0.20989999999999975,77
1700776620000,0,0,0,0,0,0,0.2097999999999999,0.20989999999999992,88
1700776680000,0,0,0,0,0,0,0.2097524096385549,0.20985421686747016,166
1700776740000,0,0,0,0,0,0,0.20970097087378667,0.20980485436893215,103
1700776800000,0,0,0,0,0,0,0.2097327433628322,0.2098353982300888,113
1700776860000,0,0,0,0,0,0,0.20970000000000058,0.20980000000000057,160
1700776920000,0,0,0,0,0,0,0.20968797814207674,0.20978961748633942,183
1700776980000,0,0,0,0,0,0,0.20974444444444487,0.2098484444444444,225
1700777040000,0,0,0,0,0,0,0.2097813186813186,0.20988241758241746,91
1700777100000,0,0,0,0,0,0,0.20977216494845372,0.2098742268041238,97
1700777160000,0,0,0,0,0,0,0.2097245161290328,0.20982451612903275,155
1700777220000,0,0,0,0,0,0,0.2097569060773486,0.20985801104972393,181
1700777280000,0,0,0,0,0,0,0.20986666666666706,0.20998066666666723,150
1700777340000,0,0,0,0,0,0,0.20989999999999984,0.21000000000000046,82
1700777400000,0,0,0,0,0,0,0.20992540983606617,0.21002704918032838,122
1700777460000,0,0,0,0,0,0,0.20996159420289906,0.21006376811594246,138
1700777520000,0,0,0,0,0,0,0.20990462962962977,0.21000462962963015,108
1700777580000,0,0,0,0,0,0,0.20993342696629097,0.21003398876404442,356
1700777640000,0,0,0,0,0,0,0.2099999999999989,0.21009999999999832,413
1700777700000,0,0,0,0,0,0,0.21001923076923085,0.2101197802197792,364
1700777760000,0,0,0,0,0,0,0.21009999999999804,0.21020000000000036,522
1700777820000,0,0,0,0,0,0,0.21007391304347883,0.21017536231884007,207
1700777880000,0,0,0,0,0,0,0.20999999999999913,0.21009999999999837,396
1700777940000,0,0,0,0,0,0,0.21001637931034442,0.21011666666666584,348
1700778000000,0,0,0,0,0,0,0.21005882352941216,0.21015980392156886,102
1700778060000,0,0,0,0,0,0,0.21018626943005192,0.21028782383419656,386
1700778120000,0,0,0,0,0,0,0.21020000000000036,0.2103000000000002,462
1700778180000,0,0,0,0,0,0,0.21020000000000033,0.21029999999999893,340
1700778240000,0,0,0,0,0,0,0.21010416666666518,0.21020535714285737,336
1700778300000,0,0,0,0,0,0,0.21005328083989389,0.21015538057742678,381
1700778360000,0,0,0,0,0,0,0.21000902255639156,0.21011015037593903,266
1700778420000,0,0,0,0,0,0,0.21003030303030268,0.21013057851239628,363
1700778480000,0,0,0,0,0,0,0.21011120331950056,0.21021141078838249,482
1700778540000,0,0,0,0,0,0,0.2102342696629216,0.21033483146067367,178
1700778600000,0,0,0,0,0,0,0.2102591160220987,0.21035939226519454,362
1700778660000,0,0,0,0,0,0,0.21030468319559156,0.210404958677687,363
1700778720000,0,0,0,0,0,0,0.21043723021582633,0.21053758992805785,556
1700778780000,0,0,0,0,0,0,0.21050000000000146,0.21059999999999957,287
1700778840000,0,0,0,0,0,0,0.21050706638115624,0.21060728051391842,467
1700778900000,0,0,0,0,0,0,0.21060266990291213,0.21070412621359313,412
1700778960000,0,0,0,0,0,0,0.21058589951377607,0.21068589951377817,617
1700779020000,0,0,0,0,0,0,0.21058640483383628,0.2106864048338376,331
1700779080000,0,0,0,0,0,0,0.21050000000000005,0.21059999999999957,425
1700779140000,0,0,0,0,0,0,0.21059873417721472,0.21069873417721638,316
1700779200000,0,0,0,0,0,0,0.21068819277108555,0.21078891566265212,415
1700779260000,0,0,0,0,0,0,0.2107000000000017,0.21080000000000176,472
1700779320000,0,0,0,0,0,0,0.21070918803419003,0.2108098290598297,468
1700779380000,0,0,0,0,0,0,0.21079999999999935,0.21090000000000078,281
1700779440000,0,0,0,0,0,0,0.21087695099818582,0.21097840290380937,551
1700779500000,0,0,0,0,0,0,0.21089176470588264,0.21099176470588124,340
1700779560000,0,0,0,0,0,0,0.2108904081632651,0.21099040816326378,490
1700779620000,0,0,0,0,0,0,0.21079999999999935,0.21090000000000078,281
1700779680000,0,0,0,0,0,0,0.21080000000000104,0.2108999999999995,404
1700779740000,0,0,0,0,0,0,0.21079999999999935,0.21090000000000084,285
1700779800000,0,0,0,0,0,0,0.2108000000000009,0.21089999999999962,394
1700779860000,0,0,0,0,0,0,0.21079999999999965,0.21090000000000064,318
1700779920000,0,0,0,0,0,0,0.21086377358490516,0.21096433962264002,530
1700779980000,0,0,0,0,0,0,0.21080301003344415,0.2109036789297668,299
1700780040000,0,0,0,0,0,0,0.21083809523809355,0.2109388888888885,504
1700780100000,0,0,0,0,0,0,0.21090000000000086,0.21099999999999894,306
1700780160000,0,0,0,0,0,0,0.21099199999999932,0.21109359999999983,250
1700780220000,0,0,0,0,0,0,0.21099999999999894,0.21110000000000034,269
1700780280000,0,0,0,0,0,0,0.21104125000000024,0.21114196428571513,560
1700780340000,0,0,0,0,0,0,0.21112052980132365,0.21122119205298093,151
1700780400000,0,0,0,0,0,0,0.21127142857142803,0.2113729941291566,511
1700780460000,0,0,0,0,0,0,0.2113360655737709,0.2114364754098357,244
1700780520000,0,0,0,0,0,0,0.21139314285714295,0.2114931428571432,175
1700780580000,0,0,0,0,0,0,0.2116280839895015,0.21173018372703198,381
1700780640000,0,0,0,0,0,0,0.21166887417218588,0.21176887417218573,151
1700780700000,0,0,0,0,0,0,0.21158118279569949,0.2116822580645159,186
1700780760000,0,0,0,0,0,0,0.21159115646258458,0.21169115646258466,294
1700780820000,0,0,0,0,0,0,0.2117934959349582,0.21189430894308936,246
1700780880000,0,0,0,0,0,0,0.21171732283464603,0.21181732283464583,127
1700780940000,0,0,0,0,0,0,0.21163655172413828,0.21173724137931063,145
1700781000000,0,0,0,0,0,0,0.21164423076923108,0.21174551282051313,156
1700781060000,0,0,0,0,0,0,0.2116330357142861,0.21173392857142884,112
1700781120000,0,0,0,0,0,0,0.21155555555555527,0.2116567901234572,81
1700781180000,0,0,0,0,0,0,0.2115,0.21159999999999987,35
1700781240000,0,0,0,0,0,0,0.21149999999999985,0.21160000000000037,97
1700781300000,0,0,0,0,0,0,0.2115000000000001,0.21160000000000045,128
1700781360000,0,0,0,0,0,0,0.21124682203389925,0.2113483050847464,472
1700781420000,0,0,0,0,0,0,0.21109999999999973,0.21120000000000017,91
1700781480000,0,0,0,0,0,0,0.2110433212996385,0.211143321299639,277
1700781540000,0,0,0,0,0,0,0.2109999999999996,0.21109999999999943,115
1700781600000,0,0,0,0,0,0,0.21090839160839167,0.2110090909090906,286
1700781660000,0,0,0,0,0,0,0.21082669172932272,0.21092669172932388,266
1700781720000,0,0,0,0,0,0,0.21081417322834622,0.21091496062992085,127
1700781780000,0,0,0,0,0,0,0.2108000000000003,0.21090000000000014,69
1700781840000,0,0,0,0,0,0,0.2109316831683167,0.211032178217821,202
1700781900000,0,0,0,0,0,0,0.21099833333333293,0.2110991666666661,120
1700781960000,0,0,0,0,0,0,0.21086516853932588,0.2109662921348315,89
1700782020000,0,0,0,0,0,0,0.21085103734439845,0.21095394190871328,241
1700782080000,0,0,0,0,0,0,0.21080000000000015,0.21090000000000003,53
1700782140000,0,0,0,0,0,0,0.21078324607329788,0.210883769633508,191
1700782200000,0,0,0,0,0,0,0.21082249999999977,0.21092249999999937,160
1700782260000,0,0,0,0,0,0,0.210937912087912,0.21103846153846068,182
1700782320000,0,0,0,0,0,0,0.21105686274509738,0.21115816993464132,153
1700782380000,0,0,0,0,0,0,0.21105757575757514,0.2111583333333339,132
1700782440000,0,0,0,0,0,0,0.21117499999999964,0.2112750000000008,204
1700782500000,0,0,0,0,0,0,0.21115176470588215,0.21125294117647056,85
1700782560000,0,0,0,0,0,0,0.21105107913669,0.21115179856115127,139
1700782620000,0,0,0,0,0,0,0.2109908212560378,0.2110917874396138,207
1700782680000,0,0,0,0,0,0,0.21077388535031882,0.21087579617834373,314
1700782740000,0,0,0,0,0,0,0.2109573529411766,0.21105735294117656,68
1700782800000,0,0,0,0,0,0,0.2109562277580067,0.21105943060498225,281
1700782860000,0,0,0,0,0,0,0.2108899390243904,0.21099085365853693,328
1700782920000,0,0,0,0,0,0,0.21074360902255576,0.2108443609022553,133
1700782980000,0,0,0,0,0,0,0.21073222222222177,0.21083444444444455,90
1700783040000,0,0,0,0,0,0,0.21076766917293205,0.21086842105263118,133
1700783100000,0,0,0,0,0,0,0.2107091836734689,0.21081020408163267,98
1700783160000,0,0,0,0,0,0,0.21069999999999972,0.21080000000000026,63
1700783220000,0,0,0,0,0,0,0.21069999999999953,0.21079999999999993,109
1700783280000,0,0,0,0,0,0,0.2107837837837837,0.2108837837837835,111
1700783340000,0,0,0,0,0,0,0.21085028248587565,0.21095141242937776,177
1700783400000,0,0,0,0,0,0,0.21080918367346943,0.21090918367346925,98
1700783460000,0,0,0,0,0,0,0.21082429906542047,0.2109252336448596,107
1700783520000,0,0,0,0,0,0,0.2107999999999999,0.21089999999999992,28
1700783580000,0,0,0,0,0,0,0.2108438053097342,0.21094557522123897,226
1700783640000,0,0,0,0,0,0,0.2108360824742268,0.21093917525773187,97
1700783700000,0,0,0,0,0,0,0.21080000000000018,0.21090000000000006,56
1700783760000,0,0,0,0,0,0,0.2108776119402981,0.21097761194029796,134
1700783820000,0,0,0,0,0,0,0.21096464088397718,0.21106519337016544,181
1700783880000,0,0,0,0,0,0,0.21102222222222236,0.21112380952380952,63
1700783940000,0,0,0,0,0,0,0.2110000000000002,0.21110000000000004,57
1700784000000,0,0,0,0,0,0,0.21101417322834592,0.21111496062992058,127
1700784060000,0,0,0,0,0,0,0.21111480637813332,0.21121936218678686,439
1700784120000,0,0,0,0,0,0,0.21128165374676974,0.21138320413436604,387
1700784180000,0,0,0,0,0,0,0.21107188264058704,0.21117334963325213,409
1700784240000,0,0,0,0,0,0,0.21086753246753218,0.21097337662337615,154
1700784300000,0,0,0,0,0,0,0.21081666666666662,0.21091666666666645,108
1700784360000,0,0,0,0,0,0,0.21089651162790632,0.2109970930232554,172
1700784420000,0,0,0,0,0,0,0.21094464285714248,0.21104642857142816,112
1700784480000,0,0,0,0,0,0,0.21096652719665218,0.21106820083681996,239
1700784540000,0,0,0,0,0,0,0.21094599303135853,0.2110463414634146,287
1700784600000,0,0,0,0,0,0,0.21060173775671442,0.2107028436018964,633
1700784660000,0,0,0,0,0,0,0.21022794520547933,0.21032849315068558,365
1700784720000,0,0,0,0,0,0,0.21017689243027837,0.21027848605577662,251
1700784780000,0,0,0,0,0,0,0.20986658986175186,0.20996935483870974,434
1700784840000,0,0,0,0,0,0,0.20988129032258135,0.20998258064516193,155
1700784900000,0,0,0,0,0,0,0.20966547619047674,0.20976626984126992,252
1700784960000,0,0,0,0,0,0,0.20973172205438126,0.20983444108761268,331
1700785020000,0,0,0,0,0,0,0.2098639240506332,0.20996518987341806,158
1700785080000,0,0,0,0,0,0,0.21021814432989847,0.21031979381443197,485
1700785140000,0,0,0,0,0,0,0.21067225130890063,0.21077356020942514,382
1700785200000,0,0,0,0,0,0,0.21061496062992144,0.21071706036745447,381
1700785260000,0,0,0,0,0,0,0.21061805054151692,0.2107193140794243,554
1700785320000,0,0,0,0,0,0,0.21082887537993922,0.21093221884498467,329
1700785380000,0,0,0,0,0,0,0.21099090909090926,0.21109602272727404,528
1700785440000,0,0,0,0,0,0,0.21129558359621436,0.21139779179810725,317
1700785500000,0,0,0,0,0,0,0.21159820143884825,0.21169928057553922,278
1700785560000,0,0,0,0,0,0,0.21160233050847443,0.2117033898305078,472
1700785620000,0,0,0,0,0,0,0.21181250000000015,0.21191323529411762,136
1700785680000,0,0,0,0,0,0,0.2116159999999997,0.2117186666666662,300
1700785740000,0,0,0,0,0,0,0.21155314685314722,0.21165524475524505,143
1700785800000,0,0,0,0,0,0,0.2114739644970418,0.21157573964497065,169
1700785860000,0,0,0,0,0,0,0.2114037837837828,0.21150486486486417,370
1700785920000,0,0,0,0,0,0,0.2111241813602026,0.21122443324937,397
1700785980000,0,0,0,0,0,0,0.21125561224489808,0.21135663265306176,196
1700786040000,0,0,0,0,0,0,0.21123465346534678,0.21133564356435663,101
1700786100000,0,0,0,0,0,0,0.21126600000000015,0.21137000000000003,100
1700786160000,0,0,0,0,0,0,0.21129059829059868,0.21139316239316266,117
1700786220000,0,0,0,0,0,0,0.2113264705882353,0.21143039215686266,102
1700786280000,0,0,0,0,0,0,0.21139254901960777,0.21149411764705867,255
1700786340000,0,0,0,0,0,0,0.21128914285714334,0.21139200000000016,175
1700786400000,0,0,0,0,0,0,0.21135581395348876,0.2114589147286824,129
1700786460000,0,0,0,0,0,0,0.21126479999999995,0.21136560000000043,125
1700786520000,0,0,0,0,0,0,0.2109984848484844,0.21109962121212097,264
1700786580000,0,0,0,0,0,0,0.21084777777777783,0.2109488888888888,90
1700786640000,0,0,0,0,0,0,0.2110259036144573,0.21112590361445785,166
1700786700000,0,0,0,0,0,0,0.2109607476635512,0.21106168224299027,107
1700786760000,0,0,0,0,0,0,0.21097416974169764,0.2110752767527666,271
1700786820000,0,0,0,0,0,0,0.21110000000000004,0.21119999999999986,71
1700786880000,0,0,0,0,0,0,0.2110663934426224,0.2111672131147547,122
1700786940000,0,0,0,0,0,0,0.2110495726495722,0.21115384615384614,117
1700787000000,0,0,0,0,0,0,0.21088559670781953,0.21098971193415547,243
1700787060000,0,0,0,0,0,0,0.21080885416666617,0.2109098958333335,192
1700787120000,0,0,0,0,0,0,0.2109285714285711,0.21102952380952344,105
1700787180000,0,0,0,0,0,0,0.21086666666666673,0.21096666666666672,90
1700787240000,0,0,0,0,0,0,0.21080000000000015,0.21090000000000003,52
1700787300000,0,0,0,0,0,0,0.21093333333333258,0.21103548387096754,186
1700787360000,0,0,0,0,0,0,0.21107199999999943,0.2111735000000006,200
1700787420000,0,0,0,0,0,0,0.2111867346938778,0.21128877551020422,98
1700787480000,0,0,0,0,0,0,0.21101371681415898,0.21111725663716766,226
1700787540000,0,0,0,0,0,0,0.2110232558139535,0.21112418604651112,215
1700787600000,0,0,0,0,0,0,0.21076809815950906,0.2108699386503064,163
1700787660000,0,0,0,0,0,0,0.21084155844155864,0.21094242424242374,231
1700787720000,0,0,0,0,0,0,0.21087108433735008,0.2109722891566256,249
1700787780000,0,0,0,0,0,0,0.21073937823834216,0.2108455958549218,193
1700787840000,0,0,0,0,0,0,0.2108143939393936,0.21091515151515103,132
1700787900000,0,0,0,0,0,0,0.21094915254237243,0.21105084745762662,118
1700787960000,0,0,0,0,0,0,0.21116328124999995,0.21126562500000046,256
1700788020000,0,0,0,0,0,0,0.21126803652968065,0.21136894977168963,219
1700788080000,0,0,0,0,0,0,0.2113119999999998,0.2114169999999999,300
1700788140000,0,0,0,0,0,0,0.21144513064132942,0.21154750593824334,421
1700788200000,0,0,0,0,0,0,0.2114441860465111,0.21154496124031044,258
1700788260000,0,0,0,0,0,0,0.21142564102564132,0.2115264957264952,234
1700788320000,0,0,0,0,0,0,0.2113333333333341,0.211433802816901,213
1700788380000,0,0,0,0,0,0,0.21135582524271812,0.21145776699029176,206
1700788440000,0,0,0,0,0,0,0.21147335766423347,0.21157518248175156,274
1700788500000,0,0,0,0,0,0,0.2114863128491622,0.21158798882681554,358
1700788560000,0,0,0,0,0,0,0.2116937791601853,0.21179533437013906,643
1700788620000,0,0,0,0,0,0,0.21201681614349996,0.21211704035874474,446
1700788680000,0,0,0,0,0,0,0.2120203278688526,0.21212131147541002,305
1700788740000,0,0,0,0,0,0,0.21193964646464822,0.21204141414141595,396
1700788800000,0,0,0,0,0,0,0.21207597173144918,0.21217773851590144,283
1700788860000,0,0,0,0,0,0,0.21191012145748914,0.2120113360323891,247
1700788920000,0,0,0,0,0,0,0.2119178571428572,0.21201868131868298,364
1700788980000,0,0,0,0,0,0,0.21187972972972907,0.21198175675675765,296
1700789040000,0,0,0,0,0,0,0.21177872340425552,0.21187872340425534,141
1700789100000,0,0,0,0,0,0,0.21176250000000033,0.21186315789473695,152
1700789160000,0,0,0,0,0,0,0.211850972762646,0.21195136186770563,257
