1700725020000,0,0,0,0,0,0,0.4834,0.4835,1
1700725080000,0,0,0,0,0,0,0.4841110429447867,0.4842509202454052,2934
1700725140000,1,0,203.0,0,203.0,1,0.4839299541184194,0.4840638081712867,9154
1700725200000,6,0,13697.0,0,13697.0,6,0.4868148964723844,0.4869490030674736,10432
1700725260000,1,0,816.0,0,816.0,1,0.4871976544271014,0.487327422325905,8143
1700725320000,3,0,11858.0,0,11858.0,3,0.4890029386660139,0.48913264236067094,8201
1700725380000,1,2,868.0,5191.0,6059.0,3,0.4895205664040153,0.4896507708119127,8757
1700725440000,1,0,86.0,0,86.0,1,0.48911705413484113,0.4892449186316809,6022
1700725500000,0,5,0,13854.0,13854.0,5,0.48748659325533267,0.4876104473502997,7265
1700725560000,1,1,6144.0,8870.0,15014.0,2,0.48624500061948767,0.48637388179900837,8071
1700725620000,0,0,0,0,0,0,0.4873501425042734,0.4874664449933501,5263
1700725680000,0,0,0,0,0,0,0.48740703177823264,0.4875240477800384,4437
1700725740000,0,0,0,0,0,0,0.4874590943975413,0.487573983115883,3909
1700725800000,0,0,0,0,0,0,0.48706884078610035,0.4871813443463552,3511
1700725860000,8,0,15622.0,0,15622.0,8,0.4906852428752713,0.490817745471323,8667
1700725920000,5,0,1896.0,0,1896.0,5,0.49368214485197187,0.49382213740456565,10742
1700725980000,1,0,294.0,0,294.0,1,0.4939920754161122,0.494114950655464,6789
1700726040000,0,3,0,6756.0,6756.0,3,0.4912168088737243,0.4913411092150193,5860
1700726100000,0,0,0,0,0,0,0.4907215182648419,0.49083881278539243,3504
1700726160000,0,0,0,0,0,0,0.4922749421564039,0.4923950254511756,4322
1700726220000,2,0,6947.0,0,6947.0,2,0.49398325180981467,0.4940999608687106,5111
1700726280000,0,0,0,0,0,0,0.492991420683788,0.4931087279677122,4709
1700726340000,0,0,0,0,0,0,0.4924754545454586,0.49259079545454726,3520
1700726400000,0,0,0,0,0,0,0.4938142816500646,0.49392455192034546,3515
1700726460000,4,0,4921.0,0,4921.0,4,0.4963489743274849,0.49647227613315653,8141
1700726520000,9,0,21476.0,0,21476.0,9,0.5004475678268057,0.5005931351055196,14596
1700726580000,2,0,2474.0,0,2474.0,2,0.5016726092500366,0.5017978092036652,8627
1700726640000,0,3,0,16395.0,16395.0,3,0.5009858404598404,0.5011076685826464,7133
1700726700000,0,0,0,0,0,0,0.4994420840787343,0.4995555008944546,4472
1700726760000,0,0,0,0,0,0,0.4995641868042409,0.49967417865870933,3683
1700726820000,0,0,0,0,0,0,0.5000240241305928,0.5001387863733243,5636
1700726880000,0,4,0,5272.0,5272.0,4,0.4961728040892967,0.4963019924890363,9586
1700726940000,0,4,0,13444.0,13444.0,4,0.49327228612508034,0.4933988737119565,8346
1700727000000,0,3,0,6895.0,6895.0,3,0.4906016699137223,0.490722822154185,7186
1700727060000,0,2,0,452.0,452.0,2,0.489032535195646,0.4891564238997699,9021
1700727120000,3,0,15364.0,0,15364.0,3,0.49305632036024183,0.4931828240591852,6218
1700727180000,1,0,1414.0,0,1414.0,1,0.4939043714497256,0.49401578167447585,4049
1700727240000,0,0,0,0,0,0,0.49271672172808967,0.49283219822109453,3935
1700727300000,0,0,0,0,0,0,0.4929435032679731,0.49305513725489825,3825
1700727360000,0,2,0,3208.0,3208.0,2,0.4911478824546363,0.49126655142611947,4628
1700727420000,1,0,94.0,0,94.0,1,0.4929250334313889,0.4930345279486313,3739
1700727480000,0,4,0,4504.0,4504.0,4,0.4902884735743991,0.49041277816410206,5752
1700727540000,0,0,0,0,0,0,0.48963241002831975,0.48975117266478274,4946
1700727600000,0,0,0,0,0,0,0.490203100550561,0.4903115039119278,3451
1700727660000,0,5,0,23563.0,23563.0,5,0.48715592823712794,0.4872817212688429,7692
1700727720000,0,0,0,0,0,0,0.487373397579569,0.487485567010322,4462
1700727780000,2,0,7673.0,0,7673.0,2,0.4893341485303993,0.4894498765986001,4457
1700727840000,0,0,0,0,0,0,0.4901070871261446,0.4902150845253649,3076
1700727900000,1,1,98.0,12.0,110.0,2,0.4914904539927117,0.49161041751115236,4934
1700727960000,0,0,0,0,0,0,0.48977385672746515,0.48988501189532446,3783
1700728020000,0,0,0,0,0,0,0.49044669721268175,0.4905560519282177,2619
1700728080000,0,0,0,0,0,0,0.4902696238757198,0.49037857726902323,2446
1700728140000,0,1,0,50.0,50.0,1,0.4893262315271003,0.48944122536946566,3248
1700728200000,0,0,0,0,0,0,0.49011407151095643,0.49022529796231573,2601
1700728260000,0,0,0,0,0,0,0.4895352336928574,0.4896481253210014,3894
1700728320000,0,0,0,0,0,0,0.48974338046273136,0.489861311053984,3112
1700728380000,0,0,0,0,0,0,0.48985653393157974,0.4899628154795294,1783
1700728440000,4,0,7466.0,0,7466.0,4,0.4920130886720432,0.4921306109461289,4714
1700728500000,0,0,0,0,0,0,0.4894453906572952,0.4895586192641539,4838
1700728560000,0,0,0,0,0,0,0.48948331828443215,0.48959785553047863,4430
1700728620000,0,0,0,0,0,0,0.4906103555832893,0.4907236743605762,3206
1700728680000,0,0,0,0,0,0,0.48991663974151856,0.4900266962843208,2476
1700728740000,0,0,0,0,0,0,0.4895165601023171,0.48962858056267394,3128
1700728800000,0,0,0,0,0,0,0.4905817888799362,0.4906931506849338,2482
1700728860000,0,0,0,0,0,0,0.48839468840389316,0.4885129108598574,3803
1700728920000,0,0,0,0,0,0,0.4884236597374189,0.48854015317286836,3656
1700728980000,0,0,0,0,0,0,0.48813945249598417,0.48825012077295693,2484
1700729040000,0,3,0,1608.0,1608.0,3,0.48653045127795364,0.48665239616614187,5008
1700729100000,0,0,0,0,0,0,0.48672843750000444,0.486844488636367,3520
1700729160000,0,0,0,0,0,0,0.48693823676324327,0.4870511988012025,4004
1700729220000,0,0,0,0,0,0,0.48726135931559644,0.4873759743346177,4208
1700729280000,0,0,0,0,0,0,0.4865149678604267,0.4866217018671627,3267
1700729340000,0,6,0,40942.0,40942.0,6,0.4835721456216836,0.4837006289308286,8268
1700729400000,1,10,329.0,3269.0,3598.0,11,0.4810418593495201,0.4811757075697902,10423
1700729460000,0,0,0,0,0,0,0.48007413834952684,0.4802009830097199,8240
1700729520000,1,0,404.0,0,404.0,1,0.48278470769758197,0.48290586319217654,5833
1700729580000,0,0,0,0,0,0,0.4842033057851244,0.48432591368227723,5445
1700729640000,0,0,0,0,0,0,0.48350662503394054,0.4836184089057907,3683
1700729700000,0,0,0,0,0,0,0.48388885311871,0.4839981891348147,2485
1700729760000,0,0,0,0,0,0,0.48334992999159127,0.48346152338280174,3571
1700729820000,0,0,0,0,0,0,0.484088684406867,0.48420477493160663,4021
1700729880000,5,0,5623.0,0,5623.0,5,0.4873161920886558,0.4874370632599603,6497
1700729940000,0,0,0,0,0,0,0.4874018667358131,0.4875158931812285,3857
1700730000000,0,0,0,0,0,0,0.48701563106795753,0.48712624595469906,3090
1700730060000,0,0,0,0,0,0,0.4875191952147915,0.48763129418161844,3678
1700730120000,0,1,0,249.0,249.0,1,0.4870443779904319,0.4871561004784751,3344
1700730180000,0,0,0,0,0,0,0.4861208343997905,0.4862372920399199,3907
1700730240000,0,0,0,0,0,0,0.4861487510766631,0.4862668389319643,3483
1700730300000,0,2,0,5316.0,5316.0,2,0.4854772575250798,0.4856015050167238,4186
1700730360000,0,0,0,0,0,0,0.48665482962547363,0.4867765418192134,3551
1700730420000,0,0,0,0,0,0,0.4875698853868223,0.4876887106017278,3490
1700730480000,0,0,0,0,0,0,0.48701162191982894,0.48712651710188776,2719
1700730540000,1,0,25.0,0,25.0,1,0.48811363293053234,0.48822458459215706,2648
1700730600000,0,0,0,0,0,0,0.4877304864864842,0.48783913513513294,2775
1700730660000,0,0,0,0,0,0,0.48683270940570905,0.4869427234440798,2137
1700730720000,0,0,0,0,0,0,0.48815722644821574,0.4882710942071402,3418
1700730780000,0,0,0,0,0,0,0.4888914827719743,0.48900181958962435,2583
1700730840000,0,0,0,0,0,0,0.48919184729860704,0.48930630863798963,3091
1700730900000,2,0,118.0,0,118.0,2,0.4906922558922585,0.49081410400298936,5346
1700730960000,0,0,0,0,0,0,0.491113448207566,0.4912359279065149,5049
1700731020000,0,0,0,0,0,0,0.49079592875317624,0.49090979643765936,3144
1700731080000,0,0,0,0,0,0,0.49049057271557567,0.49060022522521496,3108
1700731140000,0,0,0,0,0,0,0.4910901662539792,0.49120367881146787,2827
1700731200000,0,0,0,0,0,0,0.49066709973251305,0.49077428353076136,2617
1700731260000,1,0,298.0,0,298.0,1,0.4913997263681684,0.49151149253731397,4020
1700731320000,0,0,0,0,0,0,0.4911100650593137,0.49121794871795205,2613
1700731380000,0,0,0,0,0,0,0.4905565842246173,0.49067142379680867,2992
1700731440000,0,1,0,944.0,944.0,1,0.4895019485038278,0.489616805845502,2874
1700731500000,0,1,0,1689.0,1689.0,1,0.4877673437901863,0.4878788377475028,3889
1700731560000,0,0,0,0,0,0,0.4885036639292628,0.48862526847757565,3166
1700731620000,0,0,0,0,0,0,0.4892750836120463,0.4893859949832852,2392
1700731680000,1,0,11.0,0,11.0,1,0.49026150173611716,0.4903744791666671,2304
1700731740000,0,0,0,0,0,0,0.49023183856502667,0.49034254484305395,1784
1700731800000,0,0,0,0,0,0,0.4898356584485853,0.48994263379434116,1663
1700731860000,0,1,0,1684.0,1684.0,1,0.4877921036397355,0.4879065700185083,3242
1700731920000,0,0,0,0,0,0,0.48582470360512403,0.4859397290104101,4133
1700731980000,0,0,0,0,0,0,0.4864775940707041,0.4865849486887119,1754
1700732040000,0,0,0,0,0,0,0.48610009666505294,0.48621203479942976,2069
1700732100000,0,0,0,0,0,0,0.4859626797009781,0.4860709603220326,1739
1700732160000,0,0,0,0,0,0,0.48724564584008406,0.4873641631596084,3089
1700732220000,0,0,0,0,0,0,0.4874113135914935,0.48751647684130894,1317
1700732280000,0,0,0,0,0,0,0.4882540014958911,0.4883626402393445,2674
1700732340000,0,0,0,0,0,0,0.4883217880085716,0.4884306745181982,1868
1700732400000,0,0,0,0,0,0,0.488384470158343,0.48849464068209547,1642
1700732460000,0,0,0,0,0,0,0.48876186961869333,0.4888696801968015,1626
1700732520000,0,0,0,0,0,0,0.4897712210307805,0.48988782428226596,2891
1700732580000,0,0,0,0,0,0,0.49026756756756523,0.4903788610038621,2072
1700732640000,0,0,0,0,0,0,0.4899549999999928,0.4900633999999956,2000
1700732700000,0,0,0,0,0,0,0.4904167030091592,0.49052847797645194,2293
1700732760000,0,0,0,0,0,0,0.48998931484503455,0.49010175367047637,2452
1700732820000,0,0,0,0,0,0,0.48935393452038933,0.4894632969557717,1741
1700732880000,0,1,0,572.0,572.0,1,0.4882033202427714,0.48831881470903743,2801
1700732940000,0,0,0,0,0,0,0.48848331534643136,0.4886105115475969,4633
1700733000000,0,0,0,0,0,0,0.4897328330206361,0.4898462476547827,2132
1700733060000,0,0,0,0,0,0,0.4895387404580155,0.4896508269720108,1572
1700733120000,0,0,0,0,0,0,0.4888820571955676,0.48899169741697535,2168
1700733180000,0,0,0,0,0,0,0.4887822286263207,0.4888942843419769,2082
1700733240000,0,0,0,0,0,0,0.4894498996655505,0.48955632107023567,1495
1700733300000,0,0,0,0,0,0,0.48897259111333086,0.4890823764353472,2003
1700733360000,0,0,0,0,0,0,0.4893293431553175,0.4894367096378137,1629
1700733420000,0,0,0,0,0,0,0.4887871739130452,0.4888986521739107,2300
1700733480000,0,0,0,0,0,0,0.4882157121326397,0.48832260738508554,2654
1700733540000,0,1,0,3444.0,3444.0,1,0.4868612716763018,0.48697955859169856,3806
1700733600000,0,0,0,0,0,0,0.48686640372894197,0.4869828612405888,2789
1700733660000,0,1,0,6275.0,6275.0,1,0.4868060766961689,0.48692168141593317,3390
1700733720000,0,1,0,19.0,19.0,1,0.484825404882757,0.4849551365723907,4137
1700733780000,0,4,0,1102.0,1102.0,4,0.48247689393940724,0.48261645256918567,6072
1700733840000,0,0,0,0,0,0,0.48308378151259734,0.48320266106441884,3570
1700733900000,0,0,0,0,0,0,0.48432882882882816,0.48443499653499655,1443
1700733960000,0,0,0,0,0,0,0.4851833945873744,0.48529856331440185,2993
1700734020000,0,0,0,0,0,0,0.48548960370561195,0.48559490478641504,1943
1700734080000,0,0,0,0,0,0,0.4853155038759729,0.48542155038760576,1935
1700734140000,0,0,0,0,0,0,0.484316429699844,0.4844256977356499,1899
1700734200000,0,0,0,0,0,0,0.4830768019092984,0.48318491646777545,2095
1700734260000,0,0,0,0,0,0,0.48423179487179596,0.48434581196580706,2340
1700734320000,0,0,0,0,0,0,0.48495195847098044,0.48505988673902606,2119
1700734380000,1,0,321.0,0,321.0,1,0.4858252964426912,0.48594153790873384,2783
1700734440,1,0,614.0,0,614.0,1,0.48703346080305787,0.4871514340344217,3661
1700734500000,0,0,0,0,0,0,0.4869823052520247,0.48709710962283936,2837
1700734560000,0,0,0,0,0,0,0.48656630508474374,0.48667254237287866,1475
1700734620000,0,2,0,13720.0,13720.0,2,0.4847721345229913,0.48488761153053717,2914
1700734680000,0,0,0,0,0,0,0.48460026001039674,0.48471019240769436,1923
1700734740000,0,0,0,0,0,0,0.4848327777777776,0.48494055555555704,1080
1700734800000,0,0,0,0,0,0,0.48451896476729045,0.48463484123531825,2299
1700734860000,0,0,0,0,0,0,0.48393045835386933,0.48403873829472155,2029
1700734920000,0,0,0,0,0,0,0.4850517444717468,0.4851584275184322,2035
1700734980000,2,0,236.0,0,236.0,2,0.4866116094986916,0.48672396657871975,2274
1700735040000,0,0,0,0,0,0,0.4866428406466501,0.48675005773671254,1732
1700735100000,0,0,0,0,0,0,0.48629546649146055,0.48640505913272414,1522
1700735160000,0,0,0,0,0,0,0.4856457559681782,0.48575954907162316,2262
1700735220000,0,0,0,0,0,0,0.4862546027131867,0.48636395348837963,2064
1700735280000,0,0,0,0,0,0,0.48661465689539934,0.48672398401065475,1501
1700735340000,0,0,0,0,0,0,0.48597052512705535,0.48607600225861375,1771
1700735400000,1,0,1226.0,0,1226.0,1,0.4860544948289621,0.48616085918855145,1257
1700735460000,0,0,0,0,0,0,0.48664851924975905,0.48675681145113797,2026
1700735520000,2,0,7256.0,0,7256.0,2,0.48793998850904546,0.48805762711864,3481
1700735580000,0,0,0,0,0,0,0.48667345008755875,0.48678374781085876,2855
1700735640000,0,1,0,1125.0,1125.0,1,0.4853517813905157,0.4854629194050338,2891
1700735700000,0,2,0,3182.0,3182.0,2,0.4840460956498199,0.4841638476087493,3701
1700735760000,0,5,0,14156.0,14156.0,5,0.48144356435644936,0.4815704012506716,7676
1700735820000,0,1,0,10302.0,10302.0,1,0.4803751731486533,0.48049603977979805,5631
1700735880000,0,0,0,0,0,0,0.48120080473372434,0.48131318343195373,4225
1700735940000,0,0,0,0,0,0,0.48149118577075334,0.48159960474309105,2530
1700736000000,0,0,0,0,0,0,0.4811857882165545,0.48129454617834827,2512
1700736060000,0,0,0,0,0,0,0.4810312833128296,0.4811463714637059,2439
1700736120000,0,0,0,0,0,0,0.48057961519726045,0.480693667803218,4106
1700736180000,0,5,0,8430.0,8430.0,5,0.4778418555240793,0.47797037299339323,8472
1700736240000,0,2,0,319.0,319.0,2,0.47760026315788906,0.4777166447368378,4560
1700736300000,0,0,0,0,0,0,0.47897401531729533,0.4790927242888425,3656
1700736360000,1,0,4974.0,0,4974.0,1,0.4795012032660073,0.47961409540179994,4654
1700736420000,0,0,0,0,0,0,0.4802345321637372,0.4803491228070126,3420
1700736480000,0,0,0,0,0,0,0.47987399999999647,0.4799800588235326,1700
1700736540000,0,0,0,0,0,0,0.47858382389935744,0.47869761006287787,3975
1700736600000,0,0,0,0,0,0,0.4777848872808179,0.4778940718062833,3593
1700736660000,0,0,0,0,0,0,0.47834995922804896,0.47846066865995485,3679
1700736720000,0,8,0,26604.0,26604.0,8,0.47383508382452266,0.47399725943502713,13063
1700736780000,1,0,4241.0,0,4241.0,1,0.47391475697832935,0.4740453835643158,10246
1700736840000,2,0,5186.0,0,5186.0,2,0.47678269052762445,0.4769064331996323,6482
1700736900000,1,0,21.0,0,21.0,1,0.4797036440935373,0.47982792286668846,6586
1700736960000,0,1,0,418.0,418.0,1,0.47877085953877785,0.47888056304281706,3339
1700737020000,0,1,0,3725.0,3725.0,1,0.47777547302032247,0.47788640504555413,2854
1700737080000,0,0,0,0,0,0,0.47700270871985895,0.4771126901669871,2695
1700737140000,0,0,0,0,0,0,0.47684891008173325,0.4769623637602042,2936
1700737200000,0,0,0,0,0,0,0.47691274131273687,0.4770172029172013,2331
1700737260000,0,2,0,3821.0,3821.0,2,0.4764157706804118,0.47653358460622103,5041
1700737320000,0,0,0,0,0,0,0.4756736033519577,0.47578357541898453,3580
1700737380000,0,10,0,20700.0,20700.0,10,0.4689581102362429,0.46913270997376877,15240
1700737440000,1,3,2823.0,15173.0,17996.0,4,0.46456025311316745,0.4647054953979654,14776
1700737500000,1,0,91.0,0,91.0,1,0.4665788981288963,0.4667063756063702,8658
1700737560000,0,3,0,6509.0,6509.0,3,0.46521278884461453,0.46534325365205276,7530
1700737620000,1,8,2424.0,23352.0,25776.0,9,0.46057904936015037,0.4607227861060485,13675
1700737680000,0,5,0,11485.0,11485.0,5,0.4592582533104234,0.4593949358131974,9893
1700737740000,1,0,2400.0,0,2400.0,1,0.4596191833776296,0.45974039623097207,8278
1700737800000,1,0,43.0,0,43.0,1,0.4596422996805986,0.459759380641568,7201
1700737860000,0,0,0,0,0,0,0.45988718993622063,0.46000653791636326,5644
1700737920000,0,0,0,0,0,0,0.4592878064412668,0.4594081717673459,6241
1700737980000,0,0,0,0,0,0,0.46022261727475566,0.46034061801936244,5372
1700738040000,3,0,1389.0,0,1389.0,3,0.4612756117063763,0.46139149208380414,6253
1700738100000,0,1,0,245.0,245.0,1,0.4606468586933827,0.4607588394907104,4791
1700738160000,3,0,363.0,0,363.0,3,0.4630415010016853,0.46316421636614374,6489
1700738220000,1,0,800.0,0,800.0,1,0.46413597785977506,0.4642593942189301,6504
1700738280000,0,0,0,0,0,0,0.4633036211699034,0.4634297179665695,5744
1700738340000,2,0,4447.0,0,4447.0,2,0.46528551446944955,0.4654065112540101,6220
1700738400000,0,0,0,0,0,0,0.46483360423358866,0.4649500283500199,5291
1700738460000,1,0,7000.0,0,7000.0,1,0.46566424326465866,0.465785320919182,5048
1700738520000,0,1,0,21.0,21.0,1,0.4639677344475289,0.4640775301764012,4308
1700738580000,1,5,2585.0,3538.0,6123.0,6,0.46028560926986317,0.460422638923495,8026
1700738640000,1,0,218.0,0,218.0,1,0.46195815368567117,0.4620772600834417,5752
1700738700000,0,0,0,0,0,0,0.46143518787291854,0.4615534913723555,6201
1700738760000,0,0,0,0,0,0,0.4621029943124682,0.4622224991636196,5978
1700738820000,0,0,0,0,0,0,0.46372892995664583,0.46384348619665816,4383
1700738880000,0,0,0,0,0,0,0.46299912244044833,0.4631135394901725,4786
1700738940000,0,0,0,0,0,0,0.4634637763116505,0.4635723845428735,3183
1700739000000,0,1,0,2875.0,2875.0,1,0.46163519674355563,0.4617491723202144,3685
1700739060000,0,0,0,0,0,0,0.46107145421903717,0.4611862158388304,5013
1700739120000,0,0,0,0,0,0,0.46093886194029576,0.4610544962686572,5360
1700739180000,0,3,0,768.0,768.0,3,0.458699471283425,0.45881908563133555,9646
1700739240000,2,0,869.0,0,869.0,2,0.4619017139001298,0.4620255330634297,7410
1700739300000,1,0,6060.0,0,6060.0,1,0.4627145531914978,0.46282512765957484,4700
1700739360000,0,0,0,0,0,0,0.46293714285714427,0.4630505811138013,4130
1700739420000,0,0,0,0,0,0,0.46205228215767274,0.4621632780082848,3374
1700739480000,0,0,0,0,0,0,0.4622088794326109,0.4623204822695032,3525
1700739540000,0,0,0,0,0,0,0.4625054066333468,0.46261830985915864,2201
1700739600000,0,0,0,0,0,0,0.46318541076487596,0.46330038951842134,2824
1700739660000,0,0,0,0,0,0,0.4630340256566817,0.4631432803909436,3274
1700739720000,0,0,0,0,0,0,0.4628886620096703,0.46299693713057527,1861
1700739780000,0,0,0,0,0,0,0.46221946308725415,0.4623332933844667,4172
1700739840000,0,4,0,2006.0,2006.0,4,0.46051794755876657,0.4606342224231428,4424
1700739900000,0,1,0,132.0,132.0,1,0.4585687251340691,0.4586912644871147,5781
1700739960000,0,7,0,1846.0,1846.0,7,0.4566285460992872,0.4567615621500603,10716
1700740020000,0,0,0,0,0,0,0.45558186149934893,0.45570162007623116,9444
1700740080000,0,6,0,2151.0,2151.0,6,0.45315451795841205,0.45328140831758146,10580
1700740140000,0,2,0,29343.0,29343.0,2,0.4527889146907857,0.45290655096554305,8182
1700740200000,0,0,0,0,0,0,0.4541638051507227,0.45428051507286227,5009
1700740260000,2,0,450.0,0,450.0,2,0.4555243568387926,0.45564445678326404,5403
1700740320000,1,1,1974.0,699.0,2673.0,2,0.456087564645047,0.4562047954866046,4254
1700740380000,0,2,0,962.0,962.0,2,0.4537746061359821,0.4538924129353206,4824
1700740440000,0,0,0,0,0,0,0.45463409557315304,0.45474632072706495,3411
1700740500000,0,1,0,21.0,21.0,1,0.45551866886948394,0.455638352607994,4237
1700740560000,1,0,13.0,0,13.0,1,0.45604168791433475,0.4561540285568591,3922
1700740620000,0,0,0,0,0,0,0.45692806807286956,0.4570386864813064,4172
1700740680000,0,0,0,0,0,0,0.4569287568971085,0.45703911067835007,3081
1700740740000,0,0,0,0,0,0,0.4566745594360754,0.4567850688881714,3121
1700740800000,0,0,0,0,0,0,0.456057686760901,0.45616968560716115,3467
1700740860000,0,1,0,369.0,369.0,1,0.4543705992121139,0.4544850300642943,4823
1700740920000,1,0,217.0,0,217.0,1,0.4540068517778672,0.45411887734718015,5006
1700740980000,0,0,0,0,0,0,0.45322335979940714,0.45334335562055533,4786
1700741040000,2,0,2772.0,0,2772.0,2,0.45579595741140794,0.4559114290467454,6011
1700741100000,2,0,151.0,0,151.0,2,0.45804505813952895,0.45817168927648005,6192
1700741160000,0,0,0,0,0,0,0.45795432864298186,0.458067398044365,4193
1700741220000,0,0,0,0,0,0,0.4580632393397532,0.458173074277849,2908
1700741280000,0,0,0,0,0,0,0.4587230977341916,0.45883216097395496,2957
1700741340000,2,0,3322.0,0,3322.0,2,0.4608056636335136,0.4609211641041763,6374
1700741400000,1,0,3633.0,0,3633.0,1,0.46195395954747814,0.46207007199177375,5834
1700741460000,0,0,0,0,0,0,0.4610460945033808,0.46115617164899203,4148
1700741520000,0,0,0,0,0,0,0.46072749140894265,0.4608436161776477,3783
1700741580000,0,0,0,0,0,0,0.4613869283276411,0.4614970307167223,2930
1700741640000,0,0,0,0,0,0,0.46180693131694417,0.461914020163832,3174
1700741700000,6,0,2466.0,0,2466.0,6,0.4636933765182223,0.4638156437246952,6175
1700741760000,0,0,0,0,0,0,0.4639874021617474,0.4641006149832285,5366
1700741820000,0,0,0,0,0,0,0.4631126514131785,0.4632223418573235,2972
1700741880000,1,0,5120.0,0,5120.0,1,0.465393897134077,0.4655246289662176,7816
1700741940000,2,0,3915.0,0,3915.0,2,0.4672943120393074,0.4674215233415222,8140
1700742000000,10,0,66284.0,0,66284.0,10,0.4708119103086607,0.47093565327120496,10302
1700742060000,0,0,0,0,0,0,0.47172600145666477,0.47184474386986813,8238
1700742120000,0,1,0,4376.0,4376.0,1,0.4709789183874137,0.47109510324484205,5085
1700742180000,0,0,0,0,0,0,0.47097587322123147,0.47108091849937195,3092
1700742240000,0,0,0,0,0,0,0.47023985701519083,0.47034691689008473,4476
1700742300000,0,1,0,530.0,530.0,1,0.4694521578833168,0.4695619171546341,4611
1700742360000,0,0,0,0,0,0,0.47022490192030175,0.4703342556266798,4843
1700742420000,5,0,2928.0,0,2928.0,5,0.472833925762821,0.47295000000000403,6358
1700742480000,9,0,131380.0,0,131380.0,9,0.47990623315140496,0.4800594647905758,15209
1700742540000,7,0,11262.0,0,11262.0,7,0.4828525620744105,0.48298864433590977,14539
1700742600000,3,2,36183.0,3605.0,39788.0,5,0.48575104662224317,0.4858882651442845,12612
1700742660000,0,1,0,1159.0,1159.0,1,0.4823624589805325,0.48249267118793565,9142
1700742720000,0,0,0,0,0,0,0.48176463104325795,0.48189251908396635,5895
1700742780000,3,0,799.0,0,799.0,3,0.4854667728132009,0.4855970345307744,10049
1700742840000,5,2,15872.0,497.0,16369.0,7,0.49023712378792034,0.4903858896864291,15882
1700742900000,13,0,54236.0,0,54236.0,13,0.4966285040281389,0.49678448390975266,22467
1700742960000,0,0,0,0,0,0,0.498131194488252,0.4982731053374173,12047
1700743020000,1,2,10064.0,1222.0,11286.0,3,0.4979325216929218,0.4980760935009716,11294
1700743080000,2,2,122.0,4464.0,4586.0,4,0.4955765142675192,0.49571833032779355,9427
1700743140000,7,4,15136.0,5098.0,20234.0,11,0.5009514798415334,0.5010953468500062,12873
1700743200000,0,1,0,2495.0,2495.0,1,0.49685646223368174,0.4969846223369746,7745
1700743260000,0,3,0,7599.0,7599.0,3,0.4947813925995884,0.49490898451352744,8459
1700743320000,0,7,0,12190.0,12190.0,7,0.4908822222222269,0.4910125125125093,9990
1700743380000,3,0,1632.0,0,1632.0,3,0.4905962447672943,0.4907362102930243,8122
1700743440000,1,0,215.0,0,215.0,1,0.49442436488086566,0.4945604185862788,7597
1700743500000,0,0,0,0,0,0,0.4943945782196559,0.49451781885971163,6437
1700743560000,2,0,841.0,0,841.0,2,0.496440301724134,0.49658225952812673,8816
1700743620000,0,0,0,0,0,0,0.4969165708812248,0.49704589719029274,6264
1700743680000,0,0,0,0,0,0,0.49614412319296275,0.49626432013408844,4773
1700743740000,0,4,0,1982.0,1982.0,4,0.4924092051476089,0.4925438758516098,6605
1700743800000,0,0,0,0,0,0,0.49183328223470757,0.49195416453755125,5871
1700743860000,0,0,0,0,0,0,0.4898332301341668,0.489955744754047,5814
1700743920000,0,0,0,0,0,0,0.4891776139937165,0.4893031446540902,5088
1700743980000,0,0,0,0,0,0,0.4893032941629784,0.4894221922558335,5191
1700744040000,2,0,2191.0,0,2191.0,2,0.4920704378967791,0.4921998534917791,6143
1700744100000,0,2,0,1927.0,1927.0,2,0.4908961081523927,0.4910193158541631,4882
1700744160000,1,0,560.0,0,560.0,1,0.49120242766876565,0.4913241104090373,6014
1700744220000,1,0,1238.0,0,1238.0,1,0.493558207468873,0.4936844647302814,6025
1700744280000,1,0,229.0,0,229.0,1,0.4942478040540513,0.49436472007722465,4144
1700744340000,0,0,0,0,0,0,0.4927612255148139,0.49287446007031593,3982
1700744400000,0,0,0,0,0,0,0.4936054705512347,0.4937187801299319,4771
1700744460000,0,0,0,0,0,0,0.4931637412314809,0.4932865471550909,6415
1700744520000,3,0,4082.0,0,4082.0,3,0.49576736236056024,0.49589612570468883,8337
1700744580000,7,0,14333.0,0,14333.0,7,0.5003372828065445,0.5004773539632615,12086
1700744640000,1,3,241.0,1073.0,1314.0,4,0.5006079673706516,0.5007347524863188,8949
1700744700000,6,0,9030.0,0,9030.0,6,0.5019871788413093,0.502121612090674,7940
1700744760000,11,0,19790.0,0,19790.0,11,0.5058140772604748,0.5059593623481916,11856
1700744820000,4,0,9632.0,0,9632.0,4,0.5074569156293265,0.5075909405255901,8676
1700744880000,0,1,0,133.0,133.0,1,0.5063562110251985,0.5064778498378674,8018
1700744940000,0,0,0,0,0,0,0.5033926205552816,0.5035268509498284,8212
1700745000000,0,0,0,0,0,0,0.5036126379605194,0.5037377584330878,6433
1700745060000,0,2,0,5697.0,5697.0,2,0.5011960262242461,0.5013234947819114,7474
1700745120000,2,0,9210.0,0,9210.0,2,0.5037460509199073,0.5038692808028362,5381
1700745180000,3,0,10884.0,0,10884.0,3,0.5069045447881506,0.5070277525289557,6821
1700745240000,4,0,3999.0,0,3999.0,4,0.5086164064218307,0.5087452276226269,9094
1700745300000,8,0,16184.0,0,16184.0,8,0.5123020159560931,0.5124410654542456,11657
1700745360000,1,0,11932.0,0,11932.0,1,0.5128463571512076,0.5129732662846419,8551
1700745420000,12,0,132041.0,0,132041.0,12,0.5178725916969118,0.5180082224909397,14886
1700745480000,1,2,4809.0,1607.0,6416.0,3,0.517277157045313,0.5174166770122103,9666
1700745540000,0,0,0,0,0,0,0.5161427269175506,0.5162752181273564,7679
1700745600000,0,0,0,0,0,0,0.5171955314827329,0.517317907921447,5908
1700745660000,0,1,0,2938.0,2938.0,1,0.514549720184078,0.5146770550926623,8041
1700745720000,1,1,145.0,93.0,238.0,2,0.5135130413506207,0.5136429532664583,8174
1700745780000,0,0,0,0,0,0,0.5118533168316862,0.5119887500000067,8080
1700745840000,2,0,2002.0,0,2002.0,2,0.5142034708694864,0.5143241898353108,5647
1700745900000,9,0,62482.0,0,62482.0,9,0.5195273494605048,0.5196888966237497,11492
1700745960000,10,0,29042.0,0,29042.0,10,0.5248230400909023,0.5249683087161283,12322
1700746020000,7,0,11202.0,0,11202.0,7,0.5262897992760841,0.5264230338927371,9117
1700746080000,12,0,31539.0,0,31539.0,12,0.5302615201271352,0.5304088254767048,15104
1700746140000,0,0,0,0,0,0,0.5292438612808801,0.5293841748604835,7526
1700746200000,3,0,2144.0,0,2144.0,3,0.5306770475354403,0.5308163050294733,7973
1700746260000,8,3,62219.0,2893.0,65112.0,11,0.5312253680041648,0.5313797130688033,13383
1700746320000,3,1,1646.0,282.0,1928.0,4,0.5337204810181241,0.5338643981880788,9272
1700746380000,0,6,0,2398.0,2398.0,6,0.5302134354108249,0.5303603623032257,9274
1700746440000,2,0,1951.0,0,1951.0,2,0.5311304249390434,0.5312614942528809,5742
1700746500000,9,1,29653.0,533.0,30186.0,10,0.5372490552834036,0.5374025969986568,12861
1700746560000,1,4,112.0,2316.0,2428.0,5,0.5328813083222173,0.5330219577223337,10502
1700746620000,0,3,0,563.0,563.0,3,0.5296397302793622,0.5297848442684465,9343
1700746680000,0,0,0,0,0,0,0.5294101890271995,0.5295433686798812,6507
1700746740000,2,0,433.0,0,433.0,2,0.5308356139481137,0.530969410014881,6051
1700746800000,0,1,0,223.0,223.0,1,0.5305453297570216,0.5306813979173189,6338
1700746860000,0,7,0,12930.0,12930.0,7,0.5256566913352008,0.5258095667591928,12972
1700746920000,0,8,0,11619.0,11619.0,8,0.5167543192405356,0.5169179078955201,16959
1700746980000,0,7,0,40079.0,40079.0,7,0.512831363484101,0.5129864053601529,14925
1700747040000,3,0,8898.0,0,8898.0,3,0.5123560518198741,0.5124975077112903,8105
1700747100000,3,2,1470.0,2019.0,3489.0,5,0.5115707371122066,0.5117096337765263,8574
1700747160000,6,3,7549.0,5140.0,12689.0,9,0.5108811813045725,0.5110147406266045,9735
1700747220000,2,1,3801.0,3179.0,6980.0,3,0.5139789733566577,0.5141225902685138,9721
1700747280000,0,2,0,1221.0,1221.0,2,0.5109437314487698,0.5110824452296935,7075
1700747340000,0,8,0,17111.0,17111.0,8,0.5071218727598642,0.5072835304659628,11160
1700747400000,0,4,0,22246.0,22246.0,4,0.5032997728446162,0.5034520495611773,9685
1700747460000,1,0,9811.0,0,9811.0,1,0.5053736805066922,0.5055154820549007,8526
1700747520000,0,0,0,0,0,0,0.5062603094362816,0.5063913296568668,6528
1700747580000,2,0,1141.0,0,1141.0,2,0.5077328919566236,0.5078663755458565,7099
1700747640000,9,0,5378.0,0,5378.0,9,0.5140300541116044,0.51418977202165,11273
1700747700000,12,0,22566.0,0,22566.0,12,0.5197727586206949,0.5199383756805958,11020
1700747760000,8,1,12731.0,3787.0,16518.0,9,0.5260796418224992,0.526262397945768,15188
1700747820000,2,1,575.0,184.0,759.0,3,0.5235939731159192,0.5237437527545201,9076
1700747880000,1,0,1974.0,0,1974.0,1,0.5260862854313652,0.5262266122044821,8079
1700747940000,0,0,0,0,0,0,0.5258642031673444,0.525991339706081,7009
1700748000000,0,1,0,141.0,141.0,1,0.5231982899278289,0.5233262786319477,6374
1700748060000,3,3,2887.0,7581.0,10468.0,6,0.5230396198687383,0.5231781718428572,10207
1700748120000,0,1,0,3929.0,3929.0,1,0.5242492918374871,0.5243764070070714,5366
1700748180000,1,0,95.0,0,95.0,1,0.525107696577239,0.525237095282143,5405
1700748240000,0,3,0,6152.0,6152.0,3,0.5226414022787065,0.5227721998247191,5705
1700748300000,0,0,0,0,0,0,0.5232111723052779,0.5233353658536629,5084
1700748360000,2,0,4862.0,0,4862.0,2,0.5253686735350942,0.5255016258853742,6212
1700748420000,3,0,945.0,0,945.0,3,0.5273949536338199,0.5275298468837487,9274
1700748480000,1,0,127.0,0,127.0,1,0.5282980753037428,0.5284279321544462,8313
1700748540000,0,4,0,6619.0,6619.0,4,0.5241068151742564,0.5242436149095687,9068
1700748600000,0,12,0,15550.0,15550.0,12,0.5159920871261362,0.5161485695708664,15380
1700748660000,2,0,146.0,0,146.0,2,0.5138391864406929,0.5139833510896018,10325
1700748720000,4,1,12879.0,28.0,12907.0,5,0.5162602201257894,0.5164054297694023,9540
1700748780000,4,0,15581.0,0,15581.0,4,0.5221868703871483,0.5223290949113036,7723
1700748840000,0,1,0,2047.0,2047.0,1,0.5216192575405996,0.521756430228703,6034
1700748900000,3,0,1903.0,0,1903.0,3,0.524427453945559,0.5245705389056974,7274
1700748960000,0,0,0,0,0,0,0.5256157988165618,0.5257521893491078,6760
1700749020000,1,0,5576.0,0,5576.0,1,0.5255864176203845,0.525714597279204,4631
1700749080000,1,0,17.0,0,17.0,1,0.526870265433943,0.5270014017297935,6706
1700749140000,0,1,0,158.0,158.0,1,0.5244237215489129,0.5245518474726493,6766
1700749200000,0,0,0,0,0,0,0.5236407325684167,0.5237559576346038,4532
1700749260000,6,0,30746.0,0,30746.0,6,0.526333465878556,0.5264644492208532,9305
1700749320000,0,5,0,6593.0,6593.0,5,0.52278879409142,0.5229362281930368,7853
1700749380000,3,0,9001.0,0,9001.0,3,0.5231163728759709,0.523244560902016,6297
1700749440000,7,0,15349.0,0,15349.0,7,0.5290037109681434,0.529165495057289,12746
1700749500000,3,1,1786.0,481.0,2267.0,4,0.5309324550203182,0.5310767730702354,8615
1700749560000,0,1,0,2143.0,2143.0,1,0.5288579362801319,0.5289968714121728,6968
1700749620000,1,0,388.0,0,388.0,1,0.5298748800697755,0.5300060619275988,6879
1700749680000,1,0,2366.0,0,2366.0,1,0.5306987704917936,0.5308219115924978,6832
1700749740000,1,2,215.0,2859.0,3074.0,3,0.5303340818246018,0.530467728662119,8506
1700749800000,0,2,0,7497.0,7497.0,2,0.5255809738955798,0.5257225,9960
1700749860000,0,0,0,0,0,0,0.5256670622710546,0.5258048937728849,6825
1700749920000,0,4,0,9786.0,9786.0,4,0.5244172788285596,0.5245518364856689,8195
1700749980000,0,0,0,0,0,0,0.5262413122368951,0.5263650166932698,6889
1700750040000,1,0,379.0,0,379.0,1,0.5279619528619431,0.528099311294757,6534
1700750100000,0,0,0,0,0,0,0.5296420464874773,0.5297650305155134,7701
1700750160000,0,0,0,0,0,0,0.5292648095508801,0.5293844040174248,5277
1700750220000,0,0,0,0,0,0,0.5288345391572029,0.5289528189339882,5197
1700750280000,0,1,0,3187.0,3187.0,1,0.5270222027971878,0.5271421153845928,5720
1700750340000,2,0,114.0,0,114.0,2,0.5294858908978496,0.5296149281409318,6471
1700750400000,0,1,0,758.0,758.0,1,0.5281243932038784,0.5282484743411923,5768
1700750460000,0,1,0,72.0,72.0,1,0.526313451776643,0.5264368926758519,5516
1700750520000,0,0,0,0,0,0,0.5287302993465969,0.5288540951223225,6581
1700750580000,0,1,0,4249.0,4249.0,1,0.5271531100478384,0.5272679625199307,5016
1700750640000,0,0,0,0,0,0,0.5262619661266528,0.5263847569955841,5432
1700750700000,0,0,0,0,0,0,0.5261442397207104,0.5262655159038094,5156
1700750760000,0,0,0,0,0,0,0.5255039581114677,0.5256278487752906,5634
1700750820000,0,0,0,0,0,0,0.5247504438189884,0.5248720935267269,4619
1700750880000,0,6,0,33665.0,33665.0,6,0.5200972730641034,0.520245942941852,13495
1700750940000,0,0,0,0,0,0,0.5210011065812484,0.5211248398369261,6868
1700751000000,0,0,0,0,0,0,0.5206661386903599,0.5207846822484047,5177
1700751060000,2,0,7547.0,0,7547.0,2,0.5239250821467561,0.5240603504928727,5478
1700751120000,2,0,357.0,0,357.0,2,0.5271918030657244,0.5273377240841879,7698
1700751180000,0,0,0,0,0,0,0.5252776410564165,0.5254021608643457,3332
1700751240000,0,0,0,0,0,0,0.525373488865316,0.5254989130434762,3772
1700751300000,0,0,0,0,0,0,0.5257208206265395,0.5258352924868105,3607
1700751360000,0,0,0,0,0,0,0.5261647192285753,0.5262864057477621,5289
1700751420000,0,1,0,610.0,610.0,1,0.5244816317088237,0.5246063078346666,6484
1700751480000,0,1,0,1825.0,1825.0,1,0.5220563075993256,0.5221791509291255,6619
1700751540000,0,0,0,0,0,0,0.5221013087607017,0.5222130608974458,3744
1700751600000,2,0,273.0,0,273.0,2,0.5236850801479623,0.5238062392108472,4055
1700751660000,1,0,76.0,0,76.0,1,0.5256241263157921,0.5257498947368425,2375
1700751720000,0,2,0,2568.0,2568.0,2,0.5214775544703234,0.5216050338091658,5324
1700751780000,2,0,1725.0,0,1725.0,2,0.5240506360688543,0.5241733848840159,4009
1700751840000,0,0,0,0,0,0,0.5240997619047492,0.5242165646258392,2940
1700751900000,0,0,0,0,0,0,0.523945675330204,0.5240662974009338,2347
1700751960000,0,0,0,0,0,0,0.5248730529929182,0.524995494529072,4661
1700752020000,0,0,0,0,0,0,0.5233762152385216,0.5234968799457337,4423
1700752080000,0,2,0,50.0,50.0,2,0.5203577531645643,0.5204808544303822,3792
1700752140000,0,1,0,129.0,129.0,1,0.5183047195453397,0.5184251297257269,4047
1700752200000,1,0,495.0,0,495.0,1,0.5190556338028217,0.5191824465310447,3834
1700752260000,0,0,0,0,0,0,0.5202650910881323,0.520383653372725,4062
1700752320000,0,3,0,8059.0,8059.0,3,0.5182566498787565,0.5183807312068636,5361
1700752380000,0,1,0,155.0,155.0,1,0.5169273721939325,0.5170597245802726,5301
1700752440000,0,0,0,0,0,0,0.5160369791666749,0.5161603749999973,4800
1700752500000,0,2,0,4644.0,4644.0,2,0.5139058851077185,0.5140440836715718,6406
1700752560000,0,5,0,20432.0,20432.0,5,0.5128114146165054,0.5129589544138831,5528
1700752620000,0,0,0,0,0,0,0.5104954324979791,0.5106280719482589,4948
1700752680000,0,0,0,0,0,0,0.5101234435050007,0.5102558800922382,1301
1700752740000,1,0,260.0,0,260.0,1,0.5125733104238187,0.5127041466208517,4365
1700752800000,0,0,0,0,0,0,0.5134431590453696,0.513562306431044,5489
1700752860000,2,0,295.0,0,295.0,2,0.5156868327402128,0.5158155936590122,3091
1700752920000,0,0,0,0,0,0,0.5143767070008656,0.5145025496974971,2314
1700752980000,0,0,0,0,0,0,0.5127402792140671,0.512859643226471,3868
1700753040000,1,1,89.0,10.0,99.0,2,0.5110432416267923,0.5111698564593281,5016
1700753100000,0,0,0,0,0,0,0.5112344867094365,0.5113496791933984,4364
1700753160000,0,1,0,30.0,30.0,1,0.5098296244784404,0.5099455261937896,4314
1700753220000,0,0,0,0,0,0,0.5109942554557154,0.5111125802310671,3116
1700753280000,0,0,0,0,0,0,0.510567819025517,0.5106909048723817,4310
1700753340000,1,0,1941.0,0,1941.0,1,0.5126380568519311,0.5127671404327518,4714
1700753400000,4,0,16919.0,0,16919.0,4,0.5162742447761132,0.5164033791044731,8375
1700753460000,0,1,0,974.0,974.0,1,0.5146783130199345,0.5147982395047412,5169
1700753520000,0,0,0,0,0,0,0.5174520539546235,0.5175912017167489,3262
1700753580000,0,0,0,0,0,0,0.5172246448245834,0.5173501594665156,3449
1700753640000,0,0,0,0,0,0,0.5171119628647269,0.5172267108753321,3770
1700753700000,0,1,0,1698.0,1698.0,1,0.5152269288671384,0.5153463869025245,5314
1700753760000,0,1,0,1066.0,1066.0,1,0.5128322778212328,0.5129645556424537,7674
1700753820000,1,0,360.0,0,360.0,1,0.5084783553766581,0.5086100402530263,8695
1700753880000,0,5,0,2126.0,2126.0,5,0.5064073157553622,0.5065495677544998,9254
1700753940000,0,2,0,3017.0,3017.0,2,0.5052533780760726,0.5053956599552537,8940
1700754000000,0,0,0,0,0,0,0.5064539111635249,0.5065772405660433,5088
1700754060000,0,0,0,0,0,0,0.5060107627666508,0.5061320620555997,6188
1700754120000,2,0,13125.0,0,13125.0,2,0.5083872380504023,0.5085256298563727,8494
1700754180000,2,0,1503.0,0,1503.0,2,0.5099680384087736,0.5100822359396376,4374
1700754240000,0,0,0,0,0,0,0.508734201012294,0.5088433839479497,4149
1700754300000,0,1,0,85.0,85.0,1,0.5047594930417502,0.5048872390656165,8048
1700754360000,0,3,0,6914.0,6914.0,3,0.5039070059254048,0.5040314220982881,5738
1700754420000,0,0,0,0,0,0,0.5047483870967723,0.5048758887425903,6076
1700754480000,0,0,0,0,0,0,0.5041082405821898,0.5042240154109552,4672
1700754540000,0,0,0,0,0,0,0.5035453549518055,0.503663496932526,2282
1700754600000,0,7,0,8836.0,8836.0,7,0.49852796556792617,0.49866468612220083,14289
1700754660000,0,0,0,0,0,0,0.4980225272331119,0.4981447167755888,9180
1700754720000,0,6,0,12018.0,12018.0,6,0.49377069364865894,0.4939254175301622,8203
1700754780000,0,0,0,0,0,0,0.4928941207768004,0.4930345304602301,3759
1700754840000,2,4,10564.0,13435.0,23999.0,6,0.4918346982758592,0.4919730387930998,4640
1700754900000,0,0,0,0,0,0,0.4948185545517729,0.4949372480889456,2878
1700754960000,0,0,0,0,0,0,0.4938143476810074,0.49394454454454245,5994
1700755020000,1,0,816.0,0,816.0,1,0.49641698729582623,0.4965471687840268,5510
1700755080000,0,0,0,0,0,0,0.49603686049412055,0.49615799850261927,4007
1700755140000,0,0,0,0,0,0,0.4965035583941516,0.49662442214111413,3288
1700755200000,1,0,37.0,0,37.0,1,0.4978322606120413,0.49794744323790546,5065
1700755260000,6,0,7867.0,0,7867.0,6,0.5002434972806882,0.5003794277607019,8458
1700755320000,0,0,0,0,0,0,0.5008797994838274,0.5010090430811974,10074
1700755380000,1,0,6765.0,0,6765.0,1,0.5042122996156503,0.5043485422330646,10667
1700755440000,1,0,82.0,0,82.0,1,0.5057187195863773,0.5058445559610825,6576
1700755500000,0,0,0,0,0,0,0.5054465359694329,0.505568499750796,6019
1700755560000,5,0,16316.0,0,16316.0,5,0.5093627111340973,0.5094955274043489,11604
1700755620000,0,1,0,5163.0,5163.0,1,0.5090204782274943,0.5091458813206149,9117
1700755680000,0,2,0,7579.0,7579.0,2,0.5070537788077963,0.5071732586584443,7767
1700755740000,1,0,300.0,0,300.0,1,0.5074382686471826,0.5075563328541938,6261
1700756100000,0,0,0,0,0,0,0.5075,0.5076,1
1700756160000,0,0,0,0,0,0,0.5070581920903943,0.5071819209039533,1062
1700756220000,0,0,0,0,0,0,0.508081177914112,0.5081931779141171,4075
1700756280000,0,0,0,0,0,0,0.5071438927943714,0.5072578866432353,4552
1700756340000,0,2,0,3146.0,3146.0,2,0.50587977231481,0.5059959412638277,6061
1700756400000,0,0,0,0,0,0,0.5057985860343748,0.5059205133783052,4597
1700756460000,0,3,0,2194.0,2194.0,3,0.5040732101616677,0.5041951336192683,6062
1700756520000,0,1,0,149.0,149.0,1,0.5029424932975881,0.5030645777479863,5968
1700756580000,3,0,3186.0,0,3186.0,3,0.5064000524842507,0.5065165675297448,5716
1700756640000,0,0,0,0,0,0,0.5075415463665418,0.5076548079275817,4087
1700756700000,0,0,0,0,0,0,0.5070460804362759,0.5071540899795662,2934
1700756760000,0,0,0,0,0,0,0.5058074981065455,0.5059214087351753,3961
1700756820000,0,4,0,6644.0,6644.0,4,0.5039458222559864,0.5040615267755539,5266
1700756880000,0,0,0,0,0,0,0.5023151144310238,0.5024311029879196,6292
1700756940000,0,0,0,0,0,0,0.5035520402298882,0.5036659770114994,3480
1700757000000,0,0,0,0,0,0,0.5028385095206918,0.5029470124753868,3046
1700757060000,0,0,0,0,0,0,0.5025480148342134,0.5026631544502621,4584
1700757120000,0,6,0,2916.0,2916.0,6,0.49718689782707803,0.49733550624132117,10815
1700757180000,0,1,0,2294.0,2294.0,1,0.4950108785621388,0.4951366087264969,8457
1700757240000,0,0,0,0,0,0,0.49661923916431827,0.4967390084190759,6414
1700757300000,0,0,0,0,0,0,0.49907892068090354,0.4992018833755772,5522
1700757360000,1,0,2018.0,0,2018.0,1,0.49989759334232753,0.5000160368870865,4446
1700757420000,0,0,0,0,0,0,0.49986628643851744,0.49997519011405545,3156
1700757480000,0,0,0,0,0,0,0.4993895633397263,0.4994984165067161,4168
1700757540000,0,0,0,0,0,0,0.49813380315336864,0.49824923554706346,4186
1700757600000,2,0,11919.0,0,11919.0,2,0.5001338461538402,0.5002555164835145,4550
1700757660000,3,0,3293.0,0,3293.0,3,0.5043725578769082,0.5045037718802896,8855
1700757720000,0,1,0,1761.0,1761.0,1,0.5026296330845902,0.502751803482595,6432
1700757780000,0,1,0,304.0,304.0,1,0.5017037637521822,0.5018153734800289,3454
