1700725020000,0,0,0,0,0,0,0.522,0.523,1
1700725080000,0,0,0,0,0,0,0.5219999999999992,0.5230000000000008,114
1700725140000,0,0,0,0,0,0,0.52150731707317,0.5225089430894265,615
1700725200000,0,0,0,0,0,0,0.5209999999999962,0.5219999999999985,493
1700725260000,0,0,0,0,0,0,0.5209999999999961,0.5219999999999986,379
1700725320000,0,0,0,0,0,0,0.5209999999999962,0.5219999999999986,366
1700725380000,0,0,0,0,0,0,0.5209999999999964,0.5219999999999986,343
1700725440000,0,0,0,0,0,0,0.5209999999999964,0.5219999999999986,340
1700725500000,0,0,0,0,0,0,0.5209999999999961,0.5219999999999986,416
1700725560000,0,0,0,0,0,0,0.5209999999999964,0.5219999999999986,340
1700725620000,0,0,0,0,0,0,0.5214668192219636,0.5224668192219679,437
1700725680000,0,0,0,0,0,0,0.5219999999999986,0.522999999999999,335
1700725740000,0,0,0,0,0,0,0.5216353135313527,0.5226369636963655,606
1700725800000,0,0,0,0,0,0,0.5209999999999986,0.5220000000000004,282
1700725860000,0,0,0,0,0,0,0.5209999999999964,0.5219999999999986,345
1700725920000,0,0,0,0,0,0,0.5217457212713925,0.5227457212713911,409
1700725980000,0,0,0,0,0,0,0.5215938566552847,0.5225955631399347,586
1700726040000,0,0,0,0,0,0,0.5213050660793002,0.5223094713656341,908
1700726100000,0,0,0,0,0,0,0.521298342541432,0.5222983425414434,724
1700726160000,0,0,0,0,0,0,0.5219999999999985,0.5229999999999995,499
1700726220000,0,0,0,0,0,0,0.5219999999999978,0.5230000000000019,552
1700726280000,0,0,0,0,0,0,0.5219999999999986,0.522999999999999,416
1700726340000,0,0,0,0,0,0,0.5219999999999986,0.522999999999999,330
1700726400000,0,0,0,0,0,0,0.5219999999999986,0.522999999999999,328
1700726460000,0,0,0,0,0,0,0.5224540942928031,0.523454094292804,403
1700726520000,0,0,0,0,0,0,0.522999999999999,0.5240000000000006,456
1700726580000,0,0,0,0,0,0,0.5229584415584393,0.5239584415584417,385
1700726640000,0,0,0,0,0,0,0.5223670033670046,0.5233686868686852,594
1700726700000,0,0,0,0,0,0,0.5222488479262647,0.5232488479262648,434
1700726760000,0,0,0,0,0,0,0.5221209503239714,0.523123110151187,463
1700726820000,0,0,0,0,0,0,0.5219999999999986,0.522999999999999,364
1700726880000,0,0,0,0,0,0,0.5220000000000015,0.5229999999999994,171
1700726940000,0,0,0,0,0,0,0.5220000000000018,0.5229999999999994,224
1700727000000,0,0,0,0,0,0,0.5220000000000005,0.5229999999999997,154
1700727060000,0,0,0,0,0,0,0.5220000000000018,0.5229999999999994,206
1700727120000,0,0,0,0,0,0,0.5223326653306605,0.5233326653306611,499
1700727180000,0,0,0,0,0,0,0.522999999999999,0.5240000000000006,303
1700727240000,0,0,0,0,0,0,0.5229999999999994,0.5240000000000006,220
1700727300000,0,0,0,0,0,0,0.5225739299610893,0.5235797665369647,514
1700727360000,0,0,0,0,0,0,0.5224856596558264,0.5234856596558322,523
1700727420000,0,0,0,0,0,0,0.5227506112469406,0.5237530562347193,409
1700727480000,0,0,0,0,0,0,0.5223390804597701,0.5233419540229864,348
1700727540000,0,0,0,0,0,0,0.5227360774818368,0.5237360774818413,413
1700727600000,0,0,0,0,0,0,0.5225653021442451,0.5235672514619883,513
1700727660000,0,0,0,0,0,0,0.522790804597699,0.5237931034482768,435
1700727720000,0,0,0,0,0,0,0.522999999999999,0.5240000000000006,383
1700727780000,0,0,0,0,0,0,0.5222879310344808,0.5232896551724161,580
1700727840000,0,0,0,0,0,0,0.5219999999999987,0.522999999999999,320
1700727900000,0,0,0,0,0,0,0.5222370203160233,0.5232483069977414,443
1700727960000,0,0,0,0,0,0,0.522000000000001,0.5229999999999994,167
1700728020000,0,0,0,0,0,0,0.5220000000000018,0.5229999999999994,246
1700728080000,0,0,0,0,0,0,0.5220000000000018,0.5229999999999994,222
1700728140000,0,0,0,0,0,0,0.521794520547943,0.5228027397260254,365
1700728200000,0,0,0,0,0,0,0.5220000000000008,0.5229999999999991,270
1700728260000,0,0,0,0,0,0,0.5220000000000018,0.5229999999999994,225
1700728320000,0,0,0,0,0,0,0.5220000000000018,0.5229999999999994,210
1700728380000,0,0,0,0,0,0,0.5218857142857116,0.522888095238093,420
1700728440000,0,0,0,0,0,0,0.5221524590163908,0.5231557377049215,610
1700728500000,0,0,0,0,0,0,0.5225176151761497,0.5235230352303594,738
1700728560000,0,0,0,0,0,0,0.5223096885813094,0.5233114186851241,578
1700728620000,0,0,0,0,0,0,0.5227873015872998,0.523790476190477,315
1700728680000,0,0,0,0,0,0,0.5229999999999992,0.5240000000000006,252
1700728740000,0,0,0,0,0,0,0.5229999999999994,0.5240000000000006,235
1700728800000,0,0,0,0,0,0,0.522999999999999,0.5240000000000006,324
1700728860000,0,0,0,0,0,0,0.522999999999999,0.5240000000000006,321
1700728920000,0,0,0,0,0,0,0.522999999999999,0.5240000000000006,355
1700728980000,0,0,0,0,0,0,0.5229999999999994,0.5240000000000006,240
1700729040000,0,0,0,0,0,0,0.5232520833333332,0.5242791666666687,480
1700729100000,0,0,0,0,0,0,0.5240000000000006,0.5250000000000027,322
1700729160000,0,0,0,0,0,0,0.5240000000000006,0.5250000000000026,293
1700729220000,0,0,0,0,0,0,0.5236706586826355,0.5246730538922092,835
1700729280000,0,0,0,0,0,0,0.5240000000000006,0.5250000000000027,389
1700729340000,0,0,0,0,0,0,0.5240000000000006,0.5250000000000002,538
1700729400000,0,0,0,0,0,0,0.5236393989983343,0.5246410684474143,599
1700729460000,0,0,0,0,0,0,0.5235841708542751,0.5245854271356747,796
1700729520000,0,0,0,0,0,0,0.5240000000000006,0.5250000000000019,232
1700729580000,0,0,0,0,0,0,0.5240000000000006,0.5250000000000018,192
1700729640000,0,0,0,0,0,0,0.5240000000000006,0.5250000000000019,198
1700729700000,0,0,0,0,0,0,0.5240000000000006,0.5250000000000019,199
1700729760000,0,0,0,0,0,0,0.5245500618046894,0.5255500618047039,809
1700729820000,0,0,0,0,0,0,0.5250000000000019,0.5259999999999995,208
1700729880000,0,0,0,0,0,0,0.5250000000000027,0.5260000000000024,322
1700729940000,0,0,0,0,0,0,0.5250000000000008,0.5259999999999999,153
1700730000000,0,0,0,0,0,0,0.5250000000000027,0.5260000000000032,437
1700730060000,0,0,0,0,0,0,0.5254771653543368,0.5264787401574773,635
1700730120000,0,0,0,0,0,0,0.5256415662650618,0.526644578313256,332
1700730180000,0,0,0,0,0,0,0.5250000000000027,0.526000000000003,331
1700730240000,0,0,0,0,0,0,0.5245418060200691,0.5255451505016714,598
1700730300000,0,0,0,0,0,0,0.5240000000000006,0.5250000000000019,216
1700730360000,0,0,0,0,0,0,0.5240000000000006,0.5250000000000027,317
1700730420000,0,0,0,0,0,0,0.5240000000000006,0.5250000000000027,305
1700730480000,0,0,0,0,0,0,0.5240000000000006,0.5250000000000019,248
1700730540000,0,0,0,0,0,0,0.5240000000000006,0.525000000000002,255
1700730600000,0,0,0,0,0,0,0.5238110403397025,0.5248131634819566,471
1700730660000,0,0,0,0,0,0,0.5233532684283727,0.5243546592489521,719
1700730720000,0,0,0,0,0,0,0.5240000000000006,0.5250000000000019,215
1700730780000,0,0,0,0,0,0,0.5234496753246756,0.524449675324673,616
1700730840000,0,0,0,0,0,0,0.5240000000000006,0.5250000000000027,318
1700730900000,0,0,0,0,0,0,0.5243425414364662,0.5253425414364691,362
1700730960000,0,0,0,0,0,0,0.5250000000000027,0.5260000000000032,469
1700731020000,0,0,0,0,0,0,0.5249999999999936,0.526000000000005,799
1700731080000,0,0,0,0,0,0,0.5243715046604541,0.5253715046604467,751
1700731140000,0,0,0,0,0,0,0.5246084142394857,0.525608414239482,309
1700731200000,0,0,0,0,0,0,0.524642222222226,0.5256444444444496,450
1700731260000,0,0,0,0,0,0,0.524649732620323,0.5256497326203259,374
1700731320000,0,0,0,0,0,0,0.5246023329798452,0.5256055143160164,943
1700731380000,0,0,0,0,0,0,0.5250000000000012,0.5259999999999995,168
1700731440000,0,0,0,0,0,0,0.524592875318067,0.525592875318068,393
1700731500000,0,0,0,0,0,0,0.5246746268656755,0.5256746268656723,335
1700731560000,0,0,0,0,0,0,0.524271966527198,0.5252740585774098,478
1700731620000,0,0,0,0,0,0,0.5240000000000006,0.5250000000000027,457
1700731680000,0,0,0,0,0,0,0.5240000000000006,0.5250000000000024,272
1700731740000,0,0,0,0,0,0,0.5242827067669177,0.5252827067669157,665
1700731800000,0,0,0,0,0,0,0.5240000000000006,0.5250000000000027,361
1700731860000,0,0,0,0,0,0,0.5246542553191524,0.52565780141844,564
1700731920000,0,0,0,0,0,0,0.5249207920792115,0.5259282178217847,404
1700731980000,0,0,0,0,0,0,0.5250000000000017,0.5259999999999995,182
1700732040000,0,0,0,0,0,0,0.5245749486653,0.5255790554414818,487
1700732100000,0,0,0,0,0,0,0.5249999999999999,0.5260000000000006,132
1700732160000,0,0,0,0,0,0,0.5250000000000015,0.5259999999999995,170
1700732220000,0,0,0,0,0,0,0.5254222222222281,0.5264253968253955,630
1700732280000,0,0,0,0,0,0,0.5253390313390354,0.5263390313390337,351
1700732340000,0,0,0,0,0,0,0.5258441176470608,0.5268499999999965,340
1700732400000,0,0,0,0,0,0,0.5252660753880283,0.5262705099778306,451
1700732460000,0,0,0,0,0,0,0.5257377777777819,0.5267377777777722,450
1700732520000,0,0,0,0,0,0,0.5259999999999995,0.5270000000000005,210
1700732580000,0,0,0,0,0,0,0.5257977099236631,0.5268015267175571,262
1700732640000,0,0,0,0,0,0,0.525930795847755,0.5269325259515546,578
1700732700000,0,0,0,0,0,0,0.5261696869851762,0.5271729818780824,607
1700732760000,0,0,0,0,0,0,0.5260000000000032,0.5269999999999964,458
1700732820000,0,0,0,0,0,0,0.5259999999999995,0.5270000000000005,204
1700732880000,0,0,0,0,0,0,0.5253109243697509,0.5263109243697498,357
1700732940000,0,0,0,0,0,0,0.5252738386308012,0.526276283618582,818
1700733000000,0,0,0,0,0,0,0.5254745762711878,0.5264757869249379,826
1700733060000,0,0,0,0,0,0,0.5259999999999995,0.5270000000000005,203
1700733120000,0,0,0,0,0,0,0.5257512562814123,0.526753768844215,398
1700733180000,0,0,0,0,0,0,0.5259999999999995,0.5270000000000005,200
1700733240000,0,0,0,0,0,0,0.5259999999999995,0.5270000000000005,176
1700733300000,0,0,0,0,0,0,0.5260000000000032,0.5269999999999964,394
1700733360000,0,0,0,0,0,0,0.5266209912536414,0.5276209912536439,343
1700733420000,0,0,0,0,0,0,0.5269999999999964,0.5279999999999988,441
1700733480000,0,0,0,0,0,0,0.5269999999999964,0.5279999999999988,367
1700733540000,0,0,0,0,0,0,0.5269999999999977,0.5279999999999996,311
1700733600000,0,0,0,0,0,0,0.5269999999999964,0.5279999999999988,405
1700733660000,0,0,0,0,0,0,0.5269999999999964,0.5279999999999988,443
1700733720000,0,0,0,0,0,0,0.5263024118738461,0.527302411873834,539
1700733780000,0,0,0,0,0,0,0.5259999999999997,0.5270000000000005,161
1700733840000,0,0,0,0,0,0,0.5259999999999995,0.5270000000000005,241
1700733900000,0,0,0,0,0,0,0.5259999999999995,0.5270000000000005,172
1700733960000,0,0,0,0,0,0,0.5255861344537842,0.5265861344537854,476
1700734020000,0,0,0,0,0,0,0.5250000000000017,0.5259999999999995,182
1700734080000,0,0,0,0,0,0,0.525276139410192,0.5262761394101846,373
1700734140000,0,0,0,0,0,0,0.5254810426540314,0.5264810426540327,422
1700734200000,0,0,0,0,0,0,0.5250000000000008,0.5259999999999998,154
1700734260000,0,0,0,0,0,0,0.5250000000000019,0.5259999999999995,198
1700734320000,0,0,0,0,0,0,0.5250000000000006,0.526,149
1700734380000,0,0,0,0,0,0,0.5250000000000019,0.5259999999999995,230
1700734440000,0,0,0,0,0,0,0.5250000000000027,0.5260000000000032,390
1700734500000,0,0,0,0,0,0,0.5250000000000027,0.5260000000000032,386
1700734560000,0,0,0,0,0,0,0.5244973544973555,0.5255068783068704,945
1700734620000,0,0,0,0,0,0,0.5240000000000006,0.5250000000000027,427
1700734680000,0,0,0,0,0,0,0.5240000000000006,0.5250000000000027,432
1700734740000,0,0,0,0,0,0,0.5241955671447179,0.5252033898305063,767
1700734800000,0,0,0,0,0,0,0.5240000000000006,0.5250000000000027,362
1700734860000,0,0,0,0,0,0,0.5238556149732644,0.5248556149732583,748
1700734920000,0,0,0,0,0,0,0.5240000000000006,0.5249999999999939,735
1700734980000,0,0,0,0,0,0,0.5240000000000006,0.5250000000000027,433
1700735040000,0,0,0,0,0,0,0.5240000000000006,0.5250000000000027,409
1700735100000,0,0,0,0,0,0,0.5238623853211021,0.524863914373086,654
1700735160000,0,0,0,0,0,0,0.5233006535947812,0.5243028322440091,918
1700735220000,0,0,0,0,0,0,0.5239253731343287,0.5249253731343321,469
1700735280000,0,0,0,0,0,0,0.5240000000000006,0.5250000000000027,435
1700735340000,0,0,0,0,0,0,0.523714622641509,0.5247169811320778,424
1700735400000,0,0,0,0,0,0,0.5240000000000006,0.5250000000000027,355
1700735460000,0,0,0,0,0,0,0.5238350515463918,0.5248350515463943,485
1700735520000,0,0,0,0,0,0,0.5240000000000006,0.5250000000000027,359
1700735580000,0,0,0,0,0,0,0.5240000000000006,0.5250000000000027,350
1700735640000,0,0,0,0,0,0,0.5240000000000006,0.5250000000000027,351
1700735700000,0,0,0,0,0,0,0.5234793510324542,0.5244808259587037,678
1700735760000,0,0,0,0,0,0,0.5234070512820561,0.5244086538461559,624
1700735820000,0,0,0,0,0,0,0.522757540603249,0.5237610208816773,862
1700735880000,0,0,0,0,0,0,0.522999999999999,0.5240000000000006,419
1700735940000,0,0,0,0,0,0,0.522999999999999,0.5240000000000006,361
1700736000000,0,0,0,0,0,0,0.522999999999999,0.5240000000000006,380
1700736060000,0,0,0,0,0,0,0.522999999999999,0.5240000000000006,424
1700736120000,0,0,0,0,0,0,0.522999999999999,0.5240000000000006,325
1700736180000,0,0,0,0,0,0,0.522999999999999,0.5240000000000006,391
1700736240000,0,0,0,0,0,0,0.5221858237547862,0.5231877394636008,522
1700736300000,0,0,0,0,0,0,0.522907042253519,0.523907042253522,355
1700736360000,0,0,0,0,0,0,0.5226672504378311,0.5236672504378286,571
1700736420000,0,0,0,0,0,0,0.523000000000001,0.5240000000000006,531
1700736480000,0,0,0,0,0,0,0.5228827708703381,0.5238827708703375,563
1700736540000,0,0,0,0,0,0,0.5225798561151141,0.5235841726618695,695
1700736600000,0,0,0,0,0,0,0.5224914196567909,0.5234929797191876,641
1700736660000,0,0,0,0,0,0,0.5224928400954664,0.5235000000000061,838
1700736720000,0,0,0,0,0,0,0.5219999999999986,0.522999999999999,486
1700736780000,0,0,0,0,0,0,0.521454088050313,0.5224540880503136,795
1700736840000,0,0,0,0,0,0,0.521999999999998,0.5230000000000008,526
1700736900000,0,0,0,0,0,0,0.5219999999999986,0.522999999999999,402
1700736960000,0,0,0,0,0,0,0.5224837662337655,0.52348376623377,616
1700737020000,0,0,0,0,0,0,0.5219999999999986,0.522999999999999,413
1700737080000,0,0,0,0,0,0,0.5219999999999986,0.522999999999999,445
1700737140000,0,0,0,0,0,0,0.5219999999999986,0.522999999999999,370
1700737200000,0,0,0,0,0,0,0.5219999999999986,0.522999999999999,427
1700737260000,0,0,0,0,0,0,0.5214513089005204,0.522452356020945,955
1700737320000,0,0,0,0,0,0,0.5213734392735571,0.5223779795686674,881
1700737380000,0,0,0,0,0,0,0.5209999999999962,0.5219999999999986,360
1700737440000,0,0,0,0,0,0,0.5209999999999968,0.5219999999999986,328
1700737500000,0,0,0,0,0,0,0.5209999999999961,0.5219999999999986,419
1700737560000,0,0,0,0,0,0,0.5203440197287251,0.5213440197287322,811
1700737620000,0,0,0,0,0,0,0.5200000000000028,0.5209999999999968,330
1700737680000,0,0,0,0,0,0,0.520000000000003,0.5209999999999961,373
1700737740000,0,0,0,0,0,0,0.5200819366852891,0.5210819366852845,537
1700737800000,0,0,0,0,0,0,0.520000000000003,0.5209999999999961,393
1700737860000,0,1,0,37.9,37.9,1,0.5197193308550221,0.5207193308550163,538
1700737920000,0,0,0,0,0,0,0.5194679802955702,0.5204696223316884,609
1700737980000,0,0,0,0,0,0,0.5190000000000025,0.5200000000000018,316
1700738040000,0,0,0,0,0,0,0.5184310099573182,0.519432432432437,703
1700738100000,0,0,0,0,0,0,0.5173455245428219,0.5183464870067327,1039
1700738160000,0,0,0,0,0,0,0.517999999999994,0.5190000000000026,640
1700738220000,0,0,0,0,0,0,0.5179999999999997,0.5190000000000026,505
1700738280000,0,0,0,0,0,0,0.5179999999999912,0.5190000000000027,1037
1700738340000,0,0,0,0,0,0,0.517896659707714,0.5188977035490614,958
1700738400000,0,0,0,0,0,0,0.5174845173041844,0.518487249544625,1098
1700738460000,0,0,0,0,0,0,0.5178089700996629,0.5188106312292416,602
1700738520000,0,0,0,0,0,0,0.5182870182555697,0.519290060851929,986
1700738580000,0,0,0,0,0,0,0.5166682180851047,0.5176795212766011,1504
1700738640000,0,0,0,0,0,0,0.5167565337001482,0.5177585969738695,1454
1700738700000,0,0,0,0,0,0,0.515980748663108,0.5169828877005316,935
1700738760000,0,0,0,0,0,0,0.5162812803103832,0.5172812803103717,1031
1700738820000,0,0,0,0,0,0,0.5175793313069986,0.5185811550152073,1645
1700738880000,0,0,0,0,0,0,0.5169999999999986,0.5179999999999938,645
1700738940000,0,0,0,0,0,0,0.5172145411203791,0.518216924910598,839
1700739000000,0,0,0,0,0,0,0.5173545150501702,0.5183578595317659,1196
1700739060000,0,0,0,0,0,0,0.5175246781115747,0.5185278969957112,932
1700739120000,0,0,0,0,0,0,0.518180740740734,0.519183703703709,675
1700739180000,0,0,0,0,0,0,0.5182366771159844,0.519244514106585,638
1700739240000,0,0,0,0,0,0,0.5188134328358252,0.5198164179104475,670
1700739300000,0,0,0,0,0,0,0.5190000000000025,0.5200000000000017,312
1700739360000,0,0,0,0,0,0,0.5184529058116247,0.5194529058116258,499
1700739420000,0,0,0,0,0,0,0.5187332864180182,0.5197452498240608,1421
1700739480000,0,0,0,0,0,0,0.5190000000000025,0.520000000000003,402
1700739540000,0,0,0,0,0,0,0.5190000000000025,0.5200000000000021,322
1700739600000,0,0,0,0,0,0,0.5190000000000023,0.5200000000000008,282
1700739660000,0,0,0,0,0,0,0.5190000000000025,0.520000000000003,471
1700739720000,0,0,0,0,0,0,0.5190000000000025,0.520000000000003,475
1700739780000,0,0,0,0,0,0,0.5187271364317859,0.5197286356821567,667
1700739840000,0,0,0,0,0,0,0.5187883720930258,0.519790697674422,430
1700739900000,0,0,0,0,0,0,0.5182852348993257,0.5192885906040291,596
1700739960000,0,0,0,0,0,0,0.5186111111111138,0.5196111111111145,486
1700740020000,0,0,0,0,0,0,0.5184666666666694,0.5194692307692322,390
1700740080000,0,0,0,0,0,0,0.5176130198914993,0.5186130198914999,553
1700740140000,0,0,0,0,0,0,0.5169115168539293,0.5179143258426877,712
1700740200000,0,0,0,0,0,0,0.5169999999999988,0.5180000000000003,286
1700740260000,0,0,0,0,0,0,0.5175259095920482,0.5185270121278969,907
1700740320000,0,0,0,0,0,0,0.5175963938973629,0.5185977808599097,721
1700740380000,0,0,0,0,0,0,0.5169999999999991,0.5180000000000003,196
1700740440000,0,0,0,0,0,0,0.5169999999999986,0.5179999999999956,601
1700740500000,0,0,0,0,0,0,0.516649999999995,0.5176499999999935,620
1700740560000,0,0,0,0,0,0,0.5169999999999986,0.5179999999999987,524
1700740620000,0,0,0,0,0,0,0.5174683257918549,0.5184683257918582,442
1700740680000,0,0,0,0,0,0,0.5175358565737047,0.5185378486055808,502
1700740740000,0,0,0,0,0,0,0.5176553398058239,0.5186553398058273,412
1700740800000,0,0,0,0,0,0,0.5180000000000003,0.5190000000000025,384
1700740860000,0,0,0,0,0,0,0.5180750436300141,0.5190785340314175,573
1700740920000,0,0,0,0,0,0,0.5178447867298471,0.5188471563981082,844
1700740980000,0,0,0,0,0,0,0.5176168505516453,0.5186188565697084,997
1700741040000,0,0,0,0,0,0,0.5179999999999929,0.5190000000000026,662
1700741100000,0,0,0,0,0,0,0.5180000000000003,0.5190000000000025,394
1700741160000,0,0,0,0,0,0,0.5180000000000003,0.5190000000000025,355
1700741220000,0,0,0,0,0,0,0.5181659663865557,0.5191659663865582,476
1700741280000,0,0,0,0,0,0,0.5190000000000026,0.5199999999999995,591
1700741340000,0,0,0,0,0,0,0.519279752704795,0.5202812982998455,647
1700741400000,0,0,0,0,0,0,0.5190000000000025,0.520000000000003,426
1700741460000,0,0,0,0,0,0,0.5190000000000025,0.520000000000003,441
1700741520000,0,0,0,0,0,0,0.51942911877395,0.5204291187739426,522
1700741580000,0,0,0,0,0,0,0.5200000000000018,0.5209999999999971,318
1700741640000,0,0,0,0,0,0,0.5200000000000004,0.5209999999999989,274
1700741700000,0,0,0,0,0,0,0.52,0.5209999999999995,265
1700741760000,0,0,0,0,0,0,0.5194875207986717,0.5204875207986679,601
1700741820000,0,0,0,0,0,0,0.5190000000000025,0.520000000000003,443
1700741880000,0,0,0,0,0,0,0.5192389791183353,0.5202401392111257,862
1700741940000,0,0,0,0,0,0,0.5195703363914417,0.5205733944954043,654
1700742000000,0,0,0,0,0,0,0.5198025477707018,0.5208057324840741,314
1700742060000,0,0,0,0,0,0,0.520000000000003,0.5209999999999961,461
1700742120000,0,0,0,0,0,0,0.5209301848049215,0.521934291581105,487
1700742180000,0,0,0,0,0,0,0.5209999999999981,0.5219999999999999,294
1700742240000,0,0,0,0,0,0,0.5205462633451964,0.5215462633451917,562
1700742300000,0,0,0,0,0,0,0.5199999999999996,0.521,254
1700742360000,0,0,0,0,0,0,0.5202060439560426,0.5212087912087919,728
1700742420000,0,0,0,0,0,0,0.5199999999999994,0.5210000000000004,247
1700742480000,0,0,0,0,0,0,0.5205572916666638,0.5215598958333308,768
1700742540000,0,0,0,0,0,0,0.5199999999999992,0.5210000000000005,235
1700742600000,0,0,0,0,0,0,0.5201698924731223,0.5211741935483815,465
1700742660000,0,0,0,0,0,0,0.5193615702479369,0.5203615702479387,484
1700742720000,0,0,0,0,0,0,0.5190000000000025,0.5200000000000028,333
1700742780000,0,0,0,0,0,0,0.5188095238095272,0.5198095238095265,546
1700742840000,0,0,0,0,0,0,0.5190000000000017,0.5199999999999992,195
1700742900000,0,0,0,0,0,0,0.5188380952380988,0.5198428571428572,630
1700742960000,0,0,0,0,0,0,0.5184346846846826,0.5194358108108076,888
1700743020000,0,0,0,0,0,0,0.5180961538461545,0.519096153846157,416
1700743080000,0,0,0,0,0,0,0.5179999999999958,0.5190000000000026,595
1700743140000,0,0,0,0,0,0,0.5185814332247585,0.5195814332247555,614
1700743200000,0,0,0,0,0,0,0.5190000000000025,0.520000000000003,418
1700743260000,0,0,0,0,0,0,0.5190000000000025,0.5200000000000025,327
1700743320000,0,0,0,0,0,0,0.5186767015706726,0.5196767015706836,764
1700743380000,0,0,0,0,0,0,0.5181935483870884,0.5191935483871011,744
1700743440000,0,0,0,0,0,0,0.5180000000000003,0.5190000000000025,329
1700743500000,0,0,0,0,0,0,0.5180000000000003,0.5190000000000017,252
1700743560000,0,0,0,0,0,0,0.5176612903225811,0.5186637096774162,1240
1700743620000,0,0,0,0,0,0,0.5176811337466741,0.5186829052258682,1129
1700743680000,0,0,0,0,0,0,0.5179251824817491,0.5189270072992748,548
1700743740000,0,0,0,0,0,0,0.5180000000000003,0.5190000000000023,285
1700743800000,0,0,0,0,0,0,0.5184581497797314,0.5194592511013197,908
1700743860000,0,0,0,0,0,0,0.5185167525773107,0.5195180412371181,776
1700743920000,0,0,0,0,0,0,0.5180000000000003,0.5190000000000025,324
1700743980000,0,0,0,0,0,0,0.5176490196078417,0.518650980392158,510
1700744040000,0,0,0,0,0,0,0.5169999999999988,0.5180000000000002,496
1700744100000,0,0,0,0,0,0,0.5169999999999991,0.5180000000000003,184
1700744160000,0,0,0,0,0,0,0.5169999999999988,0.5180000000000003,368
1700744220000,0,0,0,0,0,0,0.5169999999999991,0.5180000000000003,235
1700744280000,0,0,0,0,0,0,0.5169999999999988,0.5180000000000003,321
1700744340000,0,0,0,0,0,0,0.5169999999999988,0.5180000000000003,282
1700744400000,0,0,0,0,0,0,0.5169999999999988,0.5180000000000003,285
1700744460000,0,0,0,0,0,0,0.5169999999999988,0.5180000000000003,350
1700744520000,0,0,0,0,0,0,0.5174629629629525,0.5184641975308661,810
1700744580000,0,0,0,0,0,0,0.5180000000000003,0.5190000000000025,316
1700744640000,0,0,0,0,0,0,0.5175887445887426,0.5185887445887383,693
1700744700000,0,0,0,0,0,0,0.5171846965699146,0.518187335092343,758
1700744760000,0,0,0,0,0,0,0.5177226173541887,0.5187226173542008,703
1700744820000,0,0,0,0,0,0,0.5172515723270404,0.5182515723270446,477
1700744880000,0,0,0,0,0,0,0.517263013698627,0.5182630136986305,365
1700744940000,0,0,0,0,0,0,0.5177293814432898,0.518733247422681,776
1700745000000,0,0,0,0,0,0,0.5179999999999946,0.5190000000000026,628
1700745060000,0,0,0,0,0,0,0.518353606789252,0.5193536067892468,707
1700745120000,0,0,0,0,0,0,0.5190000000000026,0.5200000000000006,564
1700745180000,0,0,0,0,0,0,0.5190000000000026,0.5199999999999961,959
1700745240000,0,0,0,0,0,0,0.5190000000000025,0.520000000000003,467
1700745300000,0,0,0,0,0,0,0.5188835616438394,0.5198835616438403,438
1700745360000,0,0,0,0,0,0,0.5190000000000026,0.5200000000000022,511
1700745420000,0,0,0,0,0,0,0.5190000000000025,0.520000000000003,470
1700745480000,0,0,0,0,0,0,0.5190000000000026,0.5199999999999961,703
1700745540000,0,0,0,0,0,0,0.5190000000000025,0.520000000000003,349
1700745600000,0,0,0,0,0,0,0.5190000000000025,0.5200000000000026,328
1700745660000,0,0,0,0,0,0,0.519040485829963,0.5200418353576217,741
1700745720000,0,0,0,0,0,0,0.5191592827004243,0.5201635021096991,948
1700745780000,0,0,0,0,0,0,0.519403478260872,0.5204034782608694,575
1700745840000,0,0,0,0,0,0,0.5198875802997832,0.5208875802997859,934
1700745900000,0,0,0,0,0,0,0.5192572769953051,0.5202666666666639,1065
1700745960000,0,0,0,0,0,0,0.5190000000000017,0.5199999999999992,238
1700746020000,0,0,0,0,0,0,0.5190000000000017,0.5199999999999992,213
1700746080000,0,0,0,0,0,0,0.5190000000000025,0.520000000000003,394
1700746140000,0,0,0,0,0,0,0.5187582417582419,0.5197590266875916,1274
1700746200000,0,0,0,0,0,0,0.5190000000000025,0.520000000000003,378
1700746260000,0,0,0,0,0,0,0.5190000000000026,0.5200000000000004,569
1700746320000,0,0,0,0,0,0,0.5190000000000025,0.520000000000003,467
1700746380000,0,0,0,0,0,0,0.5190000000000026,0.5199999999999961,787
1700746440000,0,0,0,0,0,0,0.5191099221789912,0.5201147859922144,1028
1700746500000,0,0,0,0,0,0,0.5193376251788319,0.520339055793985,699
1700746560000,0,0,0,0,0,0,0.5190000000000025,0.5200000000000029,339
1700746620000,0,0,0,0,0,0,0.5190000000000025,0.520000000000003,423
1700746680000,0,0,0,0,0,0,0.5190000000000026,0.5199999999999992,607
1700746740000,0,0,0,0,0,0,0.5190000000000017,0.5199999999999992,239
1700746800000,0,0,0,0,0,0,0.5190000000000023,0.5200000000000008,282
1700746860000,0,0,0,0,0,0,0.5184953051643119,0.5194960876369338,1278
1700746920000,0,0,0,0,0,0,0.5185831408775878,0.519583140877602,866
1700746980000,0,0,0,0,0,0,0.5180000000000003,0.5190000000000025,382
1700747040000,0,0,0,0,0,0,0.5180000000000003,0.5190000000000023,296
1700747100000,0,0,0,0,0,0,0.5180000000000003,0.5190000000000017,246
1700747160000,0,0,0,0,0,0,0.5183910891089126,0.5193910891089111,606
1700747220000,0,0,0,0,0,0,0.5185993883791976,0.5196004077471981,981
1700747280000,0,0,0,0,0,0,0.5188460820895558,0.5198498134328268,1072
1700747340000,0,0,0,0,0,0,0.5176641541038557,0.5186658291457279,1194
1700747400000,0,0,0,0,0,0,0.5171014120667478,0.5181052631578882,779
1700747460000,0,0,0,0,0,0,0.5173442940038632,0.5183481624758202,1034
1700747520000,0,0,0,0,0,0,0.5169999999999986,0.517999999999995,618
1700747580000,0,0,0,0,0,0,0.5169999999999986,0.5179999999999951,615
1700747640000,0,0,0,0,0,0,0.5171902748414369,0.5181987315010587,473
1700747700000,0,0,0,0,0,0,0.5178743842364545,0.5188768472906438,406
1700747760000,0,0,0,0,0,0,0.5177195945945856,0.518729729729728,888
1700747820000,0,0,0,0,0,0,0.5177973856209089,0.5188055555555594,612
1700747880000,0,0,0,0,0,0,0.5180000000000003,0.5190000000000002,151
1700747940000,0,0,0,0,0,0,0.5180000000000003,0.5190000000000025,352
1700748000000,0,0,0,0,0,0,0.5180000000000003,0.5190000000000023,293
1700748060000,0,0,0,0,0,0,0.5176917613636267,0.5186946022727313,704
1700748120000,0,0,0,0,0,0,0.5180000000000003,0.5190000000000025,381
1700748180000,0,0,0,0,0,0,0.5187306930693092,0.5197306930693126,505
1700748240000,0,0,0,0,0,0,0.5190000000000025,0.520000000000003,399
1700748300000,0,0,0,0,0,0,0.5190000000000021,0.5200000000000004,273
1700748360000,0,0,0,0,0,0,0.5190000000000017,0.5199999999999992,225
1700748420000,0,0,0,0,0,0,0.5190000000000017,0.5199999999999992,209
1700748480000,0,0,0,0,0,0,0.5195411471321743,0.5205436408977496,401
1700748540000,0,0,0,0,0,0,0.5200000000000005,0.5209999999999988,277
1700748600000,0,0,0,0,0,0,0.5193083700440577,0.5203083700440568,454
1700748660000,0,0,0,0,0,0,0.5190000000000026,0.5199999999999994,600
1700748720000,0,0,0,0,0,0,0.5190000000000025,0.5200000000000018,316
1700748780000,0,0,0,0,0,0,0.5194175654853618,0.5204252696456109,649
1700748840000,0,0,0,0,0,0,0.5190000000000017,0.5199999999999992,231
1700748900000,0,0,0,0,0,0,0.5190000000000009,0.5199999999999995,162
1700748960000,0,0,0,0,0,0,0.5190000000000025,0.5200000000000021,324
1700749020000,0,0,0,0,0,0,0.519418092909541,0.520420537897304,409
1700749080000,0,0,0,0,0,0,0.520000000000003,0.5209999999999961,409
1700749140000,0,0,0,0,0,0,0.5199999999999992,0.5210000000000005,225
1700749200000,0,0,0,0,0,0,0.5194447852760766,0.5204447852760753,326
1700749260000,0,0,0,0,0,0,0.5186645021645041,0.5196666666666695,462
1700749320000,0,0,0,0,0,0,0.5175954285714213,0.5185988571428531,875
1700749380000,0,0,0,0,0,0,0.5177321428571312,0.5187334183673493,784
1700749440000,0,0,0,0,0,0,0.5180000000000003,0.5190000000000025,448
1700749500000,0,0,0,0,0,0,0.5180000000000003,0.5190000000000025,323
1700749560000,0,0,0,0,0,0,0.5180000000000003,0.5190000000000025,301
1700749620000,0,0,0,0,0,0,0.5180000000000003,0.5190000000000017,206
1700749680000,0,0,0,0,0,0,0.5180000000000003,0.5190000000000025,386
1700749740000,0,0,0,0,0,0,0.5180000000000003,0.519000000000002,264
1700749800000,0,0,0,0,0,0,0.5180000000000003,0.5190000000000017,232
1700749860000,0,0,0,0,0,0,0.5182422018348617,0.5192458715596365,545
1700749920000,0,0,0,0,0,0,0.5177189922480608,0.5187209302325606,516
1700749980000,0,0,0,0,0,0,0.5176947535771,0.5186963434022281,629
1700750040000,0,0,0,0,0,0,0.5180000000000003,0.5190000000000025,407
1700750100000,0,0,0,0,0,0,0.5185892351274819,0.5195920679886702,353
1700750160000,0,0,0,0,0,0,0.5190000000000025,0.520000000000003,412
1700750220000,0,0,0,0,0,0,0.5190000000000023,0.5200000000000012,297
1700750280000,0,0,0,0,0,0,0.5190000000000017,0.5199999999999992,234
1700750340000,0,0,0,0,0,0,0.5190000000000025,0.5200000000000021,324
1700750400000,0,0,0,0,0,0,0.5193251533742362,0.5203251533742382,489
1700750460000,0,0,0,0,0,0,0.5186866952789723,0.519690987124467,466
1700750520000,0,0,0,0,0,0,0.51837757437071,0.5193798627002317,437
1700750580000,0,0,0,0,0,0,0.5180000000000003,0.5190000000000025,340
1700750640000,0,0,0,0,0,0,0.5184647302904594,0.5194668049792569,482
1700750700000,0,0,0,0,0,0,0.5180000000000003,0.5190000000000023,279
1700750760000,0,0,0,0,0,0,0.517750346740628,0.5187531206657452,721
1700750820000,0,0,0,0,0,0,0.5180000000000003,0.5190000000000023,289
1700750880000,0,0,0,0,0,0,0.517236749116605,0.5182367491166052,566
1700750940000,0,0,0,0,0,0,0.517771428571429,0.518771428571431,315
1700751000000,0,0,0,0,0,0,0.5180000000000003,0.5190000000000017,223
1700751060000,0,0,0,0,0,0,0.5176815286624197,0.5186815286624198,157
1700751120000,0,0,0,0,0,0,0.5169999999999988,0.5180000000000003,284
1700751180000,0,0,0,0,0,0,0.5163739424703885,0.517375634517765,591
1700751240000,0,0,0,0,0,0,0.5162474849094523,0.5172494969818892,497
1700751300000,0,0,0,0,0,0,0.516700399467374,0.5177003994673668,751
1700751360000,0,0,0,0,0,0,0.5164131386861276,0.5174145985401357,685
1700751420000,0,0,0,0,0,0,0.5169999999999991,0.5180000000000003,240
1700751480000,0,0,0,0,0,0,0.5169999999999988,0.5180000000000003,281
1700751540000,0,0,0,0,0,0,0.5169999999999991,0.5180000000000003,245
1700751600000,0,0,0,0,0,0,0.5169999999999991,0.5180000000000003,224
1700751660000,0,0,0,0,0,0,0.5169057971014497,0.5179057971014501,138
1700751720000,0,0,0,0,0,0,0.5169999999999991,0.5180000000000003,204
1700751780000,0,0,0,0,0,0,0.5169999999999991,0.5180000000000003,236
1700751840000,0,0,0,0,0,0,0.5171102040816298,0.5181142857142862,490
1700751900000,0,0,0,0,0,0,0.5169999999999997,0.5180000000000003,151
1700751960000,0,0,0,0,0,0,0.5169999999999988,0.5180000000000003,348
1700752020000,0,0,0,0,0,0,0.5169999999999993,0.5180000000000003,155
1700752080000,0,0,0,0,0,0,0.5169999999999991,0.5180000000000003,206
1700752140000,0,0,0,0,0,0,0.5169999999999998,0.5180000000000003,145
1700752200000,0,0,0,0,0,0,0.5166093749999999,0.5176145833333327,384
1700752260000,0,0,0,0,0,0,0.5169999999999988,0.5180000000000003,431
1700752320000,0,0,0,0,0,0,0.5164427480916063,0.5174427480916015,655
1700752380000,0,0,0,0,0,0,0.5160000000000016,0.5169999999999991,223
1700752440000,0,0,0,0,0,0,0.5159999999999983,0.5169999999999988,335
1700752500000,0,0,0,0,0,0,0.51528953771289,0.5162895377128933,411
1700752560000,0,0,0,0,0,0,0.5158091168091159,0.5168091168091145,351
1700752620000,0,0,0,0,0,0,0.5159999999999983,0.5169999999999988,371
1700752680000,0,0,0,0,0,0,0.5159924812030072,0.5169924812030079,133
1700752740000,0,0,0,0,0,0,0.5150000000000002,0.5160000000000016,222
1700752800000,0,0,0,0,0,0,0.5146027164685923,0.515602716468585,589
1700752860000,0,0,0,0,0,0,0.5139931972789112,0.5149931972789118,147
1700752920000,0,0,0,0,0,0,0.5130000000000021,0.5140000000000002,286
1700752980000,0,0,0,0,0,0,0.5130000000000022,0.5140000000000011,314
1700753040000,0,0,0,0,0,0,0.5130000000000022,0.514000000000001,304
1700753100000,0,0,0,0,0,0,0.5130000000000016,0.513999999999999,227
1700753160000,0,0,0,0,0,0,0.5125714285714271,0.5135737327188894,868
1700753220000,0,0,0,0,0,0,0.5118716814159348,0.5128731563421853,678
1700753280000,0,0,0,0,0,0,0.5118918918918922,0.5128936936936941,555
1700753340000,0,0,0,0,0,0,0.5126835205992525,0.5136835205992558,534
1700753400000,0,0,0,0,0,0,0.5130000000000022,0.5140000000000027,440
1700753460000,0,0,0,0,0,0,0.5129965457685652,0.513996545768571,579
1700753520000,0,0,0,0,0,0,0.5118913043478268,0.5128913043478289,414
1700753580000,0,0,0,0,0,0,0.5128383128295255,0.5138383128295307,569
1700753640000,0,0,0,0,0,0,0.5138851674641189,0.5148883572567728,627
1700753700000,0,0,0,0,0,0,0.5149999999999959,0.5159999999999983,422
1700753760000,0,0,0,0,0,0,0.5153072916666648,0.5163090277777753,576
1700753820000,0,0,0,0,0,0,0.5157413997627556,0.5167437722419929,843
1700753880000,0,0,0,0,0,0,0.515867058823535,0.5168682352941146,850
1700753940000,0,0,0,0,0,0,0.5157095375722527,0.5167109826589601,692
1700754000000,0,0,0,0,0,0,0.5153369175627226,0.5163369175627252,279
1700754060000,0,0,0,0,0,0,0.5149999999999971,0.515999999999999,313
1700754120000,0,0,0,0,0,0,0.515656058751534,0.5166560587515278,817
1700754180000,0,0,0,0,0,0,0.5160000000000006,0.5169999999999988,273
1700754240000,0,0,0,0,0,0,0.5156466019417488,0.5166485436893208,1030
1700754300000,0,0,0,0,0,0,0.5152987012986956,0.5163005565862689,539
1700754360000,0,0,0,0,0,0,0.515582697201015,0.5165852417302766,393
1700754420000,0,0,0,0,0,0,0.5146811989100847,0.5156920980926402,367
1700754480000,0,0,0,0,0,0,0.5141297709923667,0.5151323155216242,393
1700754540000,0,0,0,0,0,0,0.5141216730038015,0.5151216730038023,263
1700754600000,0,0,0,0,0,0,0.5143295985060689,0.515331465919694,1071
1700754660000,0,0,0,0,0,0,0.514488974113136,0.5154899328859046,1043
1700754720000,0,0,0,0,0,0,0.5140532786885285,0.5150553278688467,488
1700754780000,0,0,0,0,0,0,0.5137282608695665,0.5147282608695641,184
1700754840000,0,0,0,0,0,0,0.5130000000000016,0.513999999999999,243
1700754900000,0,0,0,0,0,0,0.5130000000000016,0.513999999999999,174
1700754960000,0,0,0,0,0,0,0.5132230971128618,0.5142335958005241,762
1700755020000,0,0,0,0,0,0,0.5131720647773318,0.5141740890688304,494
1700755080000,0,0,0,0,0,0,0.5132000000000032,0.5142,545
1700755140000,0,0,0,0,0,0,0.5133731656184509,0.5143815513626884,477
1700755200000,0,0,0,0,0,0,0.5130000000000016,0.5139999999999991,164
1700755260000,0,0,0,0,0,0,0.5130000000000016,0.513999999999999,173
1700755320000,0,0,0,0,0,0,0.5127859116022049,0.5137859116022164,724
1700755380000,0,0,0,0,0,0,0.5130000000000009,0.5140000000000031,527
1700755440000,0,0,0,0,0,0,0.5138224299065455,0.5148247663551353,428
1700755500000,0,0,0,0,0,0,0.5144538878842684,0.5154556962025294,553
1700755560000,0,0,0,0,0,0,0.5149999999999945,0.516000000000005,699
1700755620000,0,0,0,0,0,0,0.5149999999999959,0.5159999999999983,384
1700755680000,0,0,0,0,0,0,0.5156102783725875,0.5166102783725884,467
1700755740000,0,0,0,0,0,0,0.5159999999999983,0.5169999999999988,387
1700756100000,0,0,0,0,0,0,0.517,0.518,1
1700756160000,0,0,0,0,0,0,0.5170000000000006,0.5180000000000003,116
1700756220000,0,0,0,0,0,0,0.5179116186693009,0.5189116186693207,1007
1700756280000,0,0,0,0,0,0,0.5170110619469007,0.5180132743362833,452
1700756340000,0,0,0,0,0,0,0.5169999999999986,0.5179999999999895,887
1700756400000,0,0,0,0,0,0,0.5169999999999986,0.5179999999999899,779
1700756460000,0,0,0,0,0,0,0.5178115044247742,0.51881592920354,1130
1700756520000,0,0,0,0,0,0,0.5179999999999895,0.5190000000000026,887
1700756580000,0,0,0,0,0,0,0.5184287234042562,0.5194287234042488,940
1700756640000,0,0,0,0,0,0,0.5190000000000026,0.5199999999999961,781
1700756700000,0,0,0,0,0,0,0.5190000000000027,0.5199999999999957,1015
1700756760000,0,0,0,0,0,0,0.5187343915343894,0.5197365079365054,945
1700756820000,0,0,0,0,0,0,0.5190000000000026,0.5199999999999961,757
1700756880000,0,0,0,0,0,0,0.5190000000000026,0.5199999999999961,849
1700756940000,0,0,0,0,0,0,0.5190000000000027,0.5199999999999954,1043
1700757000000,0,0,0,0,0,0,0.5190000000000026,0.5199999999999961,770
1700757060000,0,0,0,0,0,0,0.5190000000000026,0.5199999999999961,762
1700757120000,0,0,0,0,0,0,0.5190000000000026,0.5199999999999961,864
1700757180000,0,0,0,0,0,0,0.5181051752921503,0.5191051752921575,599
1700757240000,0,0,0,0,0,0,0.5181331389698649,0.5191331389698725,1029
1700757300000,0,0,0,0,0,0,0.5182241630276496,0.5192270742358132,687
1700757360000,0,0,0,0,0,0,0.5181353104726515,0.5191362372567189,1079
1700757420000,0,0,0,0,0,0,0.5180979381443306,0.5191005154639204,388
1700757480000,0,0,0,0,0,0,0.5179999999999895,0.5190000000000026,976
1700757540000,0,0,0,0,0,0,0.5179999999999902,0.5190000000000026,747
1700757600000,0,0,0,0,0,0,0.5180389755011026,0.5190389755011157,898
1700757660000,0,0,0,0,0,0,0.5179999999999916,0.5190000000000026,687
1700757720000,0,0,0,0,0,0,0.5177566539923897,0.5187566539923912,1052
1700757780000,0,0,0,0,0,0,0.5180615384615291,0.5190625000000012,1040
1700757840000,0,0,0,0,0,0,0.5179999999999895,0.5190000000000026,845
1700757900000,0,0,0,0,0,0,0.5179999999999895,0.5190000000000026,884
1700757960000,0,0,0,0,0,0,0.5170215716486877,0.5180215716486845,649
1700758020000,0,0,0,0,0,0,0.5169999999999986,0.5179999999999904,734
1700758080000,0,0,0,0,0,0,0.5179203730272555,0.5189218077474922,1394
1700758140000,0,0,0,0,0,0,0.5186655251141583,0.5196689497716859,876
1700758200000,0,0,0,0,0,0,0.5188552754435133,0.5198552754435078,1071
1700758260000,0,0,0,0,0,0,0.5189760717846513,0.519976071784639,1003
1700758320000,0,0,0,0,0,0,0.5183992490613187,0.5194005006257869,799
1700758380000,0,0,0,0,0,0,0.5186852907639641,0.5196887115165344,877
1700758440000,0,0,0,0,0,0,0.5180251836306277,0.5190283315844725,953
1700758500000,0,0,0,0,0,0,0.5187291897891266,0.5197347391786853,901
1700758560000,0,0,0,0,0,0,0.5190000000000026,0.5199999999999961,929
1700758620000,0,0,0,0,0,0,0.5186609271523136,0.51966225165563,755
1700758680000,0,0,0,0,0,0,0.5183793626707085,0.5193839150227675,659
1700758740000,0,0,0,0,0,0,0.5179999999999904,0.5190000000000026,743
1700758800000,0,0,0,0,0,0,0.5180000000000003,0.5190000000000017,228
1700758860000,0,0,0,0,0,0,0.5179999999999995,0.5190000000000026,510
1700758920000,0,0,0,0,0,0,0.518338262476893,0.5193401109057333,541
1700758980000,0,0,0,0,0,0,0.5188514851485173,0.5198514851485153,303
1700759040000,0,0,0,0,0,0,0.5190000000000018,0.5199999999999996,254
1700759100000,0,0,0,0,0,0,0.5190000000000017,0.5199999999999995,250
1700759160000,0,0,0,0,0,0,0.5199705263157943,0.5209705263157837,475
1700759220000,0,0,0,0,0,0,0.5199999999999996,0.521,254
1700759280000,0,0,0,0,0,0,0.5194651810584965,0.5204693593314796,718
1700759340000,0,0,0,0,0,0,0.5200000000000015,0.5209999999999978,305
1700759400000,0,0,0,0,0,0,0.520000000000002,0.520999999999997,320
1700759460000,0,0,0,0,0,0,0.520000000000003,0.5209999999999961,469
1700759520000,0,0,0,0,0,0,0.5200000000000028,0.5209999999999968,331
1700759580000,0,0,0,0,0,0,0.5200761670761692,0.521093366093361,407
1700759640000,0,0,0,0,0,0,0.5203070422535164,0.5213098591549271,355
1700759700000,0,0,0,0,0,0,0.5207532051281982,0.5217580128205146,624
1700759760000,0,0,0,0,0,0,0.5206132352941104,0.5216191176470585,680
1700759820000,0,0,0,0,0,0,0.5207642752562227,0.5217642752562166,683
1700759880000,0,0,0,0,0,0,0.5209999999999984,0.5220000000000002,289
1700759940000,0,0,0,0,0,0,0.5213123877917398,0.522312387791738,557
1700760000000,0,0,0,0,0,0,0.5214478311840594,0.5224536928487628,853
1700760060000,0,0,0,0,0,0,0.5212666666666619,0.5222688888888853,450
1700760120000,0,0,0,0,0,0,0.5210000000000005,0.5220000000000018,228
1700760180000,0,0,0,0,0,0,0.5210000000000005,0.5220000000000002,148
1700760240000,0,0,0,0,0,0,0.5209999999999961,0.5219999999999986,368
1700760300000,0,0,0,0,0,0,0.5209999999999995,0.522000000000001,264
1700760360000,0,0,0,0,0,0,0.5204506329113958,0.5214531645569579,395
1700760420000,0,0,0,0,0,0,0.5202871536523934,0.521289672544077,397
1700760480000,0,0,0,0,0,0,0.5200000000000005,0.5210000000000005,131
1700760540000,0,0,0,0,0,0,0.5199999999999992,0.5210000000000005,220
1700760600000,0,0,0,0,0,0,0.5200000000000025,0.5209999999999968,327
1700760660000,0,0,0,0,0,0,0.5200000000000004,0.5209999999999989,274
1700760720000,0,0,0,0,0,0,0.5199999999999992,0.5210000000000005,226
1700760780000,0,0,0,0,0,0,0.5200000000000015,0.5209999999999979,300
1700760840000,0,0,0,0,0,0,0.5199999999999992,0.5210000000000005,246
1700760900000,0,0,0,0,0,0,0.5200000000000008,0.5209999999999986,283
1700760960000,0,0,0,0,0,0,0.520000000000003,0.5209999999999961,469
1700761020000,0,0,0,0,0,0,0.5191331444759234,0.520135977337113,353
1700761080000,0,0,0,0,0,0,0.5190000000000017,0.5199999999999992,238
1700761140000,0,0,0,0,0,0,0.5190000000000009,0.5199999999999995,162
1700761200000,0,0,0,0,0,0,0.5190000000000018,0.5199999999999996,254
1700761260000,0,0,0,0,0,0,0.5190000000000025,0.5200000000000029,342
1700761320000,0,0,0,0,0,0,0.5190000000000025,0.5200000000000017,311
1700761380000,0,0,0,0,0,0,0.5185842696629203,0.5195842696629255,534
1700761440000,0,0,0,0,0,0,0.5180000000000003,0.5190000000000015,183
1700761500000,0,0,0,0,0,0,0.5185231316726008,0.519523131672597,281
1700761560000,0,0,0,0,0,0,0.5184412238325308,0.5194412238325273,621
1700761620000,0,0,0,0,0,0,0.5190000000000017,0.5199999999999992,214
1700761680000,0,0,0,0,0,0,0.5190000000000017,0.5199999999999992,202
1700761740000,0,0,0,0,0,0,0.5190000000000022,0.5200000000000006,278
1700761800000,0,0,0,0,0,0,0.5190000000000017,0.5199999999999992,232
1700761860000,0,0,0,0,0,0,0.5187842227378209,0.5197842227378222,431
1700761920000,0,0,0,0,0,0,0.5180000000000003,0.5190000000000017,234
1700761980000,0,0,0,0,0,0,0.5180000000000003,0.5190000000000017,242
1700762040000,0,0,0,0,0,0,0.5180000000000003,0.5190000000000025,308
1700762100000,0,0,0,0,0,0,0.5180000000000003,0.5190000000000025,343
1700762160000,0,0,0,0,0,0,0.5180000000000003,0.5190000000000025,392
1700762220000,0,0,0,0,0,0,0.5171623529411732,0.5181623529411766,425
1700762280000,0,0,0,0,0,0,0.5169999999999988,0.5180000000000003,380
1700762340000,0,0,0,0,0,0,0.5169999999999988,0.5180000000000003,287
1700762400000,0,0,0,0,0,0,0.5169999999999988,0.5180000000000003,290
1700762460000,0,0,0,0,0,0,0.5169999999999988,0.5180000000000003,370
1700762520000,0,0,0,0,0,0,0.5169999999999988,0.5180000000000003,293
1700762580000,0,0,0,0,0,0,0.5169999999999988,0.5180000000000003,338
1700762640000,0,0,0,0,0,0,0.516617230098149,0.5176172300981389,917
1700762700000,0,0,0,0,0,0,0.5167696629213451,0.5177696629213469,534
1700762760000,0,0,0,0,0,0,0.5177761852260118,0.5187816979051827,907
1700762820000,0,0,0,0,0,0,0.5187110438729227,0.5197170953101347,661
1700762880000,0,0,0,0,0,0,0.5194032258064553,0.5204057071960251,806
1700762940000,0,0,0,0,0,0,0.5190000000000023,0.5200000000000008,282
1700763000000,0,0,0,0,0,0,0.5190000000000025,0.520000000000003,427
1700763060000,0,0,0,0,0,0,0.5190000000000026,0.5200000000000021,516
1700763120000,0,0,0,0,0,0,0.519223809523814,0.5202253968253964,630
1700763180000,0,0,0,0,0,0,0.5190000000000025,0.520000000000003,382
1700763240000,0,0,0,0,0,0,0.518665384615386,0.5196673076923116,520
1700763300000,0,0,0,0,0,0,0.5188265306122494,0.5198326530612293,490
1700763360000,0,0,0,0,0,0,0.5190000000000025,0.520000000000003,409
1700763420000,0,0,0,0,0,0,0.5190000000000023,0.5200000000000009,286
1700763480000,0,0,0,0,0,0,0.5190000000000017,0.5199999999999992,216
1700763540000,0,0,0,0,0,0,0.5190000000000016,0.5199999999999992,188
1700763600000,0,0,0,0,0,0,0.5190000000000021,0.5200000000000002,269
1700763660000,0,0,0,0,0,0,0.5190000000000021,0.5200000000000005,275
1700763720000,0,0,0,0,0,0,0.5190000000000017,0.5199999999999992,218
1700763780000,0,0,0,0,0,0,0.5189999999999997,0.5200000000000004,136
1700763840000,0,0,0,0,0,0,0.5190000000000018,0.5199999999999997,257
1700763900000,0,0,0,0,0,0,0.5190000000000017,0.5199999999999992,203
1700763960000,0,0,0,0,0,0,0.5190000000000017,0.5199999999999992,200
1700764020000,0,0,0,0,0,0,0.5186698113207552,0.5196698113207592,530
1700764080000,0,0,0,0,0,0,0.5180000000000003,0.5190000000000025,425
1700764140000,0,0,0,0,0,0,0.5180000000000003,0.5190000000000016,184
1700764200000,0,0,0,0,0,0,0.5180000000000003,0.5190000000000017,248
1700764260000,0,0,0,0,0,0,0.5180000000000003,0.519000000000002,265
1700764320000,0,0,0,0,0,0,0.5180000000000003,0.5190000000000017,197
1700764380000,0,0,0,0,0,0,0.5187808764940268,0.5197848605577738,502
1700764440000,0,0,0,0,0,0,0.5190000000000026,0.5199999999999961,940
1700764500000,0,0,0,0,0,0,0.5190000000000026,0.5200000000000017,527
1700764560000,0,0,0,0,0,0,0.5190000000000025,0.520000000000003,396
1700764620000,0,0,0,0,0,0,0.5190000000000025,0.5200000000000018,317
1700764680000,0,0,0,0,0,0,0.5188899297423881,0.5198899297423856,854
1700764740000,0,0,0,0,0,0,0.5188236607142903,0.5198236607142894,448
1700764800000,0,0,0,0,0,0,0.5187357819905184,0.5197369668246448,844
1700764860000,0,0,0,0,0,0,0.5188919491525462,0.5198919491525459,472
1700764920000,0,0,0,0,0,0,0.518703001579775,0.5197045813586132,633
1700764980000,0,0,0,0,0,0,0.5180000000000003,0.5190000000000021,272
1700765040000,0,0,0,0,0,0,0.5180000000000003,0.5190000000000025,302
1700765100000,0,0,0,0,0,0,0.5180000000000003,0.5190000000000023,283
1700765160000,0,0,0,0,0,0,0.5180000000000003,0.5190000000000017,193
1700765220000,0,0,0,0,0,0,0.5183945578231312,0.5193945578231344,441
1700765280000,0,0,0,0,0,0,0.5185099778270522,0.5195099778270561,451
1700765340000,0,0,0,0,0,0,0.5190000000000025,0.520000000000003,443
1700765400000,0,0,0,0,0,0,0.5190000000000025,0.5200000000000012,298
1700765460000,0,0,0,0,0,0,0.5190000000000025,0.5200000000000022,325
1700765520000,0,0,0,0,0,0,0.5190000000000025,0.520000000000003,368
1700765580000,0,0,0,0,0,0,0.519000000000002,0.52,265
1700765640000,0,0,0,0,0,0,0.5190000000000021,0.5200000000000005,276
1700765700000,0,0,0,0,0,0,0.5190000000000023,0.5200000000000011,292
1700765760000,0,0,0,0,0,0,0.5190000000000025,0.5200000000000028,330
1700765820000,0,0,0,0,0,0,0.5183941068139944,0.5193941068139991,543
1700765880000,0,0,0,0,0,0,0.5183227176220828,0.5193248407643335,471
1700765940000,0,0,0,0,0,0,0.5186393442622979,0.5196454918032853,488
1700766000000,0,0,0,0,0,0,0.5190000000000026,0.5200000000000012,537
1700766060000,0,0,0,0,0,0,0.5190000000000026,0.520000000000002,518
1700766120000,0,0,0,0,0,0,0.5190000000000025,0.520000000000003,442
1700766180000,0,0,0,0,0,0,0.5188779552715705,0.5198785942491914,1565
1700766240000,0,0,0,0,0,0,0.5179999999999905,0.5190000000000026,726
1700766300000,0,0,0,0,0,0,0.517459340659338,0.518460439560427,910
1700766360000,0,0,0,0,0,0,0.517000000000003,0.5179999999999928,1080
1700766420000,0,1,0,38.7,38.7,1,0.5167221777421851,0.5177237790232198,1249
1700766480000,0,0,0,0,0,0,0.5160000000000016,0.5169999999999991,213
1700766540000,0,0,0,0,0,0,0.5156912225705275,0.516692789968655,638
1700766600000,0,0,0,0,0,0,0.5154353448275819,0.5164353448275855,464
1700766660000,0,0,0,0,0,0,0.5159999999999983,0.5169999999999988,376
1700766720000,0,0,0,0,0,0,0.5159999999999983,0.5169999999999988,412
1700766780000,0,0,0,0,0,0,0.516409381663111,0.5174093816631129,469
1700766840000,0,0,0,0,0,0,0.5169999999999988,0.5180000000000003,329
1700766900000,0,0,0,0,0,0,0.516999999999999,0.5180000000000003,259
1700766960000,0,0,0,0,0,0,0.517276972624792,0.5182785829307591,621
1700767020000,0,0,0,0,0,0,0.5180000000000003,0.5190000000000025,336
1700767080000,0,0,0,0,0,0,0.5183210059171619,0.5193224852070979,676
1700767140000,0,0,0,0,0,0,0.518861111111115,0.5198661616161647,396
1700767200000,0,0,0,0,0,0,0.5182881355932207,0.519288135593225,413
1700767260000,0,0,0,0,0,0,0.5180000000000003,0.5190000000000025,318
1700767320000,0,0,0,0,0,0,0.5180000000000003,0.5190000000000025,313
1700767380000,0,0,0,0,0,0,0.5180000000000003,0.5190000000000025,309
1700767440000,0,0,0,0,0,0,0.5180000000000003,0.5190000000000019,260
1700767500000,0,0,0,0,0,0,0.5180000000000003,0.5190000000000017,247
1700767560000,0,0,0,0,0,0,0.5180000000000003,0.5190000000000025,352
1700767620000,0,0,0,0,0,0,0.5179238095238101,0.5189285714285747,420
1700767680000,0,0,0,0,0,0,0.5180000000000003,0.519000000000002,263
1700767740000,0,0,0,0,0,0,0.5180000000000003,0.5190000000000017,224
1700767800000,0,0,0,0,0,0,0.5180000000000003,0.519000000000002,265
1700767860000,0,0,0,0,0,0,0.5180000000000003,0.5190000000000017,235
1700767920000,0,0,0,0,0,0,0.5180000000000003,0.5190000000000022,278
1700767980000,0,0,0,0,0,0,0.5180000000000003,0.5190000000000021,272
1700768040000,0,0,0,0,0,0,0.5180000000000003,0.5190000000000025,365
1700768100000,0,0,0,0,0,0,0.5180000000000003,0.5190000000000017,242
1700768160000,0,0,0,0,0,0,0.5182324723247246,0.5192324723247246,542
1700768220000,0,0,0,0,0,0,0.5190000000000025,0.520000000000003,376
1700768280000,0,0,0,0,0,0,0.5187685185185206,0.5197708333333366,432
1700768340000,0,0,0,0,0,0,0.5180000000000003,0.5190000000000016,186
1700768400000,0,0,0,0,0,0,0.5180000000000003,0.5190000000000025,318
1700768460000,0,0,0,0,0,0,0.518246777163906,0.5192467771639062,543
1700768520000,0,0,0,0,0,0,0.5182687500000005,0.5192718750000035,320
1700768580000,0,0,0,0,0,0,0.5180000000000003,0.519000000000002,264
1700768640000,0,0,0,0,0,0,0.5188528678304276,0.5198528678304266,401
1700768700000,0,0,0,0,0,0,0.5190000000000017,0.5199999999999992,233
1700768760000,0,0,0,0,0,0,0.5192765432098808,0.520276543209874,405
1700768820000,0,0,0,0,0,0,0.5192864197530898,0.5202864197530892,405
1700768880000,0,0,0,0,0,0,0.5194821428571463,0.5204857142857093,560
1700768940000,0,0,0,0,0,0,0.5190000000000025,0.5200000000000026,328
1700769000000,0,0,0,0,0,0,0.5195635910224481,0.5205660847880242,401
1700769060000,0,0,0,0,0,0,0.5200000000000019,0.5209999999999974,521
1700769120000,0,0,0,0,0,0,0.5199999999999998,0.5209999999999997,260
1700769180000,0,0,0,0,0,0,0.5199999999999995,0.5210000000000001,252
1700769240000,0,0,0,0,0,0,0.520000000000003,0.5209999999999964,344
1700769300000,0,0,0,0,0,0,0.5198857589984341,0.5208873239436602,639
1700769360000,0,0,0,0,0,0,0.5195354969574065,0.5205375253549737,493
1700769420000,0,0,0,0,0,0,0.5190000000000025,0.5200000000000028,332
1700769480000,0,0,0,0,0,0,0.5190000000000023,0.5200000000000011,293
1700769540000,0,0,0,0,0,0,0.5190000000000017,0.5199999999999992,227
1700769600000,0,0,0,0,0,0,0.5190000000000025,0.520000000000003,451
1700769660000,0,0,0,0,0,0,0.5186286231884049,0.5196286231884099,552
1700769720000,0,0,0,0,0,0,0.5184155251141531,0.5194155251141548,657
1700769780000,0,0,0,0,0,0,0.5190000000000018,0.5199999999999996,254
1700769840000,0,0,0,0,0,0,0.519000000000002,0.5200000000000001,267
1700769900000,0,0,0,0,0,0,0.519355978260874,0.5203559782608643,368
1700769960000,0,0,0,0,0,0,0.520000000000003,0.5209999999999961,485
1700770020000,0,0,0,0,0,0,0.520000000000003,0.5209999999999961,418
1700770080000,0,0,0,0,0,0,0.5203511029411771,0.521351102941171,544
1700770140000,0,0,0,0,0,0,0.5210000000000005,0.5220000000000018,215
1700770200000,0,0,0,0,0,0,0.5209999999999961,0.5219999999999986,486
1700770260000,0,0,0,0,0,0,0.5207285429141711,0.5217285429141671,501
1700770320000,0,0,0,0,0,0,0.5199999999999992,0.5210000000000005,202
1700770380000,0,0,0,0,0,0,0.5200000000000018,0.5209999999999972,316
1700770440000,0,0,0,0,0,0,0.5199999999999996,0.521,253
1700770500000,0,0,0,0,0,0,0.5199999999999996,0.521,253
1700770560000,0,0,0,0,0,0,0.520000000000003,0.5209999999999961,467
1700770620000,0,0,0,0,0,0,0.5208134453781491,0.5218134453781478,595
1700770680000,0,0,0,0,0,0,0.5209999999999992,0.5220000000000009,267
1700770740000,0,0,0,0,0,0,0.5209999999999961,0.5219999999999986,374
1700770800000,0,0,0,0,0,0,0.5210000000000005,0.5220000000000018,241
1700770860000,0,0,0,0,0,0,0.5209999999999996,0.5220000000000011,262
1700770920000,0,0,0,0,0,0,0.5216806387225515,0.5226826347305348,501
1700770980000,0,0,0,0,0,0,0.5210000000000005,0.5220000000000001,145
1700771040000,0,0,0,0,0,0,0.5216608557844642,0.522660855784474,631
1700771100000,0,0,0,0,0,0,0.5220000000000018,0.5229999999999994,216
1700771160000,0,0,0,0,0,0,0.5220000000000018,0.5229999999999994,223
1700771220000,0,0,0,0,0,0,0.5220000000000018,0.5229999999999994,203
1700771280000,0,0,0,0,0,0,0.5220000000000009,0.5229999999999991,269
1700771340000,0,0,0,0,0,0,0.5220000000000018,0.5229999999999994,213
1700771400000,0,0,0,0,0,0,0.5220000000000018,0.5229999999999994,205
1700771460000,0,0,0,0,0,0,0.5212816455696169,0.5222816455696212,316
1700771520000,0,0,0,0,0,0,0.5209999999999997,0.5220000000000011,261
1700771580000,0,0,0,0,0,0,0.520612745098035,0.5216176470588222,612
1700771640000,0,0,0,0,0,0,0.5200000000000016,0.5209999999999977,308
1700771700000,0,0,0,0,0,0,0.5199999999999992,0.5210000000000005,196
1700771760000,0,0,0,0,0,0,0.5195320512820536,0.5205341880341932,468
1700771820000,0,0,0,0,0,0,0.5190000000000025,0.5200000000000029,338
1700771880000,0,0,0,0,0,0,0.5190000000000025,0.5200000000000018,316
1700771940000,0,0,0,0,0,0,0.5190000000000025,0.520000000000003,358
1700772000000,0,0,0,0,0,0,0.5190000000000025,0.5200000000000028,332
1700772060000,0,0,0,0,0,0,0.5190000000000025,0.5200000000000028,334
1700772120000,0,0,0,0,0,0,0.5190000000000023,0.5200000000000009,285
1700772180000,0,0,0,0,0,0,0.5197334905660409,0.520733490566033,424
1700772240000,0,0,0,0,0,0,0.5191923809523853,0.5201923809523842,525
1700772300000,0,0,0,0,0,0,0.5193798449612426,0.5203824289405726,387
1700772360000,0,0,0,0,0,0,0.5195742251223525,0.520575856443714,613
1700772420000,0,0,0,0,0,0,0.5191947115384656,0.5201947115384619,416
1700772480000,0,0,0,0,0,0,0.5200000000000014,0.5209999999999979,299
1700772540000,0,0,0,0,0,0,0.5199999999999992,0.5210000000000005,221
1700772600000,0,0,0,0,0,0,0.5199999999999992,0.5210000000000005,227
1700772660000,0,0,0,0,0,0,0.5197977941176485,0.5208033088235281,544
1700772720000,0,0,0,0,0,0,0.5200000000000029,0.5209999999999964,342
1700772780000,0,0,0,0,0,0,0.5202952380952421,0.5212952380952335,420
1700772840000,0,0,0,0,0,0,0.5199999999999992,0.5210000000000005,177
1700772900000,0,0,0,0,0,0,0.5200000000000015,0.5209999999999979,300
1700772960000,0,0,0,0,0,0,0.5199999999999992,0.5210000000000005,235
1700773020000,0,0,0,0,0,0,0.5199999999999992,0.5210000000000005,167
1700773080000,0,0,0,0,0,0,0.5199999999999995,0.5210000000000005,158
1700773140000,0,0,0,0,0,0,0.5199999999999992,0.5210000000000005,176
1700773200000,0,0,0,0,0,0,0.52,0.5210000000000005,142
1700773260000,0,0,0,0,0,0,0.5199999999999992,0.5210000000000005,187
1700773320000,0,0,0,0,0,0,0.5199999999999992,0.5210000000000005,238
1700773380000,0,0,0,0,0,0,0.5200000000000015,0.5209999999999978,303
1700773440000,0,0,0,0,0,0,0.520451162790691,0.5214511627906946,430
1700773500000,0,0,0,0,0,0,0.5209999999999991,0.5220000000000008,270
1700773560000,0,0,0,0,0,0,0.5209999999999964,0.5219999999999986,351
1700773620000,0,0,0,0,0,0,0.5219407806191071,0.522940780619117,743
1700773680000,0,0,0,0,0,0,0.5220000000000007,0.522999999999999,273
1700773740000,0,0,0,0,0,0,0.5220000000000002,0.522999999999999,287
1700773800000,0,0,0,0,0,0,0.522408921933085,0.5234114002478366,807
1700773860000,0,0,0,0,0,0,0.5226193693693741,0.5236227477477521,888
1700773920000,0,0,0,0,0,0,0.5220000000000007,0.522999999999999,275
1700773980000,0,0,0,0,0,0,0.5220000000000018,0.5229999999999994,219
1700774040000,0,0,0,0,0,0,0.5214004854368885,0.5224004854368898,412
1700774100000,0,0,0,0,0,0,0.5211574279379104,0.5221596452328131,451
1700774160000,0,0,0,0,0,0,0.5210545905707145,0.5220570719602964,403
1700774220000,0,0,0,0,0,0,0.5210000000000005,0.5220000000000018,226
1700774280000,0,0,0,0,0,0,0.5210000000000005,0.5220000000000018,210
1700774340000,0,0,0,0,0,0,0.5210000000000005,0.5220000000000018,233
1700774400000,0,0,0,0,0,0,0.5204295302013461,0.5214295302013363,447
1700774460000,0,0,0,0,0,0,0.520022435897437,0.5210224358974336,312
1700774520000,0,0,0,0,0,0,0.5202617924528333,0.52126415094339,424
1700774580000,0,0,0,0,0,0,0.5201791767554518,0.5211815980629494,413
1700774640000,0,0,0,0,0,0,0.5209653379549363,0.5219653379549353,577
1700774700000,0,0,0,0,0,0,0.5206977491961361,0.5216977491961421,622
1700774760000,0,0,0,0,0,0,0.5208004807692258,0.5218004807692291,416
1700774820000,0,0,0,0,0,0,0.5209999999999982,0.5219999999999978,554
1700774880000,0,0,0,0,0,0,0.5209999999999968,0.5219999999999986,327
1700774940000,0,0,0,0,0,0,0.5210000000000005,0.5220000000000018,231
1700775000000,0,0,0,0,0,0,0.5213888888888847,0.5223908730158678,504
1700775060000,0,0,0,0,0,0,0.5212351648351603,0.5222373626373602,455
1700775120000,0,0,0,0,0,0,0.5209999999999988,0.5220000000000005,278
1700775180000,0,0,0,0,0,0,0.5209999999999961,0.5219999999999986,438
1700775240000,0,0,0,0,0,0,0.52070588235295,0.5217058823529336,816
1700775300000,0,0,0,0,0,0,0.520751322751319,0.5217530864197483,567
1700775360000,0,0,0,0,0,0,0.5209999999999962,0.5219999999999986,358
1700775420000,0,0,0,0,0,0,0.5208176000000014,0.5218223999999952,625
1700775480000,0,0,0,0,0,0,0.5209999999999981,0.5219999999999999,294
1700775540000,0,0,0,0,0,0,0.5210000000000005,0.5220000000000018,209
1700775600000,0,0,0,0,0,0,0.5209999999999961,0.5219999999999986,440
1700775660000,0,0,0,0,0,0,0.5205670261941376,0.5215685670261953,649
1700775720000,0,0,0,0,0,0,0.5209688995215256,0.5219688995215288,418
1700775780000,0,0,0,0,0,0,0.5205231958762923,0.5215231958762853,388
1700775840000,0,0,0,0,0,0,0.5207839335180022,0.5217867036011067,361
1700775900000,0,0,0,0,0,0,0.5209999999999992,0.5220000000000009,268
1700775960000,0,0,0,0,0,0,0.5206640471512768,0.5216699410608991,509
1700776020000,0,0,0,0,0,0,0.5209209039547992,0.521923728813558,354
1700776080000,0,0,0,0,0,0,0.5207067961165006,0.5217242718446558,515
1700776140000,0,0,0,0,0,0,0.520999999999998,0.5219999999999998,295
1700776200000,0,0,0,0,0,0,0.5210000000000005,0.5220000000000018,207
1700776260000,0,0,0,0,0,0,0.5210000000000005,0.5220000000000018,246
1700776320000,0,0,0,0,0,0,0.5219427083333312,0.5229427083333312,384
1700776380000,0,0,0,0,0,0,0.5220000000000011,0.5229999999999991,261
1700776440000,0,0,0,0,0,0,0.5220000000000018,0.5229999999999994,228
1700776500000,0,0,0,0,0,0,0.521026865671639,0.5220388059701486,335
1700776560000,0,0,0,0,0,0,0.5209999999999961,0.5219999999999986,479
1700776620000,0,0,0,0,0,0,0.5210000000000005,0.5220000000000016,173
1700776680000,0,0,0,0,0,0,0.5210000000000005,0.5220000000000018,219
1700776740000,0,0,0,0,0,0,0.5210000000000005,0.5220000000000018,194
1700776800000,0,0,0,0,0,0,0.5209999999999964,0.5219999999999986,347
1700776860000,0,0,0,0,0,0,0.520999999999998,0.5219999999999998,297
1700776920000,0,0,0,0,0,0,0.5210000000000005,0.5220000000000018,226
1700776980000,0,0,0,0,0,0,0.5210000000000005,0.5220000000000016,176
1700777040000,0,0,0,0,0,0,0.5210000000000005,0.5220000000000017,189
1700777100000,0,0,0,0,0,0,0.5210000000000005,0.522000000000001,161
1700777160000,0,0,0,0,0,0,0.5209999999999961,0.5219999999999986,372
1700777220000,0,0,0,0,0,0,0.5210000000000005,0.5220000000000018,196
1700777280000,0,0,0,0,0,0,0.5209999999999962,0.5219999999999986,359
1700777340000,0,0,0,0,0,0,0.5209999999999975,0.5219999999999992,312
1700777400000,0,0,0,0,0,0,0.5210000000000005,0.522000000000001,161
1700777460000,0,0,0,0,0,0,0.5210000000000005,0.5220000000000018,222
1700777520000,0,0,0,0,0,0,0.5210000000000005,0.5220000000000018,222
1700777580000,0,0,0,0,0,0,0.5210000000000005,0.5220000000000016,181
1700777640000,0,0,0,0,0,0,0.5210000000000005,0.5220000000000008,159
1700777700000,0,0,0,0,0,0,0.5209999999999968,0.5219999999999986,329
1700777760000,0,0,0,0,0,0,0.5209999999999977,0.5219999999999995,308
1700777820000,0,0,0,0,0,0,0.5210000000000005,0.522000000000001,166
1700777880000,0,0,0,0,0,0,0.5210000000000005,0.522,142
1700777940000,0,0,0,0,0,0,0.5210000000000005,0.5220000000000014,170
1700778000000,0,0,0,0,0,0,0.5210000000000005,0.5220000000000018,237
1700778060000,0,0,0,0,0,0,0.5210000000000005,0.5220000000000017,188
1700778120000,0,0,0,0,0,0,0.5210000000000005,0.5220000000000002,150
1700778180000,0,0,0,0,0,0,0.5218114754098335,0.5228114754098333,488
1700778240000,0,0,0,0,0,0,0.5219999999999995,0.522999999999999,309
1700778300000,0,0,0,0,0,0,0.5213005464480835,0.5223005464480863,366
1700778360000,0,0,0,0,0,0,0.5210000000000001,0.5220000000000015,252
1700778420000,0,0,0,0,0,0,0.5210000000000005,0.5220000000000018,244
1700778480000,0,0,0,0,0,0,0.5212597765363102,0.5222597765363124,358
1700778540000,0,0,0,0,0,0,0.522000000000001,0.5229999999999996,161
1700778600000,0,0,0,0,0,0,0.5220000000000018,0.5229999999999994,193
1700778660000,0,0,0,0,0,0,0.5220000000000018,0.5229999999999994,197
1700778720000,0,0,0,0,0,0,0.5220000000000018,0.5229999999999994,199
1700778780000,0,0,0,0,0,0,0.5220000000000015,0.5229999999999994,171
1700778840000,0,0,0,0,0,0,0.5220000000000018,0.5229999999999994,195
1700778900000,0,0,0,0,0,0,0.522838912133889,0.5238389121338913,478
1700778960000,0,0,0,0,0,0,0.5227104519773983,0.5237104519774088,708
1700779020000,0,0,0,0,0,0,0.5219999999999998,0.5230000000000002,136
1700779080000,0,0,0,0,0,0,0.5219999999999992,0.5230000000000008,121
1700779140000,0,0,0,0,0,0,0.5219999999999992,0.5230000000000008,90
1700779200000,0,0,0,0,0,0,0.5219999999999999,0.5230000000000001,139
1700779260000,0,0,0,0,0,0,0.522000000000001,0.5229999999999991,266
1700779320000,0,0,0,0,0,0,0.5220000000000018,0.5229999999999994,212
1700779380000,0,0,0,0,0,0,0.522,0.523,141
1700779440000,0,0,0,0,0,0,0.5219999999999997,0.5230000000000004,133
1700779500000,0,0,0,0,0,0,0.5219999999999986,0.522999999999999,340
1700779560000,0,0,0,0,0,0,0.5220000000000018,0.5229999999999994,243
1700779620000,0,0,0,0,0,0,0.5220000000000016,0.5229999999999994,182
1700779680000,0,0,0,0,0,0,0.5219999999999998,0.5230000000000002,135
1700779740000,0,0,0,0,0,0,0.522000000000001,0.5229999999999995,164
1700779800000,0,0,0,0,0,0,0.5220000000000002,0.5229999999999999,150
1700779860000,0,0,0,0,0,0,0.5219999999999996,0.5230000000000005,131
1700779920000,0,0,0,0,0,0,0.5220000000000001,0.522999999999999,290
1700779980000,0,0,0,0,0,0,0.5220000000000017,0.5229999999999994,188
1700780040000,0,0,0,0,0,0,0.5227777777777756,0.5237801418439716,423
1700780100000,0,0,0,0,0,0,0.5229999999999994,0.5240000000000006,205
1700780160000,0,0,0,0,0,0,0.522999999999999,0.5240000000000006,284
1700780220000,0,0,0,0,0,0,0.5230000000000005,0.5240000000000006,131
1700780280000,0,0,0,0,0,0,0.5234400000000002,0.5244436363636392,275
1700780340000,0,0,0,0,0,0,0.5232010178117028,0.5242010178117058,393
1700780400000,0,0,0,0,0,0,0.5229999999999994,0.5240000000000006,242
1700780460000,0,0,0,0,0,0,0.5232290209790206,0.5242290209790184,572
1700780520000,0,0,0,0,0,0,0.5240000000000006,0.5250000000000019,245
1700780580000,0,0,0,0,0,0,0.5240000000000006,0.5250000000000019,227
1700780640000,0,0,0,0,0,0,0.5240000000000006,0.5250000000000027,392
1700780700000,0,0,0,0,0,0,0.5240000000000006,0.5250000000000026,281
1700780760000,0,0,0,0,0,0,0.5233744680851047,0.524376595744683,470
1700780820000,0,0,0,0,0,0,0.5233988183161085,0.5244002954209769,677
1700780880000,0,0,0,0,0,0,0.522999999999999,0.5240000000000006,292
1700780940000,0,0,0,0,0,0,0.5229999999999999,0.5240000000000006,151
1700781000000,0,0,0,0,0,0,0.5229999999999994,0.5240000000000006,202
1700781060000,0,0,0,0,0,0,0.5229999999999994,0.5240000000000006,212
1700781120000,0,0,0,0,0,0,0.5229999999999992,0.5240000000000006,254
1700781180000,0,0,0,0,0,0,0.5221836158192081,0.5231836158192074,354
1700781240000,0,0,0,0,0,0,0.5220000000000004,0.522999999999999,281
1700781300000,0,0,0,0,0,0,0.5220000000000018,0.5229999999999994,197
1700781360000,0,0,0,0,0,0,0.5220744680851032,0.5230744680851039,376
1700781420000,0,0,0,0,0,0,0.5219999999999996,0.5230000000000005,131
1700781480000,0,0,0,0,0,0,0.5220000000000018,0.5229999999999994,231
1700781540000,0,0,0,0,0,0,0.5219999999999995,0.522999999999999,308
1700781600000,0,0,0,0,0,0,0.5217083333333331,0.5227083333333302,576
1700781660000,0,0,0,0,0,0,0.5210000000000005,0.5220000000000018,220
1700781720000,0,0,0,0,0,0,0.5210000000000005,0.5220000000000017,188
1700781780000,0,0,0,0,0,0,0.5210000000000005,0.5220000000000018,222
1700781840000,0,0,0,0,0,0,0.5210000000000005,0.5220000000000018,200
1700781900000,0,0,0,0,0,0,0.5210000000000005,0.5220000000000018,201
1700781960000,0,0,0,0,0,0,0.5209999999999999,0.5220000000000014,257
1700782020000,0,0,0,0,0,0,0.5209999999999995,0.522000000000001,265
1700782080000,0,0,0,0,0,0,0.5209999999999961,0.5219999999999986,374
1700782140000,0,0,0,0,0,0,0.5201108374384272,0.5211133004926052,406
1700782200000,0,0,0,0,0,0,0.5199999999999992,0.5210000000000005,229
1700782260000,0,0,0,0,0,0,0.5209282296650665,0.5219282296650686,418
1700782320000,0,0,0,0,0,0,0.521496993987972,0.5224969939879754,499
1700782380000,0,0,0,0,0,0,0.5219999999999996,0.522999999999999,303
1700782440000,0,0,0,0,0,0,0.5219999999999986,0.522999999999999,322
1700782500000,0,0,0,0,0,0,0.5220000000000004,0.522999999999999,286
1700782560000,0,0,0,0,0,0,0.5215866873064956,0.5225882352941233,646
1700782620000,0,0,0,0,0,0,0.5211156462584983,0.5221179138321972,441
1700782680000,0,0,0,0,0,0,0.5209999999999964,0.5219999999999986,344
1700782740000,0,0,0,0,0,0,0.5210000000000005,0.5220000000000016,182
1700782800000,0,0,0,0,0,0,0.5203313373253503,0.5213333333333274,501
1700782860000,0,0,0,0,0,0,0.5210000000000005,0.5220000000000018,227
1700782920000,0,0,0,0,0,0,0.5207197452229231,0.5217218683651769,471
1700782980000,0,0,0,0,0,0,0.5210000000000005,0.5220000000000017,188
1700783040000,0,0,0,0,0,0,0.5210000000000005,0.5220000000000018,223
1700783100000,0,0,0,0,0,0,0.5210000000000005,0.5219999999999995,129
1700783160000,0,0,0,0,0,0,0.5206726504751893,0.5216758183738068,947
1700783220000,0,0,0,0,0,0,0.5209999999999961,0.5219999999999986,435
1700783280000,0,0,0,0,0,0,0.5210000000000005,0.5220000000000016,179
1700783340000,0,0,0,0,0,0,0.5210000000000005,0.5220000000000018,203
1700783400000,0,0,0,0,0,0,0.5210000000000005,0.522000000000001,166
1700783460000,0,0,0,0,0,0,0.5210000000000005,0.5220000000000018,244
1700783520000,0,0,0,0,0,0,0.5210000000000005,0.5220000000000018,245
1700783580000,0,0,0,0,0,0,0.5206059701492493,0.5216089552238786,335
1700783640000,0,0,0,0,0,0,0.5209999999999961,0.5219999999999986,404
1700783700000,0,0,0,0,0,0,0.5209999999999998,0.5220000000000012,259
1700783760000,0,0,0,0,0,0,0.5210000000000017,0.5219999999999968,666
1700783820000,0,0,0,0,0,0,0.5209999999999961,0.5219999999999986,373
1700783880000,0,0,0,0,0,0,0.5209999999999975,0.5219999999999995,310
1700783940000,0,0,0,0,0,0,0.5209999999999968,0.5219999999999986,327
1700784000000,0,0,0,0,0,0,0.5210000000000005,0.5220000000000018,234
1700784060000,0,0,0,0,0,0,0.521958083832332,0.5229580838323337,501
1700784120000,0,0,0,0,0,0,0.5219999999999986,0.522999999999999,333
1700784180000,0,0,0,0,0,0,0.5228790322580715,0.5238790322580649,744
1700784240000,0,0,0,0,0,0,0.5230000000000072,0.5240000000000006,702
1700784300000,1,0,1770.8,0,1770.8,1,0.5277988348183833,0.5289437971213143,2918
1700784360000,1,0,4638.1,0,4638.1,1,0.5289576094510005,0.5299624739402139,1439
1700784420000,0,0,0,0,0,0,0.5300851449275338,0.5310851449275411,552
1700784480000,0,0,0,0,0,0,0.529173027989819,0.5301755725190742,786
1700784540000,0,0,0,0,0,0,0.5284415760869614,0.5294429347826071,736
1700784600000,0,0,0,0,0,0,0.5270247933884241,0.5280259740259756,847
1700784660000,0,0,0,0,0,0,0.5272081081081078,0.5282081081081089,740
1700784720000,0,0,0,0,0,0,0.5294590163934265,0.5304642857142626,1708
1700784780000,0,0,0,0,0,0,0.5277880851063816,0.5287897872340532,1175
1700784840000,0,0,0,0,0,0,0.527672279792751,0.5286735751295297,772
1700784900000,0,0,0,0,0,0,0.5280000000000087,0.5289999999999986,1222
1700784960000,0,0,0,0,0,0,0.5289717607973353,0.5299725913621062,1204
1700785020000,0,0,0,0,0,0,0.5304045608107948,0.5314087837837909,1184
1700785080000,0,0,0,0,0,0,0.5324926279271559,0.5334934952298309,1153
1700785140000,0,0,0,0,0,0,0.5335263157894724,0.5345276828434676,1463
1700785200000,0,0,0,0,0,0,0.5323757396449676,0.5333816568047379,1014
1700785260000,0,0,0,0,0,0,0.5312712121212152,0.5322712121212112,660
1700785320000,0,0,0,0,0,0,0.5321338688085611,0.5331338688085697,747
1700785380000,0,0,0,0,0,0,0.5325452127659525,0.533545212765956,376
1700785440000,0,0,0,0,0,0,0.5325095541401348,0.5335143312101851,628
1700785500000,0,0,0,0,0,0,0.5332255319149005,0.5342289361702184,1175
1700785560000,0,0,0,0,0,0,0.5314452554744499,0.5324452554744603,685
1700785620000,0,0,0,0,0,0,0.5320000000000034,0.5329999999999966,451
1700785680000,0,0,0,0,0,0,0.5306760330578478,0.5316760330578549,605
1700785740000,0,0,0,0,0,0,0.5308120300751911,0.5318120300751868,266
1700785800000,0,0,0,0,0,0,0.530516129032259,0.5315161290322603,341
1700785860000,0,0,0,0,0,0,0.5298253164556858,0.5308265822784854,790
1700785920000,0,0,0,0,0,0,0.5300000000000006,0.5310000000000021,214
1700785980000,0,0,0,0,0,0,0.530256214149139,0.5312619502868106,523
1700786040000,0,0,0,0,0,0,0.5300000000000006,0.5310000000000021,205
1700786100000,0,0,0,0,0,0,0.5301766233766242,0.5311766233766262,385
1700786160000,0,0,0,0,0,0,0.5300000000000006,0.5310000000000022,249
1700786220000,0,0,0,0,0,0,0.5300000000000006,0.5310000000000021,213
1700786280000,0,0,0,0,0,0,0.5296961325966844,0.5306961325966866,362
1700786340000,0,1,0,344.6,344.6,1,0.5289999999999992,0.5300000000000006,409
1700786400000,0,0,0,0,0,0,0.5285786259541978,0.529581679389307,655
1700786460000,0,0,0,0,0,0,0.5287250554323694,0.529729490022172,451
1700786520000,0,0,0,0,0,0,0.5273848101265739,0.5283848101265873,790
1700786580000,0,0,0,0,0,0,0.5273302325581358,0.5283348837209283,430
1700786640000,0,0,0,0,0,0,0.5281182994454731,0.5291219963031308,1082
1700786700000,0,0,0,0,0,0,0.5280000000000019,0.5289999999999996,189
1700786760000,0,0,0,0,0,0,0.5279999999999998,0.5289999999999992,304
1700786820000,0,0,0,0,0,0,0.528000000000002,0.5289999999999996,211
1700786880000,0,0,0,0,0,0,0.5280000000000016,0.5289999999999995,252
1700786940000,0,0,0,0,0,0,0.5272857142857115,0.5282857142857142,329
1700787000000,0,0,0,0,0,0,0.5269999999999986,0.5280000000000002,291
1700787060000,0,0,0,0,0,0,0.5269965870307132,0.5279982935153547,586
1700787120000,0,0,0,0,0,0,0.5279999999999988,0.5289999999999992,443
1700787180000,0,0,0,0,0,0,0.5279389763779504,0.5289409448818881,508
1700787240000,0,0,0,0,0,0,0.5284405940594082,0.5294455445544547,606
1700787300000,0,0,0,0,0,0,0.5288955613577015,0.5298981723237609,383
1700787360000,0,0,0,0,0,0,0.5292641509433935,0.5302675814751252,583
1700787420000,0,0,0,0,0,0,0.5289999999999996,0.5300000000000006,228
1700787480000,0,0,0,0,0,0,0.5289999999999992,0.5300000000000006,439
1700787540000,0,0,0,0,0,0,0.5289999999999995,0.5300000000000006,256
1700787600000,0,0,0,0,0,0,0.5289999999999998,0.5300000000000006,160
1700787660000,0,0,0,0,0,0,0.5293870333988205,0.5303870333988232,509
1700787720000,0,0,0,0,0,0,0.5297426108374255,0.5307450738916311,812
1700787780000,0,0,0,0,0,0,0.5300000000000006,0.5310000000000021,218
1700787840000,0,0,0,0,0,0,0.5300000000000006,0.5310000000000029,410
1700787900000,0,0,0,0,0,0,0.5297432432432383,0.5307449324324368,592
1700787960000,0,0,0,0,0,0,0.5308773181169806,0.5318773181169733,701
1700788020000,0,0,0,0,0,0,0.5310000000000029,0.5320000000000034,445
1700788080000,0,0,0,0,0,0,0.5303193384223893,0.5313193384223913,786
1700788140000,0,0,0,0,0,0,0.5306550751879613,0.5316560150375973,1064
1700788200000,0,0,0,0,0,0,0.531000000000003,0.5319999999999966,886
1700788260000,0,0,0,0,0,0,0.5310000000000029,0.5320000000000034,438
1700788320000,0,0,0,0,0,0,0.5303337679269803,0.5313350717079574,767
1700788380000,0,0,0,0,0,0,0.5306115942029022,0.5316115942029008,345
1700788440000,0,0,0,0,0,0,0.5304635627530376,0.5314635627530385,494
1700788500000,0,0,0,0,0,0,0.5303085553997156,0.5313113604488087,713
1700788560000,0,0,0,0,0,0,0.5306747159090947,0.5316761363636345,704
1700788620000,0,0,0,0,0,0,0.5307619783616654,0.5317619783616724,647
1700788680000,0,0,0,0,0,0,0.530326754385953,0.5313300438596545,912
1700788740000,0,0,0,0,0,0,0.5300000000000006,0.5310000000000029,436
1700788800000,0,0,0,0,0,0,0.5294595086442175,0.5304667879890641,1099
1700788860000,0,0,0,0,0,0,0.5293691119691097,0.5303691119690958,1295
1700788920000,0,0,0,0,0,0,0.5289999999999992,0.5300000000000006,440
1700788980000,0,0,0,0,0,0,0.5285398089171947,0.5295414012738778,628
1700789040000,0,0,0,0,0,0,0.528852684144816,0.5298676654182176,801
1700789100000,0,0,0,0,0,0,0.5289999999999992,0.5300000000000006,288
1700789160000,0,0,0,0,0,0,0.5289999999999992,0.5300000000000006,311
1700789220000,0,0,0,0,0,0,0.5289999999999992,0.5300000000000006,309
1700789280000,0,0,0,0,0,0,0.5280500490677221,0.5290520117762489,1019
1700789340000,0,0,0,0,0,0,0.5279999999999988,0.5289999999999992,444
1700789400000,0,0,0,0,0,0,0.5282325581395334,0.5292325581395307,559
1700789460000,0,0,0,0,0,0,0.5289999999999992,0.5300000000000006,294
1700789520000,0,0,0,0,0,0,0.5289999999999992,0.5300000000000006,273
1700789580000,0,0,0,0,0,0,0.5289999999999992,0.5300000000000006,361
1700789640000,0,0,0,0,0,0,0.5289999999999992,0.5300000000000006,440
1700789700000,0,0,0,0,0,0,0.5286666666666717,0.529667514843079,1179
1700789760000,0,0,0,0,0,0,0.528691150442476,0.5296929203539673,1130
1700789820000,0,0,0,0,0,0,0.5289999999999992,0.5300000000000006,390
1700789880000,0,0,0,0,0,0,0.5289999999999992,0.5300000000000006,461
1700789940000,0,0,0,0,0,0,0.5285304964539055,0.5295304964538999,705
1700790000000,0,0,0,0,0,0,0.528000000000002,0.5289999999999996,238
1700790060000,0,0,0,0,0,0,0.528000000000002,0.5289999999999996,216
1700790120000,0,0,0,0,0,0,0.528000000000002,0.5289999999999996,216
1700790180000,0,0,0,0,0,0,0.5280000000000009,0.5289999999999999,154
1700790240000,0,0,0,0,0,0,0.5280000000000019,0.5289999999999996,188
1700790300000,0,0,0,0,0,0,0.5282983539094608,0.5293004115226331,486
1700790360000,0,0,0,0,0,0,0.5282938311688288,0.5292938311688244,616
1700790420000,0,0,0,0,0,0,0.5287174603174595,0.529719047619041,630
1700790480000,0,0,0,0,0,0,0.5287070063694248,0.5297070063694262,314
1700790540000,0,0,0,0,0,0,0.5284404536862005,0.5294442344045353,529
1700790600000,0,0,0,0,0,0,0.5280000000000002,0.5290000000000004,138
1700790660000,0,0,0,0,0,0,0.5276249999999942,0.5286250000000036,632
1700790720000,0,0,0,0,0,0,0.5269999999999964,0.5279999999999988,393
1700790780000,0,0,0,0,0,0,0.5266796116504879,0.5276796116504817,412
1700790840000,0,0,0,0,0,0,0.5263042328042287,0.5273042328042301,378
1700790900000,0,0,0,0,0,0,0.526999999999996,0.5279999999999998,508
1700790960000,0,0,0,0,0,0,0.5269999999999965,0.5279999999999988,359
1700791020000,0,0,0,0,0,0,0.5269999999999974,0.5279999999999992,317
1700791080000,0,0,0,0,0,0,0.5269999999999964,0.5279999999999988,462
1700791140000,0,0,0,0,0,0,0.5269999999999989,0.5280000000000008,276
1700791200000,0,0,0,0,0,0,0.5270000000000005,0.528000000000002,216
1700791260000,0,0,0,0,0,0,0.5269999999999968,0.5279999999999988,334
1700791320000,0,0,0,0,0,0,0.5274035087719263,0.528403508771929,456
1700791380000,0,0,0,0,0,0,0.528000000000002,0.5289999999999996,216
1700791440000,0,0,0,0,0,0,0.5272217090069232,0.5282240184757487,433
1700791500000,0,0,0,0,0,0,0.526370744010094,0.5273720050441275,793
1700791560000,0,0,0,0,0,0,0.5260000000000031,0.5269999999999966,340
1700791620000,0,0,0,0,0,0,0.5253442211055274,0.5263442211055311,796
1700791680000,0,0,0,0,0,0,0.5260000000000032,0.5269999999999964,397
1700791740000,0,0,0,0,0,0,0.5260000000000001,0.5269999999999997,258
1700791800000,0,0,0,0,0,0,0.5260000000000017,0.526999999999998,304
1700791860000,0,0,0,0,0,0,0.5271738382099814,0.5281738382099793,581
1700791920000,0,0,0,0,0,0,0.5276082949308719,0.5286105990783397,434
1700791980000,0,0,0,0,0,0,0.5279999999999988,0.5289999999999992,450
1700792040000,0,0,0,0,0,0,0.5275614973261971,0.5285632798573975,561
1700792100000,0,0,0,0,0,0,0.5278200000000022,0.5288199999999991,250
1700792160000,0,0,0,0,0,0,0.5280000000000005,0.5289999999999992,288
1700792220000,0,0,0,0,0,0,0.5282358674463926,0.5292378167641304,513
1700792280000,0,0,0,0,0,0,0.5280000000000006,0.5289999999999992,283
1700792340000,0,0,0,0,0,0,0.528000000000002,0.5289999999999996,239
1700792400000,0,0,0,0,0,0,0.5279999999999999,0.5289999999999992,299
1700792460000,0,0,0,0,0,0,0.528,0.5289999999999992,298
1700792520000,0,0,0,0,0,0,0.5280000000000019,0.5289999999999996,184
1700792580000,0,0,0,0,0,0,0.5280000000000015,0.5289999999999995,255
1700792640000,0,0,0,0,0,0,0.528000000000002,0.5289999999999996,220
1700792700000,0,0,0,0,0,0,0.528000000000001,0.5289999999999994,268
1700792760000,0,0,0,0,0,0,0.5279999999999988,0.5289999999999992,321
1700792820000,0,0,0,0,0,0,0.5280000000000009,0.5289999999999992,271
1700792880000,0,0,0,0,0,0,0.5280000000000009,0.5289999999999994,270
