1700725020000,0,0,0,0,0,0,3.379,3.38,1
1700725080000,0,0,0,0,0,0,3.3805035460992765,3.3815035460992933,141
1700725140000,0,0,0,0,0,0,3.376906854130057,3.3779173989455087,569
1700725200000,0,0,0,0,0,0,3.374928169014085,3.375930985915506,710
1700725260000,0,0,0,0,0,0,3.374059080962814,3.375065645514223,457
1700725320000,0,0,0,0,0,0,3.3748516129032287,3.3758596774193554,620
1700725380000,0,0,0,0,0,0,3.372555555555575,3.37356239316241,585
1700725440000,0,0,0,0,0,0,3.374805793991394,3.3758143776824405,932
1700725500000,0,0,0,0,0,0,3.3739999999999353,3.375,974
1700725560000,0,0,0,0,0,0,3.3737289156626544,3.374742469879521,664
1700725620000,0,0,0,0,0,0,3.375692084241087,3.376721859114029,1377
1700725680000,0,0,0,0,0,0,3.3775627530364205,3.3785668016194155,494
1700725740000,0,0,0,0,0,0,3.3752230347349252,3.3762358318098613,547
1700725800000,0,0,0,0,0,0,3.3714794816414773,3.3724967602592026,463
1700725860000,0,0,0,0,0,0,3.372955319148959,3.3739765957446903,470
1700725920000,0,0,0,0,0,0,3.3753430962342943,3.3763598326359516,478
1700725980000,0,0,0,0,0,0,3.3761721068249217,3.3771869436201376,674
1700726040000,0,0,0,0,0,0,3.373719611021097,3.3747423014586806,617
1700726100000,0,0,0,0,0,0,3.3725815602837206,3.373597517730521,564
1700726160000,0,0,0,0,0,0,3.3729056224899403,3.373908634538147,996
1700726220000,0,0,0,0,0,0,3.3744021164021403,3.3754074074074265,1134
1700726280000,0,0,0,0,0,0,3.373540590405936,3.3745424354243654,542
1700726340000,0,0,0,0,0,0,3.373201219512213,3.3742042682927003,656
1700726400000,0,0,0,0,0,0,3.3751375358166196,3.376147564469904,698
1700726460000,0,0,0,0,0,0,3.376143540669834,3.3771578947368335,627
1700726520000,0,0,0,0,0,0,3.3819701923076337,3.3829778846153995,1040
1700726580000,0,0,0,0,0,0,3.3797925233644492,3.3808056074766353,535
1700726640000,0,0,0,0,0,0,3.378161538461525,3.379176923076942,390
1700726700000,0,0,0,0,0,0,3.37726377952755,3.378267716535419,508
1700726760000,0,0,0,0,0,0,3.3750134831461094,3.3760247191011388,890
1700726820000,0,0,0,0,0,0,3.3786653846154393,3.3796740384615798,1040
1700726880000,0,0,0,0,0,0,3.3770151260504147,3.3780184873949315,595
1700726940000,0,0,0,0,0,0,3.374841739130438,3.375853913043468,575
1700727000000,0,0,0,0,0,0,3.3735055432372696,3.37450997782706,451
1700727060000,0,0,0,0,0,0,3.375528992878989,3.3765340793489207,983
1700727120000,0,0,0,0,0,0,3.377729442970799,3.37874137931033,754
1700727180000,0,0,0,0,0,0,3.380976315789498,3.3819828947368413,760
1700727240000,0,0,0,0,0,0,3.3767949308755654,3.3777983870967843,868
1700727300000,0,0,0,0,0,0,3.374237600922721,3.3752410611302897,867
1700727360000,0,0,0,0,0,0,3.373512064343172,3.3745227882037505,1119
1700727420000,0,0,0,0,0,0,3.37639699248118,3.37740150375937,665
1700727480000,0,0,0,0,0,0,3.374904619970201,3.3759120715349935,671
1700727540000,0,0,0,0,0,0,3.374351626016257,3.3753556910568943,492
1700727600000,0,0,0,0,0,0,3.376100656455129,3.3771072210065585,457
1700727660000,0,0,0,0,0,0,3.376373385012917,3.3774237726098004,774
1700727720000,0,0,0,0,0,0,3.3765184049079555,3.3775291411042825,652
1700727780000,0,0,0,0,0,0,3.37320955882356,3.3742113970588417,544
1700727840000,0,0,0,0,0,0,3.373499170812628,3.3745190713101207,603
1700727900000,0,0,0,0,0,0,3.3740252293578217,3.375057339449549,436
1700727960000,0,0,0,0,0,0,3.3733734693877757,3.37443265306123,490
1700728020000,0,0,0,0,0,0,3.3739000000000194,3.3749090909090955,440
1700728080000,0,0,0,0,0,0,3.37430746268658,3.3753104477611893,335
1700728140000,0,0,0,0,0,0,3.374760709010353,3.3757917282126977,677
1700728200000,0,0,0,0,0,0,3.3743095768374336,3.3753296213808457,449
1700728260000,0,0,0,0,0,0,3.3747820512820526,3.3757970085469906,468
1700728320000,0,0,0,0,0,0,3.3745886889460257,3.3756015424164434,389
1700728380000,0,0,0,0,0,0,3.3737209737828002,3.3747378277153635,534
1700728440000,0,0,0,0,0,0,3.3764903100774792,3.3775019379844906,516
1700728500000,0,0,0,0,0,0,3.3793548872180508,3.3803639097744647,665
1700728560000,0,0,0,0,0,0,3.379904822335036,3.38091116751269,788
1700728620000,0,0,0,0,0,0,3.382299897645818,3.383310133060426,977
1700728680000,0,0,0,0,0,0,3.3821981981982363,3.383217717717726,666
1700728740000,0,0,0,0,0,0,3.3822137404580275,3.3832290076336062,655
1700728800000,0,0,0,0,0,0,3.384666151468323,3.385680061823779,647
1700728860000,0,0,0,0,0,0,3.3847956043955993,3.3858395604395426,455
1700728920000,0,0,0,0,0,0,3.3846237218813915,3.3856359918200294,489
1700728980000,0,0,0,0,0,0,3.3860647840531266,3.387096345514903,602
1700729040000,0,0,0,0,0,0,3.3900785440612853,3.3910855683269507,1566
1700729100000,0,0,0,0,0,0,3.39388201847901,3.3948848614073217,1407
1700729160000,0,0,0,0,0,0,3.3902517911975747,3.3912640736950106,977
1700729220000,0,0,0,0,0,0,3.390297766749393,3.391311000827103,1209
1700729280000,0,0,0,0,0,0,3.3906925754060704,3.391700696055671,862
1700729340000,0,0,0,0,0,0,3.3905467937608558,3.3915537261698083,1154
1700729400000,0,0,0,0,0,0,3.385179519595411,3.38619216182049,791
1700729460000,0,0,0,0,0,0,3.3842705530642796,3.3852825112107676,669
1700729520000,0,0,0,0,0,0,3.3862974358973967,3.3873162393161937,585
1700729580000,0,0,0,0,0,0,3.3872234636871292,3.3882444134078207,716
1700729640000,0,0,0,0,0,0,3.3875007680491067,3.388519201228887,651
1700729700000,0,0,0,0,0,0,3.388511210762311,3.3895269058295834,446
1700729760000,0,0,0,0,0,0,3.3908700947226147,3.3918782138024253,739
1700729820000,0,0,0,0,0,0,3.39302923076925,3.3940338461538286,650
1700729880000,0,0,0,0,0,0,3.394899721448426,3.3959080779944064,718
1700729940000,0,0,0,0,0,0,3.3953677204658654,3.396374376039893,601
1700730000000,0,0,0,0,0,0,3.3974433363553938,3.3984551223934516,1103
1700730060000,0,0,0,0,0,0,3.398028426395909,3.3990355329949087,985
1700730120000,0,0,0,0,0,0,3.396808118081121,3.3978154981549524,813
1700730180000,0,0,0,0,0,0,3.391537688442259,3.392556532663309,796
1700730240000,0,0,0,0,0,0,3.3876432552954143,3.3886833890747283,897
1700730300000,0,0,0,0,0,0,3.3840869565217537,3.3850991304347815,575
1700730360000,0,0,0,0,0,0,3.385528623629722,3.386540803897693,821
1700730420000,0,0,0,0,0,0,3.3862593144560145,3.387268256333813,671
1700730480000,0,0,0,0,0,0,3.3843569230769446,3.3853969230769123,650
1700730540000,0,0,0,0,0,0,3.3874679376082737,3.388483535528594,577
1700730600000,0,0,0,0,0,0,3.387792105263129,3.3888052631578853,380
1700730660000,0,0,0,0,0,0,3.3880174880762732,3.3890254372018926,629
1700730720000,0,0,0,0,0,0,3.386631443298948,3.3876391752577315,388
1700730780000,0,0,0,0,0,0,3.384336052202291,3.3853425774877466,613
1700730840000,0,0,0,0,0,0,3.3854292929292717,3.3864494949494564,594
1700730900000,0,0,0,0,0,0,3.388233062330609,3.3892439024390097,369
1700730960000,0,0,0,0,0,0,3.3858487584650048,3.3868577878103627,443
1700731020000,0,0,0,0,0,0,3.3823861671469677,3.3833948126801245,347
1700731080000,0,0,0,0,0,0,3.380797570850224,3.381809716599193,741
1700731140000,0,0,0,0,0,0,3.382878571428589,3.38389285714286,560
1700731200000,0,0,0,0,0,0,3.3818358895705702,3.3828542944785527,652
1700731260000,0,0,0,0,0,0,3.382234299516932,3.3832391304348084,414
1700731320000,0,0,0,0,0,0,3.380726432532382,3.381735674676545,541
1700731380000,0,0,0,0,0,0,3.3799700996677773,3.380983388704305,301
1700731440000,0,0,0,0,0,0,3.378878583473828,3.3799258010117827,593
1700731500000,0,0,0,0,0,0,3.3798293333333653,3.3808426666666813,750
1700731560000,0,0,0,0,0,0,3.3788109028960482,3.379822827938646,587
1700731620000,0,0,0,0,0,0,3.375830242510713,3.37683880171181,701
1700731680000,0,0,0,0,0,0,3.376707999999964,3.3777239999999638,500
1700731740000,0,0,0,0,0,0,3.377814313346201,3.3788394584139234,517
1700731800000,0,0,0,0,0,0,3.378656207366971,3.3796766712141784,733
1700731860000,0,0,0,0,0,0,3.3805589519650874,3.381582969432319,916
1700731920000,0,0,0,0,0,0,3.3785999999999885,3.379614545454596,550
1700731980000,0,0,0,0,0,0,3.376407843137255,3.3774352941176624,765
1700732040000,0,0,0,0,0,0,3.3741821493624964,3.3751967213114744,549
1700732100000,0,0,0,0,0,0,3.3740237659963657,3.375031078610605,547
1700732160000,0,0,0,0,0,0,3.376356209150299,3.3773594771241338,612
1700732220000,0,0,0,0,0,0,3.380364835164855,3.3813802197802194,455
1700732280000,0,0,0,0,0,0,3.3801685714285585,3.381190000000014,700
1700732340000,0,0,0,0,0,0,3.3813730569948333,3.3823920552677196,579
1700732400000,0,0,0,0,0,0,3.379341948310166,3.3803598409543105,503
1700732460000,0,0,0,0,0,0,3.3820939490445903,3.3831066878981093,628
1700732520000,0,0,0,0,0,0,3.3840399239543717,3.3850513307984627,526
1700732580000,0,0,0,0,0,0,3.38483374689826,3.3858436724565544,403
1700732640000,0,0,0,0,0,0,3.385950099800378,3.3869540918163294,501
1700732700000,0,0,0,0,0,0,3.3875335365853494,3.3885472560975245,656
1700732760000,0,0,0,0,0,0,3.3870332512315247,3.3880517241379158,812
1700732820000,0,0,0,0,0,0,3.387108818011216,3.3881163227016584,533
1700732880000,0,0,0,0,0,0,3.3860888888888727,3.3871018518518343,540
1700732940000,0,0,0,0,0,0,3.3869030612244724,3.3879285714285574,784
1700733000000,0,0,0,0,0,0,3.385669064748191,3.3866882494004544,417
1700733060000,0,0,0,0,0,0,3.3878138925294223,3.388828309305377,763
1700733120000,0,0,0,0,0,0,3.3868069835111947,3.3878157129000885,1031
1700733180000,0,0,0,0,0,0,3.3880043415339816,3.3890202604920625,691
1700733240000,0,0,0,0,0,0,3.388463470319606,3.3894634703196673,438
1700733300000,0,0,0,0,0,0,3.390390644753503,3.391415929203547,791
1700733360000,0,0,0,0,0,0,3.392829966329919,3.3938375420875553,1188
1700733420000,0,0,0,0,0,0,3.3954668275030255,3.3964740651387193,829
1700733480000,0,0,0,0,0,0,3.3962578313253107,3.397268674698751,830
1700733540000,0,0,0,0,0,0,3.3973852691218047,3.3983951841359334,706
1700733600000,0,0,0,0,0,0,3.3975454545454267,3.39855909090906,660
1700733660000,0,0,0,0,0,0,3.3967700127064475,3.3978055908513296,787
1700733720000,0,0,0,0,0,0,3.3947065026362107,3.3957240773286546,569
1700733780000,0,0,0,0,0,0,3.3920874316940233,3.3931038251366252,549
1700733840000,0,0,0,0,0,0,3.3912757352941436,3.3922886029411976,544
1700733900000,0,0,0,0,0,0,3.392301790281357,3.3933299232736758,391
1700733960000,0,0,0,0,0,0,3.389960714285717,3.390976190476208,840
1700734020000,0,0,0,0,0,0,3.3911419753086856,3.39215432098768,648
1700734080000,0,0,0,0,0,0,3.3916478873239524,3.3926678403755846,852
1700734140000,0,0,0,0,0,0,3.3934879852125834,3.3945027726432513,541
1700734200000,0,0,0,0,0,0,3.390817420435558,3.3918408710218086,597
1700734260000,0,0,0,0,0,0,3.390070850202414,3.3910728744939664,494
1700734320000,0,0,0,0,0,0,3.388322807017501,3.389345614035105,570
1700734380000,0,0,0,0,0,0,3.3873836858005757,3.388400302114755,662
1700734440000,0,0,0,0,0,0,3.388426636568835,3.3894492099322515,443
1700734500000,0,0,0,0,0,0,3.3874272727272534,3.388445454545426,440
1700734560000,0,0,0,0,0,0,3.3853362218370893,3.386346620450588,577
1700734620000,0,0,0,0,0,0,3.3807554347826234,3.381758152173917,368
1700734680000,0,0,0,0,0,0,3.380786856127914,3.381806394316172,563
1700734740000,0,0,0,0,0,0,3.381724452554774,3.3827445255474706,548
1700734800000,0,0,0,0,0,0,3.3802791164658768,3.3813072289156856,498
1700734860000,0,0,0,0,0,0,3.377790931989938,3.3788047858941694,794
1700734920000,0,0,0,0,0,0,3.376078048780475,3.377080487804865,410
1700734980000,0,0,0,0,0,0,3.376504317789264,3.3775388601036056,579
1700735040000,0,0,0,0,0,0,3.375380630630625,3.376409909909889,444
1700735100000,0,0,0,0,0,0,3.3730784313725932,3.3741294117647334,510
1700735160000,0,0,0,0,0,0,3.3706289855072336,3.3716449275362548,690
1700735220000,0,0,0,0,0,0,3.3725880398671206,3.37359468438539,301
1700735280000,0,0,0,0,0,0,3.373334736842117,3.3743621052631614,475
1700735340000,0,0,0,0,0,0,3.3726237942122435,3.3736495176848997,622
1700735400000,0,0,0,0,0,0,3.3734573863636594,3.374463068181829,352
1700735460000,0,0,0,0,0,0,3.3748220551378387,3.375837092731806,399
1700735520000,0,0,0,0,0,0,3.3774324324324208,3.378486486486444,666
1700735580000,0,0,0,0,0,0,3.377331606217608,3.37833851468046,579
1700735640000,0,0,0,0,0,0,3.3759696485622785,3.37697444089454,626
1700735700000,0,0,0,0,0,0,3.373345637583917,3.374369127516808,596
1700735760000,0,0,0,0,0,0,3.3690682110681895,3.370092664092626,777
1700735820000,0,0,0,0,0,0,3.3649143780290345,3.365964458804499,1238
1700735880000,0,0,0,0,0,0,3.365905918057664,3.3669256449165106,659
1700735940000,0,0,0,0,0,0,3.367827697262468,3.3688405797101195,621
1700736000000,0,0,0,0,0,0,3.36745238095235,3.3684653679653516,462
1700736060000,0,0,0,0,0,0,3.3682240566037707,3.3692358490565875,424
1700736120000,0,0,0,0,0,0,3.3662290748898562,3.3672422907488953,454
1700736180000,0,0,0,0,0,0,3.367146103896095,3.368160714285701,616
1700736240000,0,0,0,0,0,0,3.3635451936872545,3.364568149210906,697
1700736300000,0,0,0,0,0,0,3.364240625000007,3.365262499999999,320
1700736360000,0,0,0,0,0,0,3.364925714285738,3.3659371428571316,700
1700736420000,0,0,0,0,0,0,3.3651797752809,3.366192883895117,534
1700736480000,0,0,0,0,0,0,3.3666870748299202,3.367700680272091,588
1700736540000,0,0,0,0,0,0,3.366121126760557,3.367126760563363,355
1700736600000,0,0,0,0,0,0,3.3659287410926226,3.366940617577185,421
1700736660000,0,0,0,0,0,0,3.3640126582278724,3.3650300632911514,632
1700736720000,0,0,0,0,0,0,3.3619093369418445,3.362925575101516,739
1700736780000,0,1,0,123.0,123.0,1,3.359511627906956,3.3605286821705507,645
1700736840000,0,0,0,0,0,0,3.361105263157937,3.3621184210526556,608
1700736900000,0,0,0,0,0,0,3.3645205479452094,3.3655225048923567,511
1700736960000,0,0,0,0,0,0,3.3653301282051187,3.3663541666666688,624
1700737020000,0,0,0,0,0,0,3.3625115789473976,3.3635157894737264,475
1700737080000,0,0,0,0,0,0,3.3620934699103833,3.36311011523688,781
1700737140000,0,0,0,0,0,0,3.363709046454796,3.364713936430336,409
1700737200000,0,0,0,0,0,0,3.360625410733838,3.3616374589266598,913
1700737260000,0,0,0,0,0,0,3.3589628450106117,3.3599755838641094,942
1700737320000,0,0,0,0,0,0,3.359103515624972,3.3601132812499803,512
1700737380000,0,0,0,0,0,0,3.3583993453354872,3.3594091653027505,611
1700737440000,0,1,0,4.0,4.0,1,3.355528183716064,3.356568893528188,958
1700737500000,0,1,0,26.0,26.0,1,3.3522896405919584,3.3533023255814016,946
1700737560000,0,0,0,0,0,0,3.3524925373134433,3.353521321961621,938
1700737620000,0,0,0,0,0,0,3.351215581643553,3.3522251867662862,937
1700737680000,0,0,0,0,0,0,3.35237483953789,3.3533799743260704,779
1700737740000,0,0,0,0,0,0,3.3529375000000203,3.3539527027027245,592
1700737800000,0,0,0,0,0,0,3.3523976945245146,3.353417867435209,694
1700737860000,0,0,0,0,0,0,3.3518945260347572,3.352910547396527,749
1700737920000,0,0,0,0,0,0,3.349829081632654,3.350839285714269,392
1700737980000,0,0,0,0,0,0,3.345476127320955,3.346526525198917,754
1700738040000,0,1,0,23.0,23.0,1,3.3396388888888704,3.3406785714285916,1008
1700738100000,0,0,0,0,0,0,3.334113857677894,3.335158052434478,1335
1700738160000,0,0,0,0,0,0,3.3380914454277217,3.339115044247797,1017
1700738220000,0,1,0,776.0,776.0,1,3.3346249999999995,3.335703225806451,1240
1700738280000,0,0,0,0,0,0,3.329768656716498,3.3308215174129723,1608
1700738340000,0,0,0,0,0,0,3.3270730519481084,3.3281112012987273,1232
1700738400000,0,0,0,0,0,0,3.3272634408602335,3.3283142174433262,1674
1700738460000,0,0,0,0,0,0,3.3336318289786626,3.334662114014259,1684
1700738520000,0,0,0,0,0,0,3.3357649667405798,3.33679305247596,1353
1700738580000,0,1,0,3.0,3.0,1,3.3236684509869026,3.3247902308463786,2989
1700738640000,0,0,0,0,0,0,3.3265620879120243,3.327644505494532,1820
1700738700000,0,0,0,0,0,0,3.320393275598624,3.3214467651554007,1963
1700738760000,0,0,0,0,0,0,3.3246729396496337,3.32570279039585,1541
1700738820000,0,0,0,0,0,0,3.331488160291459,3.332504553734083,1098
1700738880000,0,0,0,0,0,0,3.332169216061159,3.3332017208412887,1046
1700738940000,0,0,0,0,0,0,3.3358174603174064,3.33684807256236,882
1700739000000,0,0,0,0,0,0,3.3360434027777583,3.337082465277749,1152
1700739060000,0,0,0,0,0,0,3.3374709351305962,3.338496208930085,1187
1700739120000,0,0,0,0,0,0,3.339091675447849,3.340116965226555,949
1700739180000,0,0,0,0,0,0,3.3386508728179325,3.3396670822942562,802
1700739240000,0,0,0,0,0,0,3.3389740259740033,3.339995129870112,616
1700739300000,0,0,0,0,0,0,3.3413819691577817,3.342413997627537,843
1700739360000,0,0,0,0,0,0,3.344137459807073,3.3451527331189777,1244
1700739420000,0,0,0,0,0,0,3.3471366208569666,3.3481455133387277,1237
1700739480000,0,0,0,0,0,0,3.347684491978635,3.3486978609625377,748
1700739540000,0,0,0,0,0,0,3.3478051612903226,3.3488141935483515,775
1700739600000,0,0,0,0,0,0,3.347531034482747,3.3485402298850584,435
1700739660000,0,0,0,0,0,0,3.343554535017217,3.344560275545371,871
1700739720000,0,0,0,0,0,0,3.3442531446541106,3.3452610062893244,636
1700739780000,0,0,0,0,0,0,3.3463526970954267,3.347369294605804,723
1700739840000,0,0,0,0,0,0,3.345765536723171,3.3467853107344543,354
1700739900000,0,0,0,0,0,0,3.342429292929296,3.3434419191919287,396
1700739960000,0,0,0,0,0,0,3.3444082503556345,3.3454224751066723,703
1700740020000,0,0,0,0,0,0,3.345695051783705,3.3466973532796405,869
1700740080000,0,0,0,0,0,0,3.344102179836543,3.3451430517711254,734
1700740140000,0,0,0,0,0,0,3.334719999999998,3.335746923076912,1300
1700740200000,0,0,0,0,0,0,3.3368104639684364,3.3378213228035754,1013
1700740260000,0,0,0,0,0,0,3.339249695493268,3.3402606577344427,821
1700740320000,0,0,0,0,0,0,3.3379674234945385,3.3389782823296565,1013
1700740380000,0,0,0,0,0,0,3.334459833795031,3.3354764542936426,361
1700740440000,0,0,0,0,0,0,3.3340376175548694,3.335087774294683,957
1700740500000,0,0,0,0,0,0,3.3348629032258303,3.3358897849462434,744
1700740560000,0,0,0,0,0,0,3.337591973244119,3.338615384615357,598
1700740620000,0,0,0,0,0,0,3.3404518518517996,3.3414607407407892,675
1700740680000,0,0,0,0,0,0,3.3409947368420863,3.3420236842105373,380
1700740740000,0,0,0,0,0,0,3.340742857142819,3.3417563025209813,595
1700740800000,0,0,0,0,0,0,3.3422169553327215,3.343224247948942,1097
1700740860000,0,0,0,0,0,0,3.3417553802008197,3.3427790530846377,1394
1700740920000,0,0,0,0,0,0,3.339326233183836,3.3403396860986416,892
1700740980000,0,0,0,0,0,0,3.3383313609467495,3.3393530571992285,1014
1700741040000,0,0,0,0,0,0,3.33957525392431,3.340584487534635,1083
1700741100000,0,0,0,0,0,0,3.3373150183150178,3.3383186813186603,546
1700741160000,0,0,0,0,0,0,3.3383742971887833,3.339382329317245,1245
1700741220000,0,0,0,0,0,0,3.3424068010075767,3.343411838790948,794
1700741280000,0,0,0,0,0,0,3.3464656019656296,3.3474729729729606,814
1700741340000,0,0,0,0,0,0,3.347277087033734,3.348293072824135,563
1700741400000,0,0,0,0,0,0,3.346006880733925,3.347019495412804,872
1700741460000,0,0,0,0,0,0,3.3440845697328934,3.3451038575667518,1348
1700741520000,0,0,0,0,0,0,3.348101503759432,3.3491062030075116,1064
1700741580000,0,0,0,0,0,0,3.3489140369967374,3.349932535364551,919
1700741640000,0,0,0,0,0,0,3.3495823899371038,3.350599999999995,795
1700741700000,0,0,0,0,0,0,3.3510586907449587,3.3520790067720174,886
1700741760000,0,0,0,0,0,0,3.3501701469451124,3.3511825212683855,1293
1700741820000,0,0,0,0,0,0,3.34818240620958,3.3491914618370013,773
1700741880000,0,0,0,0,0,0,3.3488784403669705,3.3498944954128786,872
1700741940000,0,0,0,0,0,0,3.3484017699115203,3.3494141592920594,1130
1700742000000,0,0,0,0,0,0,3.3503354497354096,3.3513428571429027,945
1700742060000,0,0,0,0,0,0,3.3525627306273047,3.3535848708486884,1084
1700742120000,0,0,0,0,0,0,3.3552216142271285,3.3562311901504662,731
1700742180000,0,0,0,0,0,0,3.356364688856726,3.3573733719247376,691
1700742240000,0,0,0,0,0,0,3.3538751375137434,3.35489108910885,1818
1700742300000,0,0,0,0,0,0,3.3535108225108208,3.3545165945166264,693
1700742360000,0,0,0,0,0,0,3.3551776094276433,3.3561910774411325,1188
1700742420000,0,0,0,0,0,0,3.3576780072904073,3.358688942891818,823
1700742480000,0,0,0,0,0,0,3.3583481894150093,3.359370473537593,718
1700742540000,0,0,0,0,0,0,3.355015894039763,3.356027814569572,755
1700742600000,0,0,0,0,0,0,3.3557373358348976,3.3567429643527085,533
1700742660000,0,0,0,0,0,0,3.3490009514748236,3.3500095147478635,1051
1700742720000,0,0,0,0,0,0,3.346815315315304,3.3478318318318263,666
1700742780000,0,0,0,0,0,0,3.343838773491572,3.3448862512363977,1011
1700742840000,0,0,0,0,0,0,3.3429916567342386,3.344016686531602,839
1700742900000,0,0,0,0,0,0,3.341270588235252,3.342275630252136,595
1700742960000,0,0,0,0,0,0,3.3383230403800646,3.339330166270776,842
1700743020000,0,0,0,0,0,0,3.3338470681458143,3.3348637083993626,1262
1700743080000,0,0,0,0,0,0,3.3370545905707196,3.3380744416873473,806
1700743140000,0,0,0,0,0,0,3.3405214384508763,3.341532503457825,723
1700743200000,0,0,0,0,0,0,3.342072544642893,3.3430859375000144,896
1700743260000,0,0,0,0,0,0,3.341006430868194,3.3420310825294886,933
1700743320000,0,0,0,0,0,0,3.336245182012826,3.3372558886509527,934
1700743380000,0,0,0,0,0,0,3.3395103324348443,3.340523809523774,1113
1700743440000,0,0,0,0,0,0,3.342038461538421,3.3430467032967233,728
1700743500000,0,0,0,0,0,0,3.3417362893815676,3.3427432905484458,857
1700743560000,0,0,0,0,0,0,3.339366618075822,3.340398688046689,1372
1700743620000,0,0,0,0,0,0,3.3368072054527396,3.3378179162610007,1027
1700743680000,0,0,0,0,0,0,3.339489779231384,3.340507767784117,1223
1700743740000,0,0,0,0,0,0,3.3421625239005763,3.3431739961759033,1046
1700743800000,0,0,0,0,0,0,3.3439370179948775,3.344946015424214,778
1700743860000,0,0,0,0,0,0,3.3443345900094115,3.345344015080094,1061
1700743920000,0,0,0,0,0,0,3.338602883355182,3.3396120576670913,763
1700743980000,0,0,0,0,0,0,3.337448888888862,3.338482962962946,675
1700744040000,0,0,0,0,0,0,3.3339638009050185,3.334977375565631,663
1700744100000,0,0,0,0,0,0,3.3332806691450183,3.33430483271378,538
1700744160000,0,0,0,0,0,0,3.3330910112359766,3.3341112359550396,890
1700744220000,0,0,0,0,0,0,3.331422487223215,3.3324378194208237,587
1700744280000,0,0,0,0,0,0,3.3334139020537332,3.334439178515015,633
1700744340000,0,0,0,0,0,0,3.3335432873275024,3.3345595984943595,797
1700744400000,0,0,0,0,0,0,3.3356697819314785,3.336682242990639,642
1700744460000,0,0,0,0,0,0,3.332203296703329,3.333235347985356,1092
1700744520000,0,0,0,0,0,0,3.335454666666672,3.3364733333333376,750
1700744580000,0,0,0,0,0,0,3.340347931873464,3.341355231143508,822
1700744640000,0,0,0,0,0,0,3.337712643678127,3.3387310344827186,870
1700744700000,0,0,0,0,0,0,3.33460138648181,3.3356239168111026,577
1700744760000,0,0,0,0,0,0,3.3363197831978257,3.337352303523041,1107
1700744820000,0,0,0,0,0,0,3.3347296918767677,3.335753501400569,714
1700744880000,0,0,0,0,0,0,3.3319867549668647,3.333022075055175,453
1700744940000,0,0,0,0,0,0,3.332396057347706,3.333412186379947,558
1700745000000,0,0,0,0,0,0,3.3310513513513467,3.3320918918918743,370
1700745060000,0,0,0,0,0,0,3.3310480349344775,3.332055676855853,916
1700745120000,0,0,0,0,0,0,3.336577576443917,3.337610419026057,883
1700745180000,0,0,0,0,0,0,3.3372662721893476,3.3383210059171478,676
1700745240000,0,0,0,0,0,0,3.33797027600848,3.3389787685774914,471
1700745300000,0,0,0,0,0,0,3.3374175365344434,3.3384258872651253,479
1700745360000,0,0,0,0,0,0,3.3363416988417147,3.3373532818532796,518
1700745420000,0,0,0,0,0,0,3.3358065573770594,3.3368180327868773,610
1700745480000,0,0,0,0,0,0,3.335082242990654,3.3360915887850577,535
1700745540000,0,0,0,0,0,0,3.3360487528344382,3.3370714285714116,882
1700745600000,0,0,0,0,0,0,3.3347993254637536,3.3358043844856833,593
1700745660000,0,0,0,0,0,0,3.3359550858652627,3.336963011889039,757
1700745720000,0,0,0,0,0,0,3.3402425373133955,3.34126492537313,536
1700745780000,0,0,0,0,0,0,3.340350482315105,3.3413569131832834,622
1700745840000,0,0,0,0,0,0,3.3401656441717655,3.3411828220858566,815
1700745900000,0,0,0,0,0,0,3.3417970749542714,3.342829981718518,547
1700745960000,0,0,0,0,0,0,3.3415446339016817,3.3426178535606517,997
1700746020000,0,0,0,0,0,0,3.342322000000024,3.3433440000000174,500
1700746080000,0,0,0,0,0,0,3.343304635761615,3.344319536423883,604
1700746140000,0,0,0,0,0,0,3.3402063492063423,3.341210012209955,819
1700746200000,0,0,0,0,0,0,3.3416737357259017,3.3426900489396583,613
1700746260000,0,0,0,0,0,0,3.342586092715248,3.3435927152318325,604
1700746320000,0,0,0,0,0,0,3.3400590219223925,3.3410590219223817,593
1700746380000,0,0,0,0,0,0,3.3360969325153036,3.33710306748467,815
1700746440000,0,0,0,0,0,0,3.3375723542116544,3.3385766738660756,463
1700746500000,0,0,0,0,0,0,3.337158064516089,3.338161290322561,930
1700746560000,0,0,0,0,0,0,3.33659427207635,3.337614558472518,838
1700746620000,0,0,0,0,0,0,3.3372804718217464,3.338292267365655,763
1700746680000,0,0,0,0,0,0,3.3370740740740783,3.338085297418629,891
1700746740000,0,0,0,0,0,0,3.3393413461538226,3.3403541666666285,624
1700746800000,0,0,0,0,0,0,3.338635394456262,3.3396396588486024,469
1700746860000,0,0,0,0,0,0,3.336661513425509,3.337674532139917,1229
1700746920000,0,0,0,0,0,0,3.3327709090909288,3.333792727272737,1100
1700746980000,0,0,0,0,0,0,3.3295851063829454,3.330604863221874,658
1700747040000,0,0,0,0,0,0,3.3304615384615532,3.33147435897436,312
1700747100000,0,0,0,0,0,0,3.32919822485205,3.330208579881627,676
1700747160000,0,0,0,0,0,0,3.331258918296854,3.332266973532789,869
1700747220000,0,0,0,0,0,0,3.3308185801928167,3.331834355828235,1141
1700747280000,0,0,0,0,0,0,3.3294162042175244,3.330431742508337,901
1700747340000,0,0,0,0,0,0,3.3262829629629866,3.3273118518518134,1350
1700747400000,0,0,0,0,0,0,3.3223720452209218,3.323405960945507,973
1700747460000,0,0,0,0,0,0,3.323814861460978,3.3248362720402884,794
1700747520000,0,0,0,0,0,0,3.3194881043745585,3.320501918649295,1303
1700747580000,0,0,0,0,0,0,3.3199593679458084,3.320974040632073,886
1700747640000,0,0,0,0,0,0,3.3225933333333555,3.323611111111115,450
1700747700000,0,0,0,0,0,0,3.326758426966278,3.327771535580496,534
1700747760000,0,0,0,0,0,0,3.3291412765957418,3.3301855319149247,1175
1700747820000,0,0,0,0,0,0,3.3260755667506565,3.327084382871564,794
1700747880000,0,0,0,0,0,0,3.3263929058663315,3.3274065484311084,733
1700747940000,0,0,0,0,0,0,3.328096892138914,3.3291188299816765,547
1700748000000,0,0,0,0,0,0,3.3269842312746514,3.328021024967159,761
1700748060000,0,0,0,0,0,0,3.3277448880233917,3.3287614410905757,1027
1700748120000,0,0,0,0,0,0,3.3302497055359397,3.331268551236736,849
1700748180000,0,0,0,0,0,0,3.3340177865612777,3.3350296442687806,506
1700748240000,0,0,0,0,0,0,3.334641547861514,3.3356680244399315,491
1700748300000,0,0,0,0,0,0,3.337070351758818,3.3381035175879448,995
1700748360000,0,0,0,0,0,0,3.3391666666666646,3.3401798941798617,756
1700748420000,0,0,0,0,0,0,3.3409384328358076,3.3419570895522512,536
1700748480000,0,0,0,0,0,0,3.342325459317588,3.343343832021007,381
1700748540000,0,0,0,0,0,0,3.3451890243902453,3.346204268292681,656
1700748600000,0,0,0,0,0,0,3.3439629337539816,3.344974763406864,1268
1700748660000,0,0,0,0,0,0,3.34116810631227,3.3421734219268973,1505
1700748720000,0,0,0,0,0,0,3.3419700544464135,3.342975499092569,1102
1700748780000,0,0,0,0,0,0,3.34383714285716,3.3448485714285887,350
1700748840000,0,0,0,0,0,0,3.3428411764705985,3.3438470588235742,510
1700748900000,0,0,0,0,0,0,3.3422359882005868,3.3432507374631264,339
1700748960000,0,0,0,0,0,0,3.343093681917254,3.34410239651419,459
1700749020000,0,0,0,0,0,0,3.3436985157699066,3.344719851577016,1078
1700749080000,0,0,0,0,0,0,3.3483136954858796,3.349317521040558,1307
1700749140000,0,0,0,0,0,0,3.348715133531224,3.349722551928753,1348
1700749200000,0,0,0,0,0,0,3.347900000000003,3.348913157894747,760
1700749260000,0,0,0,0,0,0,3.344789126853345,3.345798187808877,1214
1700749320000,0,0,0,0,0,0,3.3354864864864755,3.336531185031167,962
1700749380000,0,0,0,0,0,0,3.333469298245626,3.334485745614037,912
1700749440000,0,0,0,0,0,0,3.333841830065373,3.334878431372544,765
1700749500000,0,0,0,0,0,0,3.3342490118577417,3.335287220026343,759
1700749560000,0,0,0,0,0,0,3.3345279017856972,3.3355636160714512,896
1700749620000,0,0,0,0,0,0,3.3346370716511236,3.335657320872286,642
1700749680000,0,0,0,0,0,0,3.333641762452141,3.3346590038314434,522
1700749740000,0,0,0,0,0,0,3.3338166666666775,3.334833333333346,540
1700749800000,0,0,0,0,0,0,3.3328901601830823,3.3339084668192274,437
1700749860000,0,0,0,0,0,0,3.3349568965516934,3.335984913793066,928
1700749920000,0,0,0,0,0,0,3.3323678025851824,3.333376028202092,851
1700749980000,0,0,0,0,0,0,3.3309665697674165,3.3319767441860386,688
1700750040000,0,0,0,0,0,0,3.3306768982229458,3.331696284329602,619
1700750100000,0,0,0,0,0,0,3.3344437086092835,3.3354519867549755,604
1700750160000,0,0,0,0,0,0,3.3362268518518046,3.3372418981481493,864
1700750220000,0,0,0,0,0,0,3.3365147625160145,3.3375314505776634,779
1700750280000,0,0,0,0,0,0,3.337493670886054,3.3385094936708626,632
1700750340000,0,0,0,0,0,0,3.3404505494504924,3.3414656593406935,728
1700750400000,0,0,0,0,0,0,3.337192866578587,3.3382906208718492,757
1700750460000,0,0,0,0,0,0,3.334528301886821,3.335554030874803,583
1700750520000,0,0,0,0,0,0,3.3342767857142936,3.33527976190477,336
1700750580000,0,0,0,0,0,0,3.3339623188405683,3.3349797101449274,345
1700750640000,0,0,0,0,0,0,3.335380487804888,3.3363853658536575,410
1700750700000,0,0,0,0,0,0,3.33375954198475,3.3347919847328438,524
1700750760000,0,0,0,0,0,0,3.3317503924646434,3.3327692307692187,637
1700750820000,0,0,0,0,0,0,3.330119047619015,3.3311468253968544,504
1700750880000,0,0,0,0,0,0,3.329119318181817,3.3301193181818203,176
1700750940000,0,0,0,0,0,0,3.3299553719007915,3.3309884297520753,605
1700751000000,0,0,0,0,0,0,3.3326133333333443,3.3336377777777915,450
1700751060000,0,0,0,0,0,0,3.331584745762711,3.332597457627115,236
1700751120000,0,0,0,0,0,0,3.3232138728323366,3.324239884393083,692
1700751180000,0,1,0,13.0,13.0,1,3.31190929451287,3.3129540873460153,893
1700751240000,0,0,0,0,0,0,3.3115689655172242,3.3125862068965453,464
1700751300000,0,0,0,0,0,0,3.3140013140604596,3.315015768725396,761
1700751360000,0,0,0,0,0,0,3.315662436548256,3.3166776649746663,1182
1700751420000,0,0,0,0,0,0,3.3188594104308664,3.319870748299319,882
1700751480000,0,0,0,0,0,0,3.3198083462132586,3.320836166924234,647
1700751540000,0,0,0,0,0,0,3.3216756032171255,3.3226849865951937,746
1700751600000,0,0,0,0,0,0,3.321637795275591,3.3226552930883453,1143
1700751660000,0,0,0,0,0,0,3.3220895270269777,3.323108108108132,592
1700751720000,0,0,0,0,0,0,3.32352582159627,3.3245289514867125,639
1700751780000,0,0,0,0,0,0,3.326871099050219,3.327896879240124,737
1700751840000,0,0,0,0,0,0,3.326348336594963,3.3273590998043234,1022
1700751900000,0,0,0,0,0,0,3.325178477690311,3.326186351706043,381
1700751960000,0,0,0,0,0,0,3.3265238678090854,3.327534883720945,817
1700752020000,0,0,0,0,0,0,3.328827292110841,3.3298358208954912,469
1700752080000,0,0,0,0,0,0,3.3265899390244167,3.3276158536585356,656
1700752140000,0,0,0,0,0,0,3.325256484149879,3.326265129683018,347
1700752200000,0,0,0,0,0,0,3.322405660377358,3.3234182389936997,318
1700752260000,0,0,0,0,0,0,3.3212413314840163,3.3222579750346477,721
1700752320000,0,0,0,0,0,0,3.3209717868338733,3.3219811912225783,319
1700752380000,0,0,0,0,0,0,3.3164966592427656,3.3175167037862,449
1700752440000,0,0,0,0,0,0,3.3142196261682475,3.315238317757037,428
1700752500000,0,0,0,0,0,0,3.310786036036022,3.3118108108107958,444
1700752560000,0,0,0,0,0,0,3.3085971563980916,3.3096524486571774,633
1700752620000,0,0,0,0,0,0,3.311441176470587,3.3124516806722872,476
1700752680000,0,0,0,0,0,0,3.312364864864864,3.313371621621616,148
1700752740000,0,0,0,0,0,0,3.3052522851919663,3.306312614259641,547
1700752800000,0,1,0,28.0,28.0,1,3.301571428571401,3.3026145552560737,742
1700752860000,0,0,0,0,0,0,3.3007695852534553,3.3018248847926177,217
1700752920000,0,0,0,0,0,0,3.2918974358974253,3.2929649122806905,741
1700752980000,0,0,0,0,0,0,3.295606828193801,3.2966365638766346,908
1700753040000,0,0,0,0,0,0,3.2970475728155515,3.2980970873786086,1030
1700753100000,0,0,0,0,0,0,3.296312949640303,3.297353717026356,834
1700753160000,0,0,0,0,0,0,3.2921323529411994,3.2931727941176545,1088
1700753220000,0,0,0,0,0,0,3.289028677150776,3.290073080481015,1081
1700753280000,0,0,0,0,0,0,3.288185344827642,3.2892465517241414,1160
1700753340000,0,0,0,0,0,0,3.293527616279091,3.2945377906976914,688
1700753400000,0,0,0,0,0,0,3.2958000000000127,3.296837762237781,715
1700753460000,0,0,0,0,0,0,3.293271004942308,3.2942973640856783,1214
1700753520000,0,1,0,2127.0,2127.0,1,3.287665137614668,3.2887262996941704,654
1700753580000,0,0,0,0,0,0,3.295047461368649,3.2960860927152007,906
1700753640000,0,0,0,0,0,0,3.3028263888888563,3.3038541666666688,1008
1700753700000,0,0,0,0,0,0,3.3067757352941145,3.307801470588216,816
1700753760000,0,0,0,0,0,0,3.308421585160203,3.309435075885316,1186
1700753820000,0,0,0,0,0,0,3.313299748110842,3.3143463476070654,794
1700753880000,0,0,0,0,0,0,3.3107357259379566,3.311765089722665,613
1700753940000,0,0,0,0,0,0,3.309298507462684,3.310326865671628,670
1700754000000,0,0,0,0,0,0,3.3057407975460453,3.3067745398773134,652
1700754060000,0,0,0,0,0,0,3.3036679209783855,3.3046914393226707,1063
1700754120000,0,0,0,0,0,0,3.307005802707912,3.3080473887814486,1034
1700754180000,0,0,0,0,0,0,3.3107318548386933,3.311745967741973,496
1700754240000,0,0,0,0,0,0,3.311017699115042,3.312039190897555,791
1700754300000,0,0,0,0,0,0,3.3087355864811085,3.3097455268389413,503
1700754360000,0,0,0,0,0,0,3.3099450072358683,3.310962373371949,691
1700754420000,0,0,0,0,0,0,3.304393325387417,3.3054088200238487,839
1700754480000,0,0,0,0,0,0,3.3014073660714156,3.3024207589285437,896
1700754540000,0,0,0,0,0,0,3.3000922330097047,3.3011116504854265,412
1700754600000,0,0,0,0,0,0,3.3017025920872913,3.302733287858136,1466
1700754660000,0,0,0,0,0,0,3.303548936170213,3.3045608510638442,1175
1700754720000,0,0,0,0,0,0,3.3012666666666477,3.302300740740769,675
1700754780000,0,0,0,0,0,0,3.298080536912764,3.299120805369146,447
1700754840000,0,0,0,0,0,0,3.290474497681584,3.2915347758886995,647
1700754900000,0,0,0,0,0,0,3.2938140794224102,3.2948267148014554,554
1700754960000,0,0,0,0,0,0,3.297157992565059,3.298184014869909,1076
1700755020000,0,0,0,0,0,0,3.2963742177722413,3.297401752190238,799
1700755080000,0,0,0,0,0,0,3.2931454293628732,3.2941703601108165,722
1700755140000,0,0,0,0,0,0,3.295789168278537,3.296796905222446,517
1700755200000,0,0,0,0,0,0,3.298154142581887,3.2991695568400554,519
1700755260000,0,0,0,0,0,0,3.296798449612428,3.2978113695090494,387
1700755320000,0,0,0,0,0,0,3.2979958734525985,3.2990082530949025,1454
1700755380000,0,0,0,0,0,0,3.305736328125007,3.3067919921874602,1024
1700755440000,0,0,0,0,0,0,3.3077692974848576,3.308781439722476,1153
1700755500000,0,0,0,0,0,0,3.309265477439643,3.310272822665279,953
1700755560000,0,0,0,0,0,0,3.310568862275448,3.3115851154832887,1169
1700755620000,0,0,0,0,0,0,3.312097345132709,3.313115044247771,904
1700755680000,0,0,0,0,0,0,3.3152755905511744,3.3162913385826966,1143
1700755740000,0,0,0,0,0,0,3.3184944320712626,3.319526726057918,898
1700756100000,0,0,0,0,0,0,3.319,3.32,1
1700756160000,0,0,0,0,0,0,3.319803212851409,3.3208353413654783,249
1700756220000,0,0,0,0,0,0,3.3200131578947176,3.3210246710525975,608
1700756280000,0,0,0,0,0,0,3.318994594594592,3.320010810810792,555
1700756340000,0,0,0,0,0,0,3.316753743760418,3.317792013311148,601
1700756400000,0,0,0,0,0,0,3.3157024169184597,3.3167265861027166,662
1700756460000,0,0,0,0,0,0,3.315020866773706,3.3160385232744987,623
1700756520000,0,0,0,0,0,0,3.316598951507254,3.317609436435126,763
1700756580000,0,0,0,0,0,0,3.3213339466421044,3.3223762649493724,1087
1700756640000,0,0,0,0,0,0,3.325256505576204,3.3263197026022606,807
1700756700000,0,0,0,0,0,0,3.325164599774525,3.3261860202931053,887
1700756760000,0,0,0,0,0,0,3.3243806941431564,3.325409978308066,922
1700756820000,0,0,0,0,0,0,3.322714465408809,3.3237257861635263,795
1700756880000,0,0,0,0,0,0,3.3220065963060454,3.323025065963066,758
1700756940000,0,0,0,0,0,0,3.3230115830116076,3.324019305019315,518
1700757000000,0,0,0,0,0,0,3.3262920353982395,3.327312684365774,339
1700757060000,0,0,0,0,0,0,3.3269341216216453,3.3279535472973127,1184
1700757120000,0,0,0,0,0,0,3.325512000000022,3.3265146666666707,375
1700757180000,0,0,0,0,0,0,3.3227857733663804,3.3237998345740225,1209
1700757240000,0,0,0,0,0,0,3.3218217934165426,3.322844494892125,881
1700757300000,0,0,0,0,0,0,3.323460251046037,3.324470711297089,478
1700757360000,0,0,0,0,0,0,3.3227586891757492,3.32376961271101,1007
1700757420000,0,0,0,0,0,0,3.325592899408267,3.32661656804737,845
1700757480000,0,0,0,0,0,0,3.323493684210561,3.324497894736855,950
1700757540000,0,0,0,0,0,0,3.3202427480915775,3.3212580152671465,655
1700757600000,0,0,0,0,0,0,3.3222357859531377,3.3232441471572285,598
1700757660000,0,0,0,0,0,0,3.3226095041322385,3.3236157024793136,968
1700757720000,0,0,0,0,0,0,3.3200414428242673,3.3210452801228256,1303
1700757780000,0,0,0,0,0,0,3.321453248811388,3.3224611727417015,631
1700757840000,0,0,0,0,0,0,3.3202770199370377,3.3212864637985287,953
1700757900000,0,0,0,0,0,0,3.3185249406175856,3.3195629453681774,842
1700757960000,0,0,0,0,0,0,3.3175414012738607,3.3185467091295044,942
1700758020000,0,0,0,0,0,0,3.3142948717949197,3.3153307692307554,780
1700758080000,0,0,0,0,0,0,3.320688034188026,3.3217297008546924,936
1700758140000,0,0,0,0,0,0,3.3281692589204055,3.3291884720951637,1093
1700758200000,0,0,0,0,0,0,3.3261623309052872,3.3271748178980105,961
1700758260000,0,0,0,0,0,0,3.3237606986899726,3.324781659388651,1145
1700758320000,0,0,0,0,0,0,3.3225520559930177,3.323567804024482,1143
1700758380000,0,0,0,0,0,0,3.3212125398512202,3.3222231668438114,941
1700758440000,0,0,0,0,0,0,3.319951945080065,3.3209645308924385,874
1700758500000,0,0,0,0,0,0,3.322281391830538,3.3232904689864085,661
1700758560000,0,0,0,0,0,0,3.3239115646258792,3.3249210884353952,735
1700758620000,0,0,0,0,0,0,3.325635233160636,3.3266445595855507,965
1700758680000,0,0,0,0,0,0,3.325361393323676,3.3263744557329296,689
1700758740000,0,0,0,0,0,0,3.3230116054158336,3.324021276595762,517
1700758800000,0,0,0,0,0,0,3.3219850523168826,3.323007473841562,669
1700758860000,0,0,0,0,0,0,3.3228210412147487,3.323834056399143,922
1700758920000,0,0,0,0,0,0,3.3277371458552625,3.328751836306368,1906
1700758980000,0,0,0,0,0,0,3.3311028301886694,3.3321141509434145,1060
1700759040000,0,0,0,0,0,0,3.3335380059230224,3.334550839091756,1013
1700759100000,0,0,0,0,0,0,3.3343149466192457,3.335327402135252,562
1700759160000,0,0,0,0,0,0,3.336050141911066,3.337093661305596,1057
1700759220000,0,0,0,0,0,0,3.3387182608695465,3.3397269565217145,575
1700759280000,0,0,0,0,0,0,3.3348961038961082,3.3359294990723507,1078
1700759340000,0,0,0,0,0,0,3.336842842842871,3.3378868868868943,999
1700759400000,0,0,0,0,0,0,3.336562043795624,3.3375821167883233,548
1700759460000,0,0,0,0,0,0,3.3352039355993104,3.3362200357781813,559
1700759520000,0,0,0,0,0,0,3.333643695014695,3.3346700879765567,682
1700759580000,0,0,0,0,0,0,3.33330888030889,3.3343281853281797,518
1700759640000,0,0,0,0,0,0,3.337594339622668,3.338616037735867,1060
1700759700000,0,0,0,0,0,0,3.337158311345629,3.3381781002638378,758
1700759760000,0,0,0,0,0,0,3.3350531645569297,3.3360928270041796,1185
1700759820000,0,0,0,0,0,0,3.332794781382199,3.333815232722146,1418
1700759880000,0,0,0,0,0,0,3.3332559339525445,3.3342776057791395,969
1700759940000,0,0,0,0,0,0,3.336051651143101,3.337067739204059,1181
1700760000000,0,0,0,0,0,0,3.336670816044231,3.3376887966804882,723
1700760060000,0,0,0,0,0,0,3.3378341625207053,3.3388474295190536,603
1700760120000,0,0,0,0,0,0,3.337241873804929,3.338248565965603,1046
1700760180000,0,0,0,0,0,0,3.3378861538461626,3.3388969230769034,650
1700760240000,0,0,0,0,0,0,3.3378991999999803,3.3389215999999657,625
1700760300000,0,0,0,0,0,0,3.3387821782178113,3.3397861386138397,505
1700760360000,0,0,0,0,0,0,3.3377879699248076,3.338806015037648,1330
1700760420000,0,0,0,0,0,0,3.3366756198347174,3.337694214876056,968
1700760480000,0,0,0,0,0,0,3.3372817764165266,3.338287901990814,653
1700760540000,0,0,0,0,0,0,3.3353891891891916,3.3364108108108153,555
1700760600000,0,0,0,0,0,0,3.3381518833535706,3.3391749696233255,823
1700760660000,0,0,0,0,0,0,3.3360500894454517,3.3370733452593906,559
1700760720000,0,0,0,0,0,0,3.3349005305039823,3.3359058355437656,754
1700760780000,0,0,0,0,0,0,3.336193138500655,3.337202033036835,787
1700760840000,0,0,0,0,0,0,3.3358372943327423,3.336859232175503,547
1700760900000,0,0,0,0,0,0,3.334406000000006,3.3354180000000113,500
1700760960000,0,0,0,0,0,0,3.332761478163506,3.333780515117599,893
1700761020000,0,0,0,0,0,0,3.330170015455939,3.331190108191623,647
1700761080000,0,0,0,0,0,0,3.3294285714285703,3.3304342857142664,525
1700761140000,0,0,0,0,0,0,3.328424855491318,3.3294364161849654,346
1700761200000,0,0,0,0,0,0,3.3300208333333234,3.331033854166676,384
1700761260000,0,0,0,0,0,0,3.3282901849217477,3.3293115220483673,703
1700761320000,0,0,0,0,0,0,3.3304718670076374,3.3314795396419408,782
1700761380000,0,0,0,0,0,0,3.330693251533731,3.331719018404933,815
1700761440000,0,0,0,0,0,0,3.327796391752564,3.328814432989663,388
1700761500000,0,0,0,0,0,0,3.329906666666628,3.3309183333333565,600
1700761560000,0,0,0,0,0,0,3.3306999999999674,3.331712820512815,780
1700761620000,0,0,0,0,0,0,3.333593548387106,3.3346154838709725,775
1700761680000,0,0,0,0,0,0,3.3340789754535556,3.3350960512273202,937
1700761740000,0,0,0,0,0,0,3.3360728571428706,3.337081428571412,700
1700761800000,0,0,0,0,0,0,3.3373163444639644,3.3383268892794273,569
1700761860000,0,0,0,0,0,0,3.3381062670300103,3.3391262488646567,1101
1700761920000,0,0,0,0,0,0,3.335598373983766,3.336603252032532,615
1700761980000,0,0,0,0,0,0,3.333339943342789,3.3343569405099105,706
1700762040000,0,0,0,0,0,0,3.333822937625767,3.334870221327927,994
1700762100000,0,0,0,0,0,0,3.3373698630137314,3.33837484433371,803
1700762160000,0,0,0,0,0,0,3.3371877162630104,3.33819636678201,1156
1700762220000,0,0,0,0,0,0,3.334857737682139,3.335878556557868,1441
1700762280000,0,0,0,0,0,0,3.331788944723685,3.332806173725764,1393
1700762340000,0,0,0,0,0,0,3.3322918287937724,3.333307392996103,257
1700762400000,0,0,0,0,0,0,3.331900000000029,3.332924444444454,450
1700762460000,0,0,0,0,0,0,3.33197398373984,3.332986991869956,615
1700762520000,0,0,0,0,0,0,3.332731446059648,3.333745218056613,1307
1700762580000,0,0,0,0,0,0,3.3313890624999942,3.3323953125000427,640
1700762640000,0,0,0,0,0,0,3.3293511293634177,3.330353182751532,487
1700762700000,0,0,0,0,0,0,3.3334268943436642,3.334445037353205,937
1700762760000,0,0,0,0,0,0,3.337463395012101,3.3384762670957233,1243
1700762820000,0,0,0,0,0,0,3.3411315453384383,3.3421596424010596,783
1700762880000,0,0,0,0,0,0,3.3451153846153834,3.3461430288461376,832
1700762940000,0,0,0,0,0,0,3.343421985815634,3.34443971631206,846
1700763000000,0,0,0,0,0,0,3.3408749999999956,3.341899999999994,920
1700763060000,0,0,0,0,0,0,3.3421715176715416,3.3431954261954173,962
1700763120000,0,0,0,0,0,0,3.3391285598047347,3.3401521562245815,1229
1700763180000,0,0,0,0,0,0,3.3380890985325036,3.339111111111112,954
1700763240000,0,0,0,0,0,0,3.337201160541583,3.338210831721458,517
1700763300000,0,0,0,0,0,0,3.3378541458541684,3.3388751248751234,1001
1700763360000,0,0,0,0,0,0,3.3393315954119194,3.340343065693405,959
1700763420000,0,0,0,0,0,0,3.3389852071005777,3.339994082840206,676
1700763480000,0,0,0,0,0,0,3.340354445797812,3.3413788063337693,821
1700763540000,0,0,0,0,0,0,3.3423040380047406,3.3433159144893647,842
1700763600000,0,0,0,0,0,0,3.34035597189693,3.341375878220114,854
1700763660000,0,0,0,0,0,0,3.3404950738915904,3.341507389162583,812
1700763720000,0,0,0,0,0,0,3.3392477973568426,3.340268722466939,908
1700763780000,0,0,0,0,0,0,3.3381726804123906,3.3391984536082284,776
1700763840000,0,0,0,0,0,0,3.3375809806834873,3.3385913818722144,673
1700763900000,0,0,0,0,0,0,3.337136585365841,3.3381463414633923,410
1700763960000,0,0,0,0,0,0,3.3394243697478676,3.340436974789897,714
1700764020000,0,0,0,0,0,0,3.3353628140703404,3.33637085427133,995
1700764080000,0,0,0,0,0,0,3.334466069142107,3.3354942381562096,781
1700764140000,0,0,0,0,0,0,3.335050403225818,3.336066532258074,496
1700764200000,0,0,0,0,0,0,3.3327238001959074,3.333748285994126,1021
1700764260000,0,0,0,0,0,0,3.33456249999999,3.3355883152173726,736
1700764320000,0,0,0,0,0,0,3.335011494252891,3.336026819923374,522
1700764380000,0,0,0,0,0,0,3.336928348909639,3.337943925233621,642
1700764440000,0,0,0,0,0,0,3.334282392026596,3.335295681063148,602
1700764500000,0,0,0,0,0,0,3.3355633802816906,3.3365714285714203,497
1700764560000,0,0,0,0,0,0,3.3359819494584895,3.3369945848375333,554
1700764620000,0,0,0,0,0,0,3.335687179487192,3.3366923076923216,390
1700764680000,0,0,0,0,0,0,3.3344054580896922,3.335424951267073,513
1700764740000,0,0,0,0,0,0,3.3360204545454546,3.33703863636362,440
1700764800000,0,0,0,0,0,0,3.3336355851569794,3.334661274976228,1051
1700764860000,0,0,0,0,0,0,3.334957600827276,3.3359669079627534,967
1700764920000,0,0,0,0,0,0,3.331935323383076,3.332948590381469,603
1700764980000,0,0,0,0,0,0,3.3302857142857074,3.3312980295566366,406
1700765040000,0,0,0,0,0,0,3.3306565656565734,3.331676767676769,198
1700765100000,0,0,0,0,0,0,3.3312955665024595,3.332315270936003,609
1700765160000,0,0,0,0,0,0,3.3324547781570075,3.3334667235494813,1172
1700765220000,0,0,0,0,0,0,3.3345876515986443,3.3356063947078503,907
1700765280000,0,0,0,0,0,0,3.3356442105263246,3.3366505263157777,475
1700765340000,0,0,0,0,0,0,3.3359007782101164,3.336914396887146,514
1700765400000,0,0,0,0,0,0,3.3382269841269454,3.339282539682494,630
1700765460000,0,0,0,0,0,0,3.338976539589423,3.339994134897335,682
1700765520000,0,0,0,0,0,0,3.3386159527326327,3.339626292466762,677
1700765580000,0,0,0,0,0,0,3.336842576028621,3.337871198568858,559
1700765640000,0,0,0,0,0,0,3.3339443005181333,3.3349727979274806,772
1700765700000,0,0,0,0,0,0,3.333827195467416,3.3348470254957663,353
1700765760000,0,0,0,0,0,0,3.3342207357859803,3.335237458194,598
1700765820000,0,0,0,0,0,0,3.3299298507462405,3.330944776119385,670
1700765880000,0,0,0,0,0,0,3.3325919811320968,3.3336014150943467,424
1700765940000,0,0,0,0,0,0,3.332637080867881,3.333654832347155,507
1700766000000,0,0,0,0,0,0,3.332232142857141,3.333238095238103,168
1700766060000,0,0,0,0,0,0,3.3323009922822733,3.333307607497268,907
1700766120000,0,0,0,0,0,0,3.329802507837004,3.3308087774294743,319
1700766180000,0,0,0,0,0,0,3.3269797724399397,3.3279886219974513,791
1700766240000,0,0,0,0,0,0,3.3236121212121392,3.3246323232323505,495
1700766300000,0,0,0,0,0,0,3.3205208333333336,3.321567401960747,816
1700766360000,0,0,0,0,0,0,3.3160721205597374,3.317141011840662,929
1700766420000,0,0,0,0,0,0,3.3137486702127905,3.314799202127666,752
1700766480000,0,0,0,0,0,0,3.315609195402323,3.316627586206904,435
1700766540000,0,0,0,0,0,0,3.3091789264413616,3.3102495029820918,1006
1700766600000,0,0,0,0,0,0,3.3097760097918965,3.3108090575275266,817
1700766660000,0,0,0,0,0,0,3.312717898832716,3.3137276264591624,514
1700766720000,0,0,0,0,0,0,3.3128541374473635,3.3138695652174164,713
1700766780000,0,0,0,0,0,0,3.313651960784315,3.3146715686274737,408
1700766840000,0,0,0,0,0,0,3.3167129411764686,3.3177199999999893,425
1700766900000,0,0,0,0,0,0,3.3165674300254655,3.3175725190839707,393
1700766960000,0,0,0,0,0,0,3.318665142857133,3.31968228571428,875
1700767020000,0,0,0,0,0,0,3.322583673469383,3.323587755102066,735
1700767080000,0,0,0,0,0,0,3.325725206611615,3.326741735537218,968
1700767140000,0,0,0,0,0,0,3.328420987654322,3.329439506172824,810
1700767200000,0,0,0,0,0,0,3.3272076923077085,3.32821692307692,650
1700767260000,0,0,0,0,0,0,3.323063439065102,3.324086811352273,599
1700767320000,0,0,0,0,0,0,3.321347989949718,3.322369346733643,796
1700767380000,0,0,0,0,0,0,3.3199217986314666,3.320934506353836,1023
1700767440000,0,0,0,0,0,0,3.3200792253520888,3.321091549295745,568
1700767500000,0,0,0,0,0,0,3.317751953125002,3.318771484374998,512
1700767560000,0,0,0,0,0,0,3.31654797230464,3.3175637982196364,1011
1700767620000,0,0,0,0,0,0,3.3163501006036467,3.3173541247484946,497
1700767680000,0,0,0,0,0,0,3.3189246794871408,3.319931089743549,624
1700767740000,0,0,0,0,0,0,3.318547884187077,3.319559020044534,449
1700767800000,0,0,0,0,0,0,3.318327122153188,3.319337474120084,483
1700767860000,0,0,0,0,0,0,3.316710424710434,3.3177181467181405,518
1700767920000,0,0,0,0,0,0,3.316298181818201,3.317301818181818,550
1700767980000,0,0,0,0,0,0,3.3149366197183445,3.315947183098622,568
1700768040000,0,0,0,0,0,0,3.315858712715876,3.3168681318681315,637
1700768100000,0,0,0,0,0,0,3.3199203778677138,3.320931174089045,741
1700768160000,0,0,0,0,0,0,3.3190232804232886,3.320031746031744,945
1700768220000,0,0,0,0,0,0,3.321114673242917,3.3221196054253945,811
1700768280000,0,0,0,0,0,0,3.3194468438537963,3.3204518272424988,602
1700768340000,0,0,0,0,0,0,3.3199561243144022,3.320970749542957,547
1700768400000,0,0,0,0,0,0,3.3180893470790354,3.3191099656357324,582
1700768460000,0,0,0,0,0,0,3.3181564625850317,3.3191714285714076,735
1700768520000,0,0,0,0,0,0,3.319106969205819,3.320129659643419,617
1700768580000,0,0,0,0,0,0,3.319051851851833,3.320069135802457,405
1700768640000,0,0,0,0,0,0,3.3194046692606825,3.3204202334630186,514
1700768700000,0,0,0,0,0,0,3.318738738738722,3.31975900900899,444
1700768760000,0,0,0,0,0,0,3.322475982532722,3.3234825327511284,916
1700768820000,0,0,0,0,0,0,3.3231563342317667,3.324169811320761,742
1700768880000,0,0,0,0,0,0,3.3238353413654806,3.3248473895582498,498
1700768940000,0,0,0,0,0,0,3.324064748201455,3.3250827338129683,556
1700769000000,0,0,0,0,0,0,3.323355395683487,3.324375539568341,695
1700769060000,0,0,0,0,0,0,3.3265085574572817,3.3275484922575584,1227
1700769120000,0,0,0,0,0,0,3.327854790419169,3.3288667664670357,668
1700769180000,0,0,0,0,0,0,3.326961290322577,3.3279806451612712,465
1700769240000,0,0,0,0,0,0,3.323718430034124,3.324725255972727,586
1700769300000,0,0,0,0,0,0,3.3214442595673597,3.322460898502491,601
1700769360000,0,0,0,0,0,0,3.318451063829785,3.319451063829785,470
1700769420000,0,0,0,0,0,0,3.317110070257607,3.31812177985947,427
1700769480000,0,0,0,0,0,0,3.31643465909092,3.3174517045454555,352
1700769540000,0,0,0,0,0,0,3.315273684210566,3.3162789473684477,570
1700769600000,0,0,0,0,0,0,3.314294117647075,3.315326086956523,782
1700769660000,0,0,0,0,0,0,3.3149236111111424,3.315943055555561,720
1700769720000,0,0,0,0,0,0,3.3154378818737578,3.3164501018330084,491
1700769780000,0,0,0,0,0,0,3.314138539042836,3.31515365239295,397
1700769840000,0,0,0,0,0,0,3.3138978102190095,3.314906934306598,548
1700769900000,0,0,0,0,0,0,3.3167934508816015,3.3178010075566573,397
1700769960000,0,0,0,0,0,0,3.3207086956521668,3.321719565217376,920
1700770020000,0,0,0,0,0,0,3.321648854961842,3.3226564885496126,262
1700770080000,0,0,0,0,0,0,3.323524904214571,3.324532567049813,522
1700770140000,0,0,0,0,0,0,3.3260708092485616,3.3270838150289133,692
1700770200000,0,0,0,0,0,0,3.3237341337907367,3.324763293310504,583
1700770260000,0,0,0,0,0,0,3.322588744588741,3.3235930735930705,231
1700770320000,0,0,0,0,0,0,3.320420062695932,3.3214357366771274,319
1700770380000,0,0,0,0,0,0,3.3183434343434204,3.3193484848484607,396
1700770440000,0,0,0,0,0,0,3.3197864864864983,3.320794594594589,370
1700770500000,0,0,0,0,0,0,3.3200725326991547,3.3210784780023754,841
1700770560000,0,0,0,0,0,0,3.3212113289760485,3.3222287581699677,459
1700770620000,0,0,0,0,0,0,3.3244204081632858,3.3254244897959238,245
1700770680000,0,0,0,0,0,0,3.326714601769905,3.327716814159268,452
1700770740000,0,0,0,0,0,0,3.3249517345400146,3.325954751131231,663
1700770800000,0,0,0,0,0,0,3.3260315789473727,3.327049999999991,380
1700770860000,0,0,0,0,0,0,3.32574444444446,3.326753703703705,540
1700770920000,0,0,0,0,0,0,3.3278653136531284,3.328876383763827,542
1700770980000,0,0,0,0,0,0,3.3259411764706006,3.326946778711479,357
1700771040000,0,0,0,0,0,0,3.328375989445899,3.3294010554089604,758
1700771100000,0,0,0,0,0,0,3.3294872204472554,3.3305031948881454,626
1700771160000,0,0,0,0,0,0,3.3306024955436357,3.331613190730814,561
1700771220000,0,0,0,0,0,0,3.3299682539682505,3.3309907407407238,756
1700771280000,0,0,0,0,0,0,3.3294309764309507,3.330430976430998,297
1700771340000,0,0,0,0,0,0,3.3293460317460197,3.3303523809523936,315
1700771400000,0,0,0,0,0,0,3.330117647058812,3.3311357466063107,442
1700771460000,0,0,0,0,0,0,3.3282392717815346,3.329247074122249,769
1700771520000,0,0,0,0,0,0,3.326199796126393,3.327208970438287,981
1700771580000,0,0,0,0,0,0,3.3238815789473874,3.324898325358888,836
1700771640000,0,0,0,0,0,0,3.3201155555555277,3.321135555555538,450
1700771700000,0,0,0,0,0,0,3.320512145748969,3.321524291497942,494
1700771760000,0,0,0,0,0,0,3.31940595399191,3.320415426251663,739
1700771820000,0,0,0,0,0,0,3.3181270833333176,3.3191270833333206,480
1700771880000,0,0,0,0,0,0,3.316287190082659,3.317299586776862,484
1700771940000,0,0,0,0,0,0,3.316105617977541,3.317119101123596,445
1700772000000,0,0,0,0,0,0,3.3184395061728194,3.319444444444428,405
1700772060000,0,0,0,0,0,0,3.320521203830332,3.321533515731895,731
1700772120000,0,0,0,0,0,0,3.3195178571428223,3.3205238095237783,672
1700772180000,0,0,0,0,0,0,3.322194444444459,3.323200231481496,864
1700772240000,0,0,0,0,0,0,3.3202025316455432,3.321207956600325,553
1700772300000,0,0,0,0,0,0,3.3190875576036922,3.320096774193533,651
1700772360000,0,0,0,0,0,0,3.317920205920218,3.3189266409266045,777
1700772420000,0,0,0,0,0,0,3.316130091984256,3.317148488830494,761
1700772480000,0,0,0,0,0,0,3.3189334565618984,3.319937153419581,541
1700772540000,0,0,0,0,0,0,3.3213955479451602,3.3224006849315315,584
1700772600000,0,0,0,0,0,0,3.3222721202003154,3.323285475793023,599
1700772660000,0,0,0,0,0,0,3.3202882051282074,3.321292307692301,975
1700772720000,0,0,0,0,0,0,3.3228936170212937,3.323897163120587,564
1700772780000,0,0,0,0,0,0,3.323768382352964,3.324775735294152,544
1700772840000,0,0,0,0,0,0,3.3234446640316126,3.3244496047430925,1012
1700772900000,0,0,0,0,0,0,3.3243824503311394,3.3253841059602895,604
1700772960000,0,0,0,0,0,0,3.3242012288786604,3.325224270353324,651
1700773020000,0,0,0,0,0,0,3.322669291338562,3.323679790026253,381
1700773080000,0,0,0,0,0,0,3.3245111821086497,3.3255143769968183,313
1700773140000,0,0,0,0,0,0,3.325000000000021,3.326000000000015,338
1700773200000,0,0,0,0,0,0,3.323036121673022,3.324041825095059,1052
1700773260000,0,0,0,0,0,0,3.324131553860813,3.3251429933269634,1049
1700773320000,0,0,0,0,0,0,3.327991329479754,3.3290014450866736,692
1700773380000,0,0,0,0,0,0,3.328117845117819,3.3291313131312705,594
1700773440000,0,0,0,0,0,0,3.3314592592593066,3.3324777777778043,540
1700773500000,0,0,0,0,0,0,3.3325962441314574,3.3336103286384877,213
1700773560000,0,0,0,0,0,0,3.334802874743325,3.335806981519517,974
1700773620000,0,0,0,0,0,0,3.3393454545454344,3.3403624242424237,825
1700773680000,0,0,0,0,0,0,3.3386515151515064,3.339669191919188,396
1700773740000,0,0,0,0,0,0,3.3397156488549355,3.3407652671755645,524
1700773800000,0,0,0,0,0,0,3.3424693877551115,3.343487394957977,833
1700773860000,0,0,0,0,0,0,3.342147896879251,3.343199457259182,737
1700773920000,0,0,0,0,0,0,3.3400395569619983,3.341056962025282,632
1700773980000,0,0,0,0,0,0,3.3383049095607134,3.3393255813953635,387
1700774040000,0,0,0,0,0,0,3.3358159645232996,3.336840354767182,451
1700774100000,0,0,0,0,0,0,3.338293478260838,3.3393074534161302,644
1700774160000,0,0,0,0,0,0,3.3379935897435735,3.3390045787545244,1092
1700774220000,0,0,0,0,0,0,3.3367629179331737,3.3377771023303,987
1700774280000,0,0,0,0,0,0,3.3380888111887943,3.339097902097965,1430
1700774340000,0,0,0,0,0,0,3.3337626582278324,3.3347721518987385,316
1700774400000,0,0,0,0,0,0,3.333547368421068,3.334557894736854,475
1700774460000,0,0,0,0,0,0,3.3358530259365895,3.33686167146979,1041
1700774520000,0,0,0,0,0,0,3.3372868318122246,3.338298565840906,767
1700774580000,0,0,0,0,0,0,3.3356414728682315,3.3366511627906945,516
1700774640000,0,0,0,0,0,0,3.3358383458646714,3.3368533834586405,532
1700774700000,0,0,0,0,0,0,3.3366722488038403,3.3376818181818124,418
1700774760000,0,0,0,0,0,0,3.3359248826290915,3.3369319248826392,852
1700774820000,0,0,0,0,0,0,3.3335617977528083,3.334573033707884,801
1700774880000,0,0,0,0,0,0,3.3350812274368438,3.336097472924195,554
1700774940000,0,0,0,0,0,0,3.3337923728813665,3.334809322033915,472
1700775000000,0,0,0,0,0,0,3.333622710622721,3.334636141636151,819
1700775060000,0,0,0,0,0,0,3.3338891257995806,3.334895522388061,469
1700775120000,0,0,0,0,0,0,3.331338498212149,3.3323480333730675,839
1700775180000,0,0,0,0,0,0,3.328036719706236,3.3290538555691693,817
1700775240000,0,0,0,0,0,0,3.3267098765432372,3.3277197530864373,810
1700775300000,0,0,0,0,0,0,3.328680387409188,3.329687651331711,413
1700775360000,0,0,0,0,0,0,3.330139877300616,3.3311509202454554,815
1700775420000,0,0,0,0,0,0,3.3281819672130863,3.329198360655688,610
1700775480000,0,0,0,0,0,0,3.3281045296167338,3.329117305458791,861
1700775540000,0,0,0,0,0,0,3.3267221556886555,3.3277353293413277,835
1700775600000,0,0,0,0,0,0,3.3248566176470935,3.3259503676470823,544
1700775660000,0,0,0,0,0,0,3.3255368289637897,3.326543071161035,801
1700775720000,0,0,0,0,0,0,3.32434896551723,3.325354482758635,725
1700775780000,0,0,0,0,0,0,3.326035264483614,3.3270491183879285,794
1700775840000,0,0,0,0,0,0,3.3254073569482365,3.326434604904657,734
1700775900000,0,0,0,0,0,0,3.326295774647893,3.327304577464776,568
1700775960000,0,0,0,0,0,0,3.3255990639625836,3.326606864274584,641
1700776020000,0,0,0,0,0,0,3.3237933884298165,3.3247992916174987,847
1700776080000,0,0,0,0,0,0,3.3249152777778144,3.3259208333333437,720
1700776140000,0,0,0,0,0,0,3.3267809330628855,3.3277971602433984,493
1700776200000,0,0,0,0,0,0,3.326602316602316,3.3276023166023005,259
1700776260000,0,0,0,0,0,0,3.328882882882852,3.3298906048906005,777
1700776320000,0,0,0,0,0,0,3.3306938110749305,3.3316938110749175,307
1700776380000,0,0,0,0,0,0,3.331692015209121,3.332711026615963,263
1700776440000,0,0,0,0,0,0,3.3315882352941055,3.3325882352941316,357
1700776500000,0,0,0,0,0,0,3.328648261758671,3.329656441717754,489
1700776560000,0,0,0,0,0,0,3.3299113924050454,3.3309261603375635,474
1700776620000,0,0,0,0,0,0,3.3283664459160915,3.3294613686533983,453
1700776680000,0,0,0,0,0,0,3.328586666666654,3.3296533333333285,300
1700776740000,0,0,0,0,0,0,3.3307848837209018,3.331788759689965,516
1700776800000,0,0,0,0,0,0,3.330686453576832,3.3317031963470285,657
1700776860000,0,0,0,0,0,0,3.3305772594751986,3.3316020408163096,686
1700776920000,0,0,0,0,0,0,3.328881226053624,3.329890804597699,522
1700776980000,0,0,0,0,0,0,3.328750688705207,3.3297741046831657,726
1700777040000,0,0,0,0,0,0,3.3282591170825104,3.3292725527831006,521
1700777100000,0,0,0,0,0,0,3.328947955390316,3.32994795539035,269
1700777160000,0,0,0,0,0,0,3.327561194029848,3.3286507462686403,670
1700777220000,0,0,0,0,0,0,3.3298303571428627,3.3308333333333464,336
1700777280000,0,0,0,0,0,0,3.33150289017343,3.3325317919075186,346
1700777340000,0,0,0,0,0,0,3.3294625407165803,3.330480456026024,614
1700777400000,0,0,0,0,0,0,3.328822641509424,3.329833962264128,265
1700777460000,0,0,0,0,0,0,3.3279999999999856,3.328999999999991,208
1700777520000,0,0,0,0,0,0,3.3276565656565555,3.328663299663277,297
1700777580000,0,0,0,0,0,0,3.33037155963301,3.331383792048982,654
1700777640000,0,0,0,0,0,0,3.330043618739874,3.331051696284299,619
1700777700000,0,0,0,0,0,0,3.3318492822966568,3.3328492822966993,836
1700777760000,0,0,0,0,0,0,3.332759322033922,3.3337774011299426,885
1700777820000,0,0,0,0,0,0,3.332976595744704,3.3339787234042597,470
1700777880000,0,0,0,0,0,0,3.3324842406876845,3.333530085959877,349
1700777940000,0,0,0,0,0,0,3.3342258064516246,3.3352332506203575,403
1700778000000,0,0,0,0,0,0,3.334692126909518,3.3357356051703677,851
1700778060000,0,0,0,0,0,0,3.335764139590804,3.3367689530685842,831
1700778120000,0,0,0,0,0,0,3.335999999999965,3.3369999999999904,772
1700778180000,0,0,0,0,0,0,3.3360000000000114,3.3369999999999904,492
1700778240000,0,0,0,0,0,0,3.3348045375218542,3.3358115183246344,573
1700778300000,0,0,0,0,0,0,3.3311522727272527,3.3321613636363683,440
1700778360000,0,0,0,0,0,0,3.331287949921778,3.332312989045416,639
1700778420000,0,0,0,0,0,0,3.331420959147447,3.3324280639431967,563
1700778480000,0,0,0,0,0,0,3.3344116129032386,3.335412903225774,775
1700778540000,0,0,0,0,0,0,3.336373352855049,3.3373748169838975,683
1700778600000,0,0,0,0,0,0,3.3366357267950946,3.33763922942205,571
1700778660000,0,0,0,0,0,0,3.339295633500405,3.3402970651396027,1397
1700778720000,0,0,0,0,0,0,3.3401835883170627,3.3411849791376715,719
1700778780000,0,0,0,0,0,0,3.3406441860464975,3.3416465116279332,860
1700778840000,0,0,0,0,0,0,3.339936381709716,3.3409363817097044,503
1700778900000,0,0,0,0,0,0,3.342416940249435,3.3434175968483277,1523
1700778960000,0,0,0,0,0,0,3.34147547974416,3.3424808102345636,938
1700779020000,0,0,0,0,0,0,3.3409351351350813,3.3419362162162654,925
1700779080000,0,0,0,0,0,0,3.340433002481333,3.3414354838710123,806
1700779140000,0,0,0,0,0,0,3.342210912906616,3.3432140608604515,953
1700779200000,0,0,0,0,0,0,3.343537748344389,3.3445390728476907,755
1700779260000,0,0,0,0,0,0,3.342751732101547,3.3437603926097217,1732
1700779320000,0,0,0,0,0,0,3.3416493108729037,3.342656967840766,653
1700779380000,0,0,0,0,0,0,3.3429999999999596,3.3440000000000407,991
1700779440000,0,0,0,0,0,0,3.343529010238879,3.344533788395889,1465
1700779500000,0,0,0,0,0,0,3.3438233215548063,3.3448244994110716,1698
1700779560000,0,0,0,0,0,0,3.3439296875000326,3.3449296874999894,768
1700779620000,0,0,0,0,0,0,3.3430000000000204,3.344000000000034,510
1700779680000,0,0,0,0,0,0,3.343226384364844,3.3442345276873247,614
1700779740000,0,0,0,0,0,0,3.344000000000032,3.3450000000000224,449
1700779800000,0,0,0,0,0,0,3.3436871165644155,3.3446993865030783,163
1700779860000,0,0,0,0,0,0,3.3453081924577455,3.3463094928478943,769
1700779920000,0,0,0,0,0,0,3.3459917241379338,3.3469931034482943,725
1700779980000,0,0,0,0,0,0,3.3461756978653527,3.347175697865331,609
1700780040000,0,0,0,0,0,0,3.351272541819717,3.352275805793451,2451
1700780100000,0,0,0,0,0,0,3.3537900207900395,3.3547941787942,481
1700780160000,0,0,0,0,0,0,3.353000000000016,3.3540000000000285,546
1700780220000,0,0,0,0,0,0,3.3530000000000113,3.3540000000000276,490
1700780280000,0,0,0,0,0,0,3.353865561694318,3.354865561694307,543
1700780340000,0,0,0,0,0,0,3.351344736842086,3.3523500000000173,380
1700780400000,0,0,0,0,0,0,3.350397260273973,3.351406392694099,657
1700780460000,0,0,0,0,0,0,3.3519927745665097,3.3530057803468223,692
1700780520000,0,0,0,0,0,0,3.3542747474747734,3.355288888888896,495
1700780580000,0,0,0,0,0,0,3.3528239277652467,3.3538284424379428,443
1700780640000,0,0,0,0,0,0,3.3547990797546157,3.3558220858895664,652
1700780700000,0,0,0,0,0,0,3.355222648752411,3.3562264875239873,521
1700780760000,0,0,0,0,0,0,3.352564853556515,3.3535801952580306,717
1700780820000,0,0,0,0,0,0,3.3556480000000057,3.3566773333333426,750
1700780880000,0,0,0,0,0,0,3.3555662020905985,3.3565923344947595,574
1700780940000,0,0,0,0,0,0,3.355300107181174,3.3563161843515914,933
1700781000000,0,0,0,0,0,0,3.355236507936521,3.3562507936507835,630
1700781060000,0,0,0,0,0,0,3.354706790123466,3.355720679012353,648
1700781120000,0,0,0,0,0,0,3.3540649819494894,3.3550758122743805,554
1700781180000,0,0,0,0,0,0,3.3535218658892276,3.3545306122449112,343
1700781240000,0,0,0,0,0,0,3.354142222222229,3.3551511111111165,225
1700781300000,0,0,0,0,0,0,3.355211678832128,3.3562189781021874,274
1700781360000,0,0,0,0,0,0,3.3553200612557466,3.356341500765683,653
1700781420000,0,0,0,0,0,0,3.3510495049504834,3.352055445544588,505
1700781480000,0,0,0,0,0,0,3.3518490566037817,3.352856132075469,424
1700781540000,0,0,0,0,0,0,3.352754122938564,3.353767616191923,667
1700781600000,0,0,0,0,0,0,3.350947674418616,3.3519767441860804,516
1700781660000,0,0,0,0,0,0,3.348475124378138,3.3494912935323207,804
1700781720000,0,0,0,0,0,0,3.347744347826062,3.3487634782608353,575
1700781780000,0,0,0,0,0,0,3.349472375690622,3.350480662983441,362
1700781840000,0,0,0,0,0,0,3.3493428571428647,3.3503571428571566,210
1700781900000,0,0,0,0,0,0,3.347713881019818,3.3487280453257653,353
1700781960000,0,0,0,0,0,0,3.3465550847457637,3.347569915254224,472
1700782020000,0,0,0,0,0,0,3.346430830039516,3.34745059288536,253
1700782080000,0,0,0,0,0,0,3.34509070294787,3.34613151927438,441
1700782140000,0,0,0,0,0,0,3.3442533333333655,3.345280000000016,375
1700782200000,0,0,0,0,0,0,3.3440589569161134,3.3450748299319963,441
1700782260000,0,0,0,0,0,0,3.345900000000005,3.3469127659574323,470
1700782320000,0,0,0,0,0,0,3.3491370370370124,3.3501444444444983,540
1700782380000,0,0,0,0,0,0,3.3478295165394254,3.348837150127197,393
1700782440000,0,0,0,0,0,0,3.3493203342618343,3.3503231197771832,359
1700782500000,0,0,0,0,0,0,3.348141353383454,3.3491443609022347,665
1700782560000,0,0,0,0,0,0,3.344629963898954,3.3456389891696903,554
1700782620000,0,0,0,0,0,0,3.345343283582096,3.346358208955215,536
1700782680000,0,0,0,0,0,0,3.343431271477695,3.344439862542991,582
1700782740000,0,0,0,0,0,0,3.3426165191740345,3.3436253687315816,339
1700782800000,0,0,0,0,0,0,3.34254213836477,3.343554716981146,795
1700782860000,0,0,0,0,0,0,3.343910514541407,3.3449172259508124,447
1700782920000,0,0,0,0,0,0,3.34480547945207,3.3458164383561675,365
1700782980000,0,0,0,0,0,0,3.343506211180115,3.3445155279503247,322
1700783040000,0,0,0,0,0,0,3.342730496453912,3.343737588652489,423
1700783100000,0,0,0,0,0,0,3.342901898734167,3.3439145569620385,316
1700783160000,0,0,0,0,0,0,3.341059574468082,3.342062411347566,705
1700783220000,0,0,0,0,0,0,3.340221893491125,3.341233727810661,338
1700783280000,0,0,0,0,0,0,3.3424795918367143,3.3434795918367626,294
1700783340000,0,0,0,0,0,0,3.3427608200455654,3.3437699316628797,439
1700783400000,0,0,0,0,0,0,3.343443017656538,3.3444558587480206,623
1700783460000,0,0,0,0,0,0,3.344683250414508,3.345684079601995,1206
1700783520000,0,0,0,0,0,0,3.3446675862069077,3.3456703448275835,725
1700783580000,0,0,0,0,0,0,3.3432911392405074,3.344291139240542,395
1700783640000,0,0,0,0,0,0,3.3431586206896813,3.3441641379310107,725
1700783700000,0,0,0,0,0,0,3.3438294573643828,3.3448372093023004,774
1700783760000,0,0,0,0,0,0,3.342974806201576,3.3439786821705715,516
1700783820000,0,0,0,0,0,0,3.3462833517089714,3.3472899669239187,907
1700783880000,0,0,0,0,0,0,3.3475747011952017,3.3485776892430534,1004
1700783940000,0,0,0,0,0,0,3.345796969696923,3.346802272727284,1320
1700784000000,0,0,0,0,0,0,3.3454597315436407,3.346461409395968,596
1700784060000,0,0,0,0,0,0,3.3476762778505593,3.348681520314554,763
1700784120000,0,0,0,0,0,0,3.3491137614678785,3.350123853210986,1090
1700784180000,0,0,0,0,0,0,3.3509254807692397,3.3519302884615483,416
1700784240000,0,0,0,0,0,0,3.351566084788069,3.352572319201999,802
1700784300000,0,0,0,0,0,0,3.3518027681660785,3.352809688581352,867
1700784360000,0,0,0,0,0,0,3.3518121974830533,3.3528151016457097,1033
1700784420000,0,0,0,0,0,0,3.3515972369819638,3.35260148777896,941
1700784480000,0,0,0,0,0,0,3.3487007772020947,3.3497085492227767,772
1700784540000,0,0,0,0,0,0,3.3465303030303093,3.3475735930735855,462
1700784600000,0,0,0,0,0,0,3.343096543504199,3.3441215733015763,839
1700784660000,0,0,0,0,0,0,3.337711538461522,3.338733333333319,780
1700784720000,0,0,0,0,0,0,3.339102459016382,3.34013114754096,488
1700784780000,0,0,0,0,0,0,3.338847999999982,3.3398759999999843,500
1700784840000,0,0,0,0,0,0,3.3370060975609754,3.3380182926829285,328
1700784900000,0,0,0,0,0,0,3.3340691144708554,3.3351166306695603,463
1700784960000,0,0,0,0,0,0,3.3358644939965654,3.3368747855917524,583
1700785020000,0,0,0,0,0,0,3.337279518072292,3.338308433734932,415
1700785080000,0,0,0,0,0,0,3.3413921282799106,3.342419825072907,686
1700785140000,0,0,0,0,0,0,3.3513433734940112,3.352368674698784,830
1700785200000,0,0,0,0,0,0,3.3494731517509977,3.350482490272401,1285
1700785260000,0,0,0,0,0,0,3.349790099009892,3.350811881188102,1010
1700785320000,0,0,0,0,0,0,3.3539473684210632,3.3549660441426146,589
1700785380000,1,0,376.0,0,376.0,1,3.361967783505142,3.3630244845360964,776
1700785440000,1,0,11.0,0,11.0,1,3.366815384615366,3.3678938461538395,650
1700785500000,1,0,40.0,0,40.0,1,3.3697880133185687,3.370839067702582,901
1700785560000,0,0,0,0,0,0,3.3628817635270285,3.363903807615233,998
1700785620000,0,0,0,0,0,0,3.366360975609753,3.3674048780487666,615
1700785680000,0,0,0,0,0,0,3.363258215962454,3.364305164319235,852
1700785740000,0,0,0,0,0,0,3.3632745098039436,3.3643025210084234,357
1700785800000,0,0,0,0,0,0,3.360268436578173,3.361286135693206,339
1700785860000,0,0,0,0,0,0,3.3618966756514044,3.3629182389936814,1113
1700785920000,0,0,0,0,0,0,3.3619177057356797,3.362955112219471,401
1700785980000,0,0,0,0,0,0,3.3674563345633466,3.3684883148831277,813
1700786040000,0,0,0,0,0,0,3.376729920564871,3.377749338040572,1133
1700786100000,0,0,0,0,0,0,3.3809005145797917,3.3819262435677633,583
1700786160000,0,0,0,0,0,0,3.3822472406181143,3.383272626931604,906
1700786220000,0,0,0,0,0,0,3.389044073853483,3.390089934484812,1679
1700786280000,0,0,0,0,0,0,3.379764600179717,3.3808041329739478,1113
1700786340000,0,0,0,0,0,0,3.3795375661375666,3.3805957671957594,945
1700786400000,0,0,0,0,0,0,3.383061264822162,3.3840889328063453,1012
1700786460000,0,0,0,0,0,0,3.390040842373969,3.391085513720447,1567
1700786520000,0,0,0,0,0,0,3.382830942622932,3.3838811475409747,976
1700786580000,0,0,0,0,0,0,3.385835043409637,3.386894238358351,1267
1700786640000,0,0,0,0,0,0,3.383881065651792,3.3849115128449463,1051
1700786700000,0,0,0,0,0,0,3.3856179310344516,3.386644137931022,725
1700786760000,0,0,0,0,0,0,3.3860173515981966,3.387045662100463,1095
1700786820000,0,0,0,0,0,0,3.386993392070485,3.3880242290748863,908
1700786880000,0,0,0,0,0,0,3.3843190921228454,3.385344459279062,749
1700786940000,0,0,0,0,0,0,3.3800399397136562,3.381112283345865,1327
1700787000000,0,0,0,0,0,0,3.3740511440107546,3.3750834454912613,743
1700787060000,0,0,0,0,0,0,3.3715576592082517,3.3725731497418487,581
1700787120000,0,0,0,0,0,0,3.375533776301239,3.3765681063122694,903
1700787180000,0,0,0,0,0,0,3.375581761006295,3.3766053459119463,636
1700787240000,0,0,0,0,0,0,3.3699604612849625,3.3709901153212227,607
1700787300000,0,0,0,0,0,0,3.3722197183098683,3.373239436619722,355
1700787360000,0,0,0,0,0,0,3.3748009900989806,3.3758316831682924,1010
1700787420000,0,0,0,0,0,0,3.375643609022529,3.3766661654135257,665
1700787480000,0,0,0,0,0,0,3.3711874999999543,3.3722240566037867,848
1700787540000,0,0,0,0,0,0,3.3753927355278237,3.3764551645857064,881
1700787600000,0,0,0,0,0,0,3.3740153172866725,3.3750437636761506,457
1700787660000,0,0,0,0,0,0,3.3712966269841353,3.37233432539685,1008
1700787720000,0,0,0,0,0,0,3.365165224913476,3.3662292387542756,1156
1700787780000,0,0,0,0,0,0,3.3655365448504835,3.3665631229235613,602
1700787840000,0,0,0,0,0,0,3.3657156726768442,3.3667420249653186,721
1700787900000,0,0,0,0,0,0,3.372158291457275,3.373173366834155,796
1700787960000,0,0,0,0,0,0,3.374229805013974,3.3752548746518016,718
1700788020000,0,0,0,0,0,0,3.3751577123050396,3.3761681109185595,577
1700788080000,0,0,0,0,0,0,3.3708157894736344,3.371875789473664,950
1700788140000,0,0,0,0,0,0,3.372412919051489,3.3734292722812627,1223
1700788200000,0,0,0,0,0,0,3.3724493758668763,3.373468793342599,721
1700788260000,0,0,0,0,0,0,3.373897076023372,3.374908771929848,855
1700788320000,0,0,0,0,0,0,3.37090054495912,3.3719155313351794,734
1700788380000,0,0,0,0,0,0,3.3701576994434213,3.3711651205937145,539
1700788440000,0,0,0,0,0,0,3.3738234265734386,3.374832167832168,572
1700788500000,0,0,0,0,0,0,3.375822429906522,3.3768299065420218,535
1700788560000,0,0,0,0,0,0,3.378472952086525,3.379502318392602,647
1700788620000,0,0,0,0,0,0,3.3807918683446445,3.3818325266214853,1033
1700788680000,0,0,0,0,0,0,3.3763188405796782,3.3773530961791822,759
1700788740000,0,0,0,0,0,0,3.378318021201443,3.379337455830421,566
1700788800000,0,0,0,0,0,0,3.380639691714864,3.3816551059730573,519
1700788860000,0,0,0,0,0,0,3.3780609418282586,3.379078947368386,722
1700788920000,0,0,0,0,0,0,3.3788841978287207,3.379893848009695,829
1700788980000,0,0,0,0,0,0,3.377615248226926,3.3786436170212495,564
1700789040000,0,0,0,0,0,0,3.3784053627760424,3.3794227129337777,634
1700789100000,0,0,0,0,0,0,3.3807748868778575,3.381789592760165,884
1700789160000,0,0,0,0,0,0,3.3824894259818974,3.3835015105740225,662
