1700725020000,0,0,0,0,0,0,0.6601,0.6602,1
1700725080000,0,0,0,0,0,0,0.660155555555556,0.6602732026143799,153
1700725140000,0,0,0,0,0,0,0.6588860681114564,0.6590267801857572,646
1700725200000,0,0,0,0,0,0,0.6580373401534519,0.6581603580562653,391
1700725260000,0,0,0,0,0,0,0.6575633273703068,0.6576805008944575,559
1700725320000,0,1,0,1202.0,1202.0,1,0.6573242574257435,0.6574457920792084,404
1700725380000,0,0,0,0,0,0,0.6571908934707896,0.6573156357388323,582
1700725440000,0,0,0,0,0,0,0.6564705627705618,0.6566426406926427,924
1700725500000,0,2,0,2446.0,2446.0,2,0.6549977249224422,0.6551621509824184,967
1700725560000,0,0,0,0,0,0,0.6549751096491203,0.6551186403508756,912
1700725620000,0,0,0,0,0,0,0.6549379310344808,0.65506945812808,609
1700725680000,0,0,0,0,0,0,0.6548668131868137,0.6549964835164803,455
1700725740000,0,1,0,1872.0,1872.0,1,0.6538778929188231,0.6540604490500859,579
1700725800000,0,0,0,0,0,0,0.6523519797809612,0.6525202190395966,1187
1700725860000,0,0,0,0,0,0,0.6530664952870646,0.6532280205655531,1167
1700725920000,0,0,0,0,0,0,0.6544035904255379,0.654530452127659,752
1700725980000,0,0,0,0,0,0,0.6542570230607958,0.6543901467505266,477
1700726040000,0,0,0,0,0,0,0.6541600644122375,0.654294685990335,621
1700726100000,0,0,0,0,0,0,0.6549014861995727,0.6550233545647568,471
1700726160000,0,0,0,0,0,0,0.6554658695652157,0.6556132608695643,460
1700726220000,0,0,0,0,0,0,0.6557938842975222,0.6559461157024828,605
1700726280000,0,0,0,0,0,0,0.6560886574074074,0.6562444444444443,432
1700726340000,0,0,0,0,0,0,0.6562983695652174,0.6564271739130423,184
1700726400000,0,0,0,0,0,0,0.6568201793721979,0.6569517937219752,446
1700726460000,0,0,0,0,0,0,0.6576820512820495,0.6578462703962662,858
1700726520000,0,0,0,0,0,0,0.6585415748031491,0.6586974803149637,635
1700726580000,0,0,0,0,0,0,0.6576171666666698,0.6577676666666696,600
1700726640000,0,0,0,0,0,0,0.6568301094890489,0.6569697080291966,548
1700726700000,0,0,0,0,0,0,0.6563971491228091,0.6565355263157917,456
1700726760000,0,0,0,0,0,0,0.6567430379746833,0.6568849507735608,711
1700726820000,0,0,0,0,0,0,0.6576609336609359,0.6577950859950868,407
1700726880000,0,0,0,0,0,0,0.6576372262773708,0.6577514598540135,274
1700726940000,0,0,0,0,0,0,0.656780707395499,0.6569292604501621,311
1700727000000,0,0,0,0,0,0,0.6561948979591825,0.6563204081632615,294
1700727060000,0,0,0,0,0,0,0.6564650137741006,0.656583195592285,363
1700727120000,0,0,0,0,0,0,0.656729577464786,0.6568651911468802,497
1700727180000,0,0,0,0,0,0,0.6559879271070598,0.6561298405466999,439
1700727240000,0,0,0,0,0,0,0.6564465454545443,0.6565696363636316,550
1700727300000,0,0,0,0,0,0,0.6565218954248375,0.6566382352941129,306
1700727360000,0,0,0,0,0,0,0.6562193548387122,0.6563376344086049,279
1700727420000,0,0,0,0,0,0,0.6565567970204831,0.6566851024208574,537
1700727480000,0,0,0,0,0,0,0.6564545098039235,0.6565894117647078,255
1700727540000,0,0,0,0,0,0,0.6560290419161697,0.6561455089820379,334
1700727600000,0,0,0,0,0,0,0.655951458885939,0.6560824933687007,377
1700727660000,0,0,0,0,0,0,0.6548628534704345,0.654992030848327,778
1700727720000,0,0,0,0,0,0,0.6545992443324954,0.6547355163727957,397
1700727780000,0,0,0,0,0,0,0.6541969491525456,0.6543176271186494,295
1700727840000,0,0,0,0,0,0,0.6537755007704154,0.6539158705701072,649
1700727900000,0,0,0,0,0,0,0.6536384905660403,0.6537641509433951,265
1700727960000,0,0,0,0,0,0,0.6532887283236979,0.6534020231213874,346
1700728020000,0,0,0,0,0,0,0.6536533333333339,0.6537944827586211,435
1700728080000,0,0,0,0,0,0,0.6537602671118531,0.6538899833055104,599
1700728140000,0,0,0,0,0,0,0.6531028436018951,0.653239573459715,422
1700728200000,0,0,0,0,0,0,0.6522567460317441,0.6523966269841268,504
1700728260000,0,0,0,0,0,0,0.6524133101851822,0.6525487268518517,864
1700728320000,0,0,0,0,0,0,0.652762380038388,0.6528779270633377,521
1700728380000,0,0,0,0,0,0,0.6522774358974348,0.6524135042735028,585
1700728440000,0,0,0,0,0,0,0.6533516646115908,0.6534808877928491,811
1700728500000,0,0,0,0,0,0,0.6534972043010755,0.6536354838709639,465
1700728560000,0,0,0,0,0,0,0.6530110032362433,0.6531389967637535,618
1700728620000,0,0,0,0,0,0,0.6527054279749491,0.6528296450939447,479
1700728680000,0,0,0,0,0,0,0.6529635937500029,0.6530890624999977,640
1700728740000,0,0,0,0,0,0,0.6528107623318413,0.6529618834080726,446
1700728800000,0,0,0,0,0,0,0.6533053045186648,0.6534447937131639,509
1700728860000,0,0,0,0,0,0,0.6529525229357801,0.6530825688073384,436
1700728920000,0,0,0,0,0,0,0.6531241758241748,0.6532666666666673,273
1700728980000,0,0,0,0,0,0,0.653376010781672,0.6535048517520243,371
1700729040000,0,0,0,0,0,0,0.6533964370546321,0.6535301662707816,421
1700729100000,0,0,0,0,0,0,0.6542193493150679,0.654365753424661,584
1700729160000,0,0,0,0,0,0,0.6535234338747099,0.6536819025522069,431
1700729220000,0,0,0,0,0,0,0.6525297786720337,0.6526651911468841,497
1700729280000,0,0,0,0,0,0,0.652375889967637,0.6525080906148847,618
1700729340000,0,1,0,97.0,97.0,1,0.6516173400673454,0.651762962962961,594
1700729400000,0,2,0,9711.0,9711.0,2,0.6498768976897675,0.6500455445544555,1212
1700729460000,0,0,0,0,0,0,0.6500328654970754,0.6501661988304122,855
1700729520000,0,0,0,0,0,0,0.6506638176638153,0.650784900284903,702
1700729580000,0,0,0,0,0,0,0.6511107334525922,0.6512477638640428,559
1700729640000,0,0,0,0,0,0,0.6513972685887676,0.6515113808801227,659
1700729700000,0,0,0,0,0,0,0.6514060000000016,0.6515327272727308,550
1700729760000,0,0,0,0,0,0,0.6516946768060852,0.6518152091254761,526
1700729820000,0,0,0,0,0,0,0.6519137254901943,0.6520643493761148,561
1700729880000,0,0,0,0,0,0,0.651959383753498,0.6520927170868313,357
1700729940000,0,0,0,0,0,0,0.652113530655389,0.6522312896405893,473
1700730000000,0,0,0,0,0,0,0.6521130503144654,0.6522468553459115,636
1700730060000,0,0,0,0,0,0,0.6515130952380944,0.6516523809523771,840
1700730120000,0,0,0,0,0,0,0.6515106918238996,0.6516429245283025,636
1700730180000,0,0,0,0,0,0,0.6511688976377931,0.6512986220472443,508
1700730240000,0,0,0,0,0,0,0.650578024193549,0.6507159274193551,496
1700730300000,0,0,0,0,0,0,0.6502315270935957,0.6503564039408848,406
1700730360000,0,0,0,0,0,0,0.6510851916376253,0.6512148083623647,574
1700730420000,0,0,0,0,0,0,0.6513465927099812,0.6514751188589512,631
1700730480000,0,0,0,0,0,0,0.6516260952380981,0.6517638095238104,525
1700730540000,0,0,0,0,0,0,0.6530652621722756,0.6532190074906418,1068
1700730600000,0,0,0,0,0,0,0.6530763414634119,0.6532036585365845,410
1700730660000,0,0,0,0,0,0,0.6524963068181843,0.6526275568181851,352
1700730720000,0,0,0,0,0,0,0.6521696113074179,0.652310600706712,283
1700730780000,0,0,0,0,0,0,0.65257875647669,0.6527015544041486,386
1700730840000,0,0,0,0,0,0,0.6526239344262342,0.6527383606557403,305
1700730900000,0,0,0,0,0,0,0.6529455384615391,0.6530916923076943,325
1700730960000,0,0,0,0,0,0,0.6530062381852545,0.6531368620037767,529
1700731020000,0,0,0,0,0,0,0.6514037401574784,0.6515771653543323,508
1700731080000,0,0,0,0,0,0,0.6513053375196198,0.6514489795918348,637
1700731140000,0,0,0,0,0,0,0.652003999999997,0.6521261176470584,425
1700731200000,0,0,0,0,0,0,0.6521340136054378,0.6522573696145135,441
1700731260000,0,0,0,0,0,0,0.6529131720430145,0.6530392473118307,744
1700731320000,0,0,0,0,0,0,0.6541296995108355,0.6542458420684799,1431
1700731380000,0,0,0,0,0,0,0.6558328437917249,0.6559550066755666,749
1700731440000,0,0,0,0,0,0,0.6567139937106933,0.6568476415094351,636
1700731500000,0,0,0,0,0,0,0.657452278481011,0.6575920253164553,790
1700731560000,0,0,0,0,0,0,0.6580640522875849,0.658195533769063,918
1700731620000,0,0,0,0,0,0,0.6575754180602027,0.6577063545150477,598
1700731680000,0,0,0,0,0,0,0.6589889635316737,0.6591415547024954,1042
1700731740000,0,0,0,0,0,0,0.6586694956949547,0.6588184501845048,813
1700731800000,0,0,0,0,0,0,0.6591559770114951,0.6592933333333296,870
1700731860000,0,0,0,0,0,0,0.6591207361963161,0.659258159509199,815
1700731920000,0,0,0,0,0,0,0.6588681093394091,0.6589927107061514,439
1700731980000,0,0,0,0,0,0,0.658676175040521,0.6588166936790906,617
1700732040000,0,0,0,0,0,0,0.6599544084400922,0.6600869630746052,1327
1700732100000,1,0,1188.0,0,1188.0,1,0.6635870658135281,0.66373043875686,2188
1700732160000,0,0,0,0,0,0,0.6638540118870728,0.6640034918276427,1346
1700732220000,0,0,0,0,0,0,0.664450817884406,0.6646231188658664,917
1700732280000,0,0,0,0,0,0,0.6652870762711913,0.6654293432203421,944
1700732340000,0,0,0,0,0,0,0.6658034216335584,0.6659402869757223,906
1700732400000,0,0,0,0,0,0,0.6648084080717483,0.6649600896860989,892
1700732460000,0,0,0,0,0,0,0.6647000930232536,0.664840558139532,1075
1700732520000,0,0,0,0,0,0,0.6637948542024052,0.6639471698113147,583
1700732580000,0,0,0,0,0,0,0.663209416195856,0.6633548022598879,531
1700732640000,0,0,0,0,0,0,0.6641301176470582,0.664301529411764,850
1700732700000,0,0,0,0,0,0,0.6656621921182317,0.6658120689655161,812
1700732760000,0,0,0,0,0,0,0.6643763602251435,0.6645303939962499,1066
1700732820000,0,0,0,0,0,0,0.6649501813784774,0.6650883917775132,827
1700732880000,0,0,0,0,0,0,0.6654370101596504,0.6655969521044997,689
1700732940000,0,0,0,0,0,0,0.6663228571428573,0.6664636571428548,875
1700733000000,0,0,0,0,0,0,0.6647242424242396,0.6648632575757548,792
1700733060000,0,0,0,0,0,0,0.6640877941176475,0.6642326470588242,680
1700733120000,0,0,0,0,0,0,0.6631940711462416,0.6633266798418973,506
1700733180000,0,0,0,0,0,0,0.6629016282225219,0.6630587516960621,737
1700733240000,0,0,0,0,0,0,0.6645685678073506,0.6647332065906195,789
1700733300000,0,0,0,0,0,0,0.6638233660130765,0.6639736928104573,612
1700733360000,0,0,0,0,0,0,0.6634001071811326,0.6635473740621679,933
1700733420000,0,0,0,0,0,0,0.6644018867924552,0.6645661487236388,901
1700733480000,0,0,0,0,0,0,0.6653897233201602,0.6655371541501985,759
1700733540000,0,0,0,0,0,0,0.6650263291139271,0.6651534177215199,790
1700733600000,0,0,0,0,0,0,0.6654152307692337,0.6655469230769216,650
1700733660000,0,0,0,0,0,0,0.6644451086956554,0.6645838768115988,552
1700733720000,0,0,0,0,0,0,0.6636985542168655,0.663820240963857,415
1700733780000,0,0,0,0,0,0,0.664631504702195,0.6647653605015723,638
1700733840000,0,0,0,0,0,0,0.6657513618677037,0.6658789883268463,514
1700733900000,0,0,0,0,0,0,0.6674807992202753,0.667645808966861,1026
1700733960000,1,0,178.0,0,178.0,1,0.6686096905537483,0.6687429967426672,1228
1700734020000,0,0,0,0,0,0,0.6703549140049094,0.6704941031940952,1628
1700734080000,0,0,0,0,0,0,0.670970556376175,0.6711274249138317,2031
1700734140000,0,0,0,0,0,0,0.670563931171408,0.6707201853077417,1511
1700734200000,0,0,0,0,0,0,0.6691917684887422,0.6693537620578763,1555
1700734260000,0,0,0,0,0,0,0.6697507754551595,0.6699132164531316,1483
1700734320000,0,0,0,0,0,0,0.6695332993890001,0.6696808553971473,982
1700734380000,0,0,0,0,0,0,0.667943048128343,0.6680918449197856,748
1700734440000,0,0,0,0,0,0,0.6683059800664478,0.6684369878183861,903
1700734500000,0,0,0,0,0,0,0.669730419580419,0.6698755244755221,572
1700734560000,0,0,0,0,0,0,0.6695218905472587,0.6696584577114405,1206
1700734620000,0,0,0,0,0,0,0.6681808310991941,0.6683250670241254,746
1700734680000,0,0,0,0,0,0,0.6693312499999977,0.6694889254386007,912
1700734740000,0,0,0,0,0,0,0.6694586592178788,0.6696117318435755,537
1700734800000,0,0,0,0,0,0,0.6705576795580129,0.6707226519337047,905
1700734860000,0,0,0,0,0,0,0.671246308724836,0.6714053691275164,1043
1700734920000,0,0,0,0,0,0,0.6694380694143167,0.6695929501084646,922
1700734980000,0,0,0,0,0,0,0.6687643835616446,0.6689077054794479,584
1700735040000,0,0,0,0,0,0,0.6684775749674062,0.6686259452412012,767
1700735100000,0,0,0,0,0,0,0.6700066934404271,0.6701615796519411,747
1700735160000,0,0,0,0,0,0,0.6710267491926782,0.671188428417651,1858
1700735220000,0,0,0,0,0,0,0.6696263461538469,0.669780961538464,520
1700735280000,0,0,0,0,0,0,0.6690549773755657,0.6691889140271469,442
1700735340000,0,0,0,0,0,0,0.6689039840637458,0.6690630810092996,753
1700735400000,0,0,0,0,0,0,0.669026480086113,0.669190742734123,929
1700735460000,0,0,0,0,0,0,0.6695149905123321,0.6696647058823508,527
1700735520000,0,0,0,0,0,0,0.6692643911439153,0.6694077490774901,542
1700735580000,0,0,0,0,0,0,0.6673838576158944,0.6675564569536443,1208
1700735640000,0,0,0,0,0,0,0.6671855855855862,0.6673529729729716,555
1700735700000,0,0,0,0,0,0,0.6667930894308954,0.6669490853658562,984
1700735760000,0,1,0,68.0,68.0,1,0.6651821674876854,0.6653492610837445,1015
1700735820000,0,0,0,0,0,0,0.6634671401515176,0.6636345643939368,1056
1700735880000,0,0,0,0,0,0,0.6634066825775652,0.6635437947494012,838
1700735940000,0,0,0,0,0,0,0.6636925445705015,0.6638294975688851,617
1700736000000,0,0,0,0,0,0,0.6632777202072516,0.6634147668393771,386
1700736060000,0,0,0,0,0,0,0.6636294827586248,0.6637662068965526,580
1700736120000,0,0,0,0,0,0,0.6628932432432456,0.663075552825551,814
1700736180000,0,0,0,0,0,0,0.6623075524475547,0.6624419580419559,715
1700736240000,0,0,0,0,0,0,0.6619690109890096,0.6621103296703295,455
1700736300000,0,0,0,0,0,0,0.661900236406622,0.6620404255319184,423
1700736360000,0,0,0,0,0,0,0.6618431168831167,0.6619802597402625,770
1700736420000,0,0,0,0,0,0,0.6616438291139206,0.6617737341772135,632
1700736480000,0,0,0,0,0,0,0.6621881606765321,0.6623228329809702,473
1700736540000,0,0,0,0,0,0,0.6616923999999994,0.6618518000000011,500
1700736600000,0,0,0,0,0,0,0.6619605769230746,0.6620968749999994,416
1700736660000,0,0,0,0,0,0,0.6610357549857571,0.6612262108262077,702
1700736720000,0,0,0,0,0,0,0.6615345982142854,0.6616814732142852,448
1700736780000,0,0,0,0,0,0,0.6602338283828383,0.6603858085808597,606
1700736840000,0,0,0,0,0,0,0.6618272135416698,0.6619851562500024,768
1700736900000,0,0,0,0,0,0,0.6625633569739965,0.6627002364066163,423
1700736960000,0,0,0,0,0,0,0.6632326465927081,0.6633714738510297,631
1700737020000,0,0,0,0,0,0,0.6633048523206733,0.6634383966244713,474
1700737080000,0,0,0,0,0,0,0.6625111111111098,0.6626370370370375,351
1700737140000,0,0,0,0,0,0,0.6633272965879266,0.6634866141732298,381
1700737200000,0,0,0,0,0,0,0.6635869897959229,0.6637221938775497,392
1700737260000,0,0,0,0,0,0,0.6632421717171706,0.6633892676767679,792
1700737320000,0,0,0,0,0,0,0.6619487804878083,0.6620876172607907,533
1700737380000,0,0,0,0,0,0,0.6601856315179594,0.6603652375434539,863
1700737440000,0,0,0,0,0,0,0.6596572569906772,0.6597990679094525,751
1700737500000,0,0,0,0,0,0,0.6600792735042732,0.6602230769230808,936
1700737560000,0,0,0,0,0,0,0.6624368121442138,0.6625865275142279,1054
1700737620000,0,0,0,0,0,0,0.661984869059163,0.6621281280310374,1031
1700737680000,0,0,0,0,0,0,0.6621277258566943,0.6622767393561808,963
1700737740000,0,0,0,0,0,0,0.6611524553571463,0.6612948660714322,448
1700737800000,0,0,0,0,0,0,0.6610100823045268,0.6611469135802488,486
1700737860000,0,0,0,0,0,0,0.6604923308270682,0.6606275187969917,665
1700737920000,0,0,0,0,0,0,0.6601300248138939,0.6602627791563263,403
1700737980000,0,2,0,6371.0,6371.0,2,0.6584938477580791,0.6586655891553681,959
1700738040000,0,0,0,0,0,0,0.6561841823056322,0.6563808981233253,1492
1700738100000,0,0,0,0,0,0,0.6548143428285852,0.6550075962018933,2001
1700738160000,0,0,0,0,0,0,0.6554022304832702,0.6555666356877278,1076
1700738220000,0,0,0,0,0,0,0.6554035037878809,0.6555601325757549,1056
1700738280000,0,0,0,0,0,0,0.6545461306532634,0.6547017085427101,995
1700738340000,0,0,0,0,0,0,0.6549719960278007,0.6551173783515382,1007
1700738400000,0,0,0,0,0,0,0.654484822202949,0.6546466608846486,1153
1700738460000,0,0,0,0,0,0,0.6539356178608531,0.654113603322951,963
1700738520000,0,0,0,0,0,0,0.6527919675755323,0.6529769344141492,1357
1700738580000,0,1,0,7630.0,7630.0,1,0.6505598809080643,0.6507854112392951,2687
1700738640000,0,0,0,0,0,0,0.6524276371308017,0.6525945675105552,1896
1700738700000,0,0,0,0,0,0,0.6509921169739339,0.6511630006357274,1573
1700738760000,0,0,0,0,0,0,0.6513430889033174,0.6515171966255684,1541
1700738820000,0,0,0,0,0,0,0.6518342621259025,0.6519611971104172,969
1700738880000,0,0,0,0,0,0,0.6521180952380989,0.6522776984126987,1260
1700738940000,0,0,0,0,0,0,0.653469716088325,0.6536162460567838,1268
1700739000000,0,0,0,0,0,0,0.654267687074829,0.6544258503401318,1176
1700739060000,0,0,0,0,0,0,0.65535029142381,0.6555217318900929,1201
1700739120000,0,0,0,0,0,0,0.6570895604395619,0.6572449633699655,1092
1700739180000,0,0,0,0,0,0,0.6565666058394143,0.656710036496351,548
1700739240000,0,0,0,0,0,0,0.65612202166065,0.6562442238267174,554
1700739300000,0,0,0,0,0,0,0.6555388960205378,0.6557066752246452,779
1700739360000,0,0,0,0,0,0,0.6569120974760686,0.6570454308094018,1149
1700739420000,0,0,0,0,0,0,0.6574176981541839,0.6575908794788248,921
1700739480000,0,0,0,0,0,0,0.6562925203252021,0.6564617886178853,615
1700739540000,0,0,0,0,0,0,0.6566032338308465,0.6567395522388083,402
1700739600000,0,0,0,0,0,0,0.6565237681159428,0.6566562318840566,345
1700739660000,0,0,0,0,0,0,0.6563609963547961,0.6565025516403403,823
1700739720000,0,0,0,0,0,0,0.6562085173501553,0.6563722397476315,317
1700739780000,0,0,0,0,0,0,0.6571075630252089,0.657255462184874,476
1700739840000,0,0,0,0,0,0,0.656151150895144,0.6563280051150883,782
1700739900000,0,0,0,0,0,0,0.6557115294117654,0.6558651764705877,425
1700739960000,0,0,0,0,0,0,0.6561340640809495,0.656265935919055,593
1700740020000,0,0,0,0,0,0,0.6558537953795367,0.6560168316831693,606
1700740080000,0,0,0,0,0,0,0.6541977777777774,0.6543636666666673,900
1700740140000,0,0,0,0,0,0,0.6519278765201123,0.6521085126286268,1069
1700740200000,0,0,0,0,0,0,0.6516202453987733,0.6517717791411048,978
1700740260000,0,0,0,0,0,0,0.6519533769063182,0.6520843137254897,459
1700740320000,0,0,0,0,0,0,0.6515231316725943,0.6516741992882557,562
1700740380000,0,0,0,0,0,0,0.650752472527473,0.6508870879120912,364
1700740440000,0,0,0,0,0,0,0.6512951255539162,0.6514475627769586,677
1700740500000,0,0,0,0,0,0,0.6511394666666663,0.6512709333333351,375
1700740560000,0,0,0,0,0,0,0.6515166139240499,0.6516803797468356,632
1700740620000,0,0,0,0,0,0,0.65219461279461,0.6523289562289557,297
1700740680000,0,0,0,0,0,0,0.6523789325842718,0.6525250000000026,356
1700740740000,0,0,0,0,0,0,0.652391239316237,0.6525226495726495,468
1700740800000,0,0,0,0,0,0,0.6527713375796184,0.6529280254777072,471
1700740860000,0,0,0,0,0,0,0.653273485600795,0.6534393247269137,1007
1700740920000,0,0,0,0,0,0,0.6516592592592589,0.6517878917378918,702
1700740980000,0,0,0,0,0,0,0.6512784511784465,0.6514198653198665,594
1700741040000,0,0,0,0,0,0,0.651686201022145,0.6518315161839829,587
1700741100000,0,0,0,0,0,0,0.6526711079943918,0.6528122019635317,713
1700741160000,0,0,0,0,0,0,0.6528977453580902,0.6530482758620665,754
1700741220000,0,0,0,0,0,0,0.6531764298093582,0.6533034662045069,577
1700741280000,0,0,0,0,0,0,0.654789850746268,0.6549546268656752,1005
1700741340000,0,0,0,0,0,0,0.6548279611650469,0.6549821359223262,515
1700741400000,0,0,0,0,0,0,0.6543951672862456,0.6545420074349434,538
1700741460000,0,0,0,0,0,0,0.6540736933797898,0.654209756097562,574
1700741520000,0,0,0,0,0,0,0.6552447592067999,0.6554035410764883,706
1700741580000,0,0,0,0,0,0,0.6557829921259871,0.655950866141733,635
1700741640000,0,0,0,0,0,0,0.6564141263940501,0.6565579925650542,538
1700741700000,0,0,0,0,0,0,0.6560932773109226,0.656244369747898,595
1700741760000,0,0,0,0,0,0,0.6563838548185241,0.6565163954943678,799
1700741820000,0,0,0,0,0,0,0.6553044982698978,0.6554669550173017,578
1700741880000,0,0,0,0,0,0,0.6548695560253679,0.6550245243128989,473
1700741940000,0,0,0,0,0,0,0.6547350109409191,0.6548763676148817,457
1700742000000,0,0,0,0,0,0,0.6544893186003732,0.6546478821362768,543
1700742060000,0,0,0,0,0,0,0.6554950995405813,0.6556520673813169,653
1700742120000,0,0,0,0,0,0,0.6563802067946813,0.6565180206794702,677
1700742180000,0,0,0,0,0,0,0.6570616026711216,0.6571994991652744,599
1700742240000,0,0,0,0,0,0,0.6573682580645132,0.6575184516129041,775
1700742300000,0,0,0,0,0,0,0.6567622727272733,0.656901136363637,440
1700742360000,0,0,0,0,0,0,0.6572278901734111,0.6573822254335284,692
1700742420000,0,0,0,0,0,0,0.6568972324723248,0.6570710332103376,542
1700742480000,1,0,979.0,0,979.0,1,0.6593571601941774,0.6595194174757318,824
1700742540000,0,0,0,0,0,0,0.6601496168582315,0.6603080459770113,1044
1700742600000,0,0,0,0,0,0,0.6606846965699225,0.6608350923482825,758
1700742660000,0,0,0,0,0,0,0.6580519634703194,0.6582267579908673,1095
1700742720000,0,0,0,0,0,0,0.6581198838896966,0.6582635703918694,689
1700742780000,0,0,0,0,0,0,0.6570480825958708,0.6572118977384492,1017
1700742840000,0,0,0,0,0,0,0.6567109622411731,0.6568562728380022,821
1700742900000,0,0,0,0,0,0,0.6554738680465699,0.6556333764553715,773
1700742960000,0,0,0,0,0,0,0.6544182844243766,0.654581715575616,886
1700743020000,0,0,0,0,0,0,0.6535163556531252,0.6536986827661916,911
1700743080000,0,0,0,0,0,0,0.6545318181818189,0.6546830213903738,748
1700743140000,0,0,0,0,0,0,0.6544601593625502,0.6546011952191249,753
1700743200000,0,0,0,0,0,0,0.6552140939597283,0.6553807046979836,596
1700743260000,0,0,0,0,0,0,0.6562261669024048,0.6563899575671831,707
1700743320000,0,0,0,0,0,0,0.6557350824587683,0.6558947526236911,667
1700743380000,1,0,2295.0,0,2295.0,1,0.6570449897750527,0.6571824130879342,489
1700743440000,0,0,0,0,0,0,0.6579705463182883,0.6581194774346794,421
1700743500000,0,0,0,0,0,0,0.657656648936168,0.657797074468085,376
1700743560000,0,0,0,0,0,0,0.656227675276756,0.6563966789667899,813
1700743620000,0,0,0,0,0,0,0.6566562913907267,0.6568201324503333,755
1700743680000,0,0,0,0,0,0,0.6568492791612057,0.6570205766710346,763
1700743740000,0,0,0,0,0,0,0.657213948919449,0.6573777996070747,509
1700743800000,0,0,0,0,0,0,0.6567433179723495,0.6568815668202795,434
1700743860000,0,0,0,0,0,0,0.655769293924464,0.6559121510673259,609
1700743920000,0,0,0,0,0,0,0.654956765163298,0.6551001555209915,643
1700743980000,0,0,0,0,0,0,0.6559019801980178,0.6560368811881181,404
1700744040000,0,0,0,0,0,0,0.6560978395061724,0.6562401234567936,648
1700744100000,0,0,0,0,0,0,0.657670588235294,0.657806405228756,765
1700744160000,0,0,0,0,0,0,0.6581077499999992,0.6582414999999991,800
1700744220000,0,0,0,0,0,0,0.6580870370370342,0.6582355218855189,594
1700744280000,0,0,0,0,0,0,0.6577276073619631,0.6578811860940731,489
1700744340000,0,0,0,0,0,0,0.657161904761909,0.6572943722943737,462
1700744400000,0,0,0,0,0,0,0.6584043175487464,0.6585417827298042,718
1700744460000,0,0,0,0,0,0,0.6594963838664774,0.6596297635605025,719
1700744520000,1,0,392.0,0,392.0,1,0.6597570754716974,0.6599169811320734,636
1700744580000,0,0,0,0,0,0,0.6597352430555545,0.6598814236111094,576
1700744640000,0,0,0,0,0,0,0.6580972738537779,0.6582460966542745,807
1700744700000,0,0,0,0,0,0,0.6567448833034081,0.656891561938961,557
1700744760000,0,0,0,0,0,0,0.657966705607478,0.6581098130841131,856
1700744820000,0,0,0,0,0,0,0.6577167818361318,0.657876801579468,1013
1700744880000,0,0,0,0,0,0,0.6570428571428609,0.6571746031746005,441
1700744940000,0,0,0,0,0,0,0.6570443914081187,0.6571785202863991,419
1700745000000,0,0,0,0,0,0,0.6565322649572636,0.6566709401709397,468
1700745060000,0,0,0,0,0,0,0.6567627871362962,0.6568885145482434,653
1700745120000,0,0,0,0,0,0,0.6576362997658104,0.6577887587822011,427
1700745180000,0,0,0,0,0,0,0.6582939117199331,0.6584450532724491,657
1700745240000,0,0,0,0,0,0,0.6584248041775435,0.6585480417754573,383
1700745300000,0,0,0,0,0,0,0.6578065979381447,0.6579280412371143,485
1700745360000,0,0,0,0,0,0,0.6577790861159892,0.6579059753954298,569
1700745420000,0,0,0,0,0,0,0.6575230769230785,0.657645329670334,364
1700745480000,0,0,0,0,0,0,0.6575365256124723,0.6576697104677072,449
1700745540000,0,0,0,0,0,0,0.657902747252747,0.6580302197802212,546
1700745600000,0,0,0,0,0,0,0.6574551495016612,0.6575810631229256,301
1700745660000,0,0,0,0,0,0,0.6574313304721059,0.6575770386266117,466
1700745720000,0,0,0,0,0,0,0.659810534429604,0.6600806783144919,1946
1700745780000,0,0,0,0,0,0,0.6597405780989439,0.6598729849916597,1799
1700745840000,0,0,0,0,0,0,0.6604044025157225,0.6605372641509384,636
1700745900000,0,0,0,0,0,0,0.6612173697270487,0.6613670595533458,1612
1700745960000,0,0,0,0,0,0,0.6614485235434929,0.6616014365522767,1253
1700746020000,0,0,0,0,0,0,0.6629202293202254,0.6630698607698625,1221
1700746080000,0,0,0,0,0,0,0.6621992822966514,0.6623692982456133,1254
1700746140000,0,0,0,0,0,0,0.6616036540803902,0.6617649208282572,821
1700746200000,0,0,0,0,0,0,0.662586738351257,0.662729032258064,837
1700746260000,0,0,0,0,0,0,0.6622090311986863,0.6623486042692902,609
1700746320000,0,0,0,0,0,0,0.6615335164835193,0.6616800366300402,546
1700746380000,1,0,725.0,0,725.0,1,0.6630869205297982,0.6632405629139045,1208
1700746440000,0,0,0,0,0,0,0.6622475409836073,0.6623675409836055,610
1700746500000,0,0,0,0,0,0,0.6629545126353795,0.6631075812274361,554
1700746560000,0,0,0,0,0,0,0.6636497630331745,0.6638055687203799,844
1700746620000,0,0,0,0,0,0,0.6634994000000017,0.6636360000000033,500
1700746680000,1,0,75.0,0,75.0,1,0.6645994065281882,0.6647458456973288,674
1700746740000,0,0,0,0,0,0,0.6664392546583818,0.6665786335403733,805
1700746800000,0,0,0,0,0,0,0.6695266817593771,0.6697196959896475,3092
1700746860000,0,0,0,0,0,0,0.6704178221288464,0.6705816526610585,2856
1700746920000,0,0,0,0,0,0,0.6709678111588009,0.6711325751072982,2330
1700746980000,0,0,0,0,0,0,0.6712364890282124,0.671385454545458,1595
1700747040000,1,0,18.0,0,18.0,1,0.6733307807807766,0.6735188813813825,2664
1700747100000,1,0,2034.0,0,2034.0,1,0.6760649294911103,0.6762453505007171,4893
1700747160000,0,0,0,0,0,0,0.6764391884951163,0.6766113507960998,3894
1700747220000,0,0,0,0,0,0,0.6740567336683392,0.6742005025125609,1990
1700747280000,0,0,0,0,0,0,0.6742065675340811,0.6743698884758389,2421
1700747340000,0,0,0,0,0,0,0.6719249470712724,0.672093648553276,2834
1700747400000,0,1,0,164.0,164.0,1,0.6684096074766271,0.6685869906541986,2675
1700747460000,0,0,0,0,0,0,0.6698860124083424,0.6700260011280278,1773
1700747520000,0,0,0,0,0,0,0.6694729399796457,0.6696106307222762,1966
1700747580000,0,0,0,0,0,0,0.667589645390072,0.6677331914893717,1410
1700747640000,0,0,0,0,0,0,0.6689095595126521,0.6690447047797552,1067
1700747700000,0,0,0,0,0,0,0.6689651209677389,0.6691167338709715,1488
1700747760000,0,0,0,0,0,0,0.6693129116570847,0.6694740198640836,1913
1700747820000,0,0,0,0,0,0,0.6686501187648463,0.6688020190023747,842
1700747880000,0,0,0,0,0,0,0.6705403207330989,0.6706835051546387,873
1700747940000,0,0,0,0,0,0,0.6708594302554066,0.6710274066797614,1018
1700748000000,0,0,0,0,0,0,0.6694297782470928,0.6695890179514191,947
1700748060000,0,0,0,0,0,0,0.6686191150442451,0.6687470796460159,1130
1700748120000,0,0,0,0,0,0,0.6690798181818195,0.6692310909090902,1100
1700748180000,0,0,0,0,0,0,0.6696613387978138,0.6698035519125682,732
1700748240000,0,0,0,0,0,0,0.6711851190476223,0.6713346428571415,840
1700748300000,0,0,0,0,0,0,0.6709956521739096,0.6711275743707076,874
1700748360000,0,0,0,0,0,0,0.6710168965517201,0.6711501149425285,870
1700748420000,1,0,142.0,0,142.0,1,0.6714554216867453,0.6716067469879522,830
1700748480000,0,0,0,0,0,0,0.6708625675675656,0.6709987837837854,740
1700748540000,0,0,0,0,0,0,0.6715559235668781,0.6717068789808909,785
1700748600000,0,0,0,0,0,0,0.6720188705234135,0.6721508264462831,726
1700748660000,0,0,0,0,0,0,0.6729471816283966,0.6730730688935359,958
1700748720000,0,0,0,0,0,0,0.6757579890492772,0.6759113489298156,2009
1700748780000,0,0,0,0,0,0,0.6757670967741903,0.675913387096777,1240
1700748840000,0,0,0,0,0,0,0.6749943418013865,0.6751408775981508,866
1700748900000,0,0,0,0,0,0,0.6739501000000051,0.6741139,1000
1700748960000,0,0,0,0,0,0,0.6739476549413747,0.6741253768844232,1194
1700749020000,0,0,0,0,0,0,0.6737674367436726,0.6739030803080303,909
1700749080000,0,1,0,1128.0,1128.0,1,0.6722413999999928,0.6724084000000028,1000
1700749140000,0,1,0,2053.0,2053.0,1,0.6707395324123248,0.670887778958555,941
1700749200000,0,0,0,0,0,0,0.6714020186335382,0.6715503105590068,644
1700749260000,0,0,0,0,0,0,0.6718397887323946,0.6719616197183099,568
1700749320000,0,0,0,0,0,0,0.6707075496688727,0.6708499337748399,755
1700749380000,0,0,0,0,0,0,0.6700750256937319,0.670226927029803,973
1700749440000,0,0,0,0,0,0,0.6703765072765063,0.6705314968814987,962
1700749500000,0,0,0,0,0,0,0.6712911111111091,0.6714339181286575,855
1700749560000,0,0,0,0,0,0,0.671810371517029,0.6719622291021669,646
1700749620000,1,0,1751.0,0,1751.0,1,0.6725741071428533,0.6727151785714277,560
1700749680000,0,0,0,0,0,0,0.6715819734345363,0.6717444022770338,527
1700749740000,0,0,0,0,0,0,0.6708523809523823,0.6710062111801254,483
1700749800000,0,0,0,0,0,0,0.6706141826923092,0.6707447115384639,416
1700749860000,0,0,0,0,0,0,0.6721419083969483,0.6722979389312992,1310
1700749920000,0,0,0,0,0,0,0.6743123840698332,0.6744714129841788,1833
1700749980000,0,0,0,0,0,0,0.6761206185567025,0.676272938144323,1940
1700750040000,1,0,693.0,0,693.0,1,0.6774787423483595,0.6776240400667818,1797
1700750100000,0,0,0,0,0,0,0.6756842892768077,0.6758586866167958,1203
1700750160000,0,0,0,0,0,0,0.6753358090185698,0.6755046419098174,1508
1700750220000,0,0,0,0,0,0,0.6755323298429317,0.67567467277487,1528
1700750280000,0,0,0,0,0,0,0.677160380116958,0.677307748538011,684
1700750340000,0,0,0,0,0,0,0.6763964622641503,0.676546462264147,848
1700750400000,0,0,0,0,0,0,0.6757815634218313,0.6759274336283175,678
1700750460000,0,0,0,0,0,0,0.6753606170598937,0.6754943738657003,551
1700750520000,0,0,0,0,0,0,0.6744287917737821,0.6745817480719792,778
1700750580000,0,0,0,0,0,0,0.6731383957219264,0.6732906951871639,935
1700750640000,0,0,0,0,0,0,0.6737212460063896,0.6738715654952069,626
1700750700000,0,0,0,0,0,0,0.673228780487806,0.6733648780487814,410
1700750760000,0,0,0,0,0,0,0.6739569526627237,0.6740883136094639,676
1700750820000,0,0,0,0,0,0,0.6754980368098158,0.6756523926380378,815
1700750880000,0,0,0,0,0,0,0.6747155192532096,0.6748555425904312,857
1700750940000,0,0,0,0,0,0,0.6727609195402326,0.6729418582375446,1044
1700751000000,0,0,0,0,0,0,0.6717338733431497,0.6718899852724592,679
1700751060000,0,0,0,0,0,0,0.6692670433144974,0.669411487758944,531
1700751120000,0,1,0,607.0,607.0,1,0.6684884026258191,0.6686672866520776,914
1700751180000,0,1,0,1.0,1.0,1,0.6676895774647895,0.6678373239436616,710
1700751240000,0,1,0,1052.0,1052.0,1,0.665928392685282,0.6660993262752635,1039
1700751300000,0,0,0,0,0,0,0.6661908921933095,0.6663512081784365,1076
1700751360000,0,0,0,0,0,0,0.666036304347825,0.6662024999999956,920
1700751420000,0,0,0,0,0,0,0.6661079601990013,0.666259038142619,603
1700751480000,0,0,0,0,0,0,0.6660009638554256,0.6661298795180703,415
1700751540000,0,0,0,0,0,0,0.6666264999999996,0.6667424999999987,400
1700751600000,0,0,0,0,0,0,0.6665378289473649,0.6666730263157905,608
1700751660000,0,0,0,0,0,0,0.6673086816720254,0.667455305466239,311
1700751720000,0,0,0,0,0,0,0.6683413461538479,0.6684758012820483,624
1700751780000,0,0,0,0,0,0,0.6693504559270532,0.6694826747720388,329
1700751840000,0,0,0,0,0,0,0.6695714851485092,0.6697013861386132,505
1700751900000,0,0,0,0,0,0,0.669671280276818,0.6698131487889294,289
1700751960000,0,0,0,0,0,0,0.6704844213649824,0.6706065281899153,674
1700752020000,0,0,0,0,0,0,0.6709523809523826,0.6710752834467147,441
1700752080000,0,0,0,0,0,0,0.6700388571428598,0.6701689523809521,525
1700752140000,0,0,0,0,0,0,0.670099107142858,0.6702241071428576,224
1700752200000,0,0,0,0,0,0,0.6685178879310328,0.6686495689655158,464
1700752260000,0,0,0,0,0,0,0.6678191441441494,0.6679572072072097,888
1700752320000,0,2,0,5148.0,5148.0,2,0.6664106073567163,0.6665781009409725,1169
1700752380000,0,0,0,0,0,0,0.6654527835051535,0.6655894845360817,485
1700752440000,0,1,0,462.0,462.0,1,0.6639673716012092,0.6641217522658622,662
1700752500000,0,0,0,0,0,0,0.6629552669552666,0.6631350649350621,693
1700752560000,0,0,0,0,0,0,0.6628049808429091,0.6629624521072814,783
1700752620000,0,0,0,0,0,0,0.6643346835443048,0.6644820253164566,395
1700752680000,0,0,0,0,0,0,0.6642007999999989,0.6643455999999999,125
1700752740000,0,0,0,0,0,0,0.6629705202312133,0.6631199421965333,346
1700752800000,0,0,0,0,0,0,0.6627520912547514,0.6629133079847892,526
1700752860000,0,0,0,0,0,0,0.6628465798045574,0.6629925081433207,307
1700752920000,0,0,0,0,0,0,0.6614141949152526,0.661590254237288,472
1700752980000,0,0,0,0,0,0,0.6611197564276021,0.6612656292286856,739
1700753040000,0,0,0,0,0,0,0.6604013986013988,0.6605853146853167,715
1700753100000,0,0,0,0,0,0,0.6595122772277211,0.659699504950495,1010
1700753160000,0,0,0,0,0,0,0.658378500451672,0.6585446251129177,1107
1700753220000,0,0,0,0,0,0,0.6577136824324368,0.6578650337837839,592
1700753280000,0,0,0,0,0,0,0.6578944636678197,0.6580689734717434,867
1700753340000,0,0,0,0,0,0,0.659200165562914,0.6593508278145671,604
1700753400000,0,0,0,0,0,0,0.6595367507886448,0.6596763406940035,634
1700753460000,0,0,0,0,0,0,0.6584003658536546,0.6585442682926808,820
1700753520000,0,0,0,0,0,0,0.6571599164926896,0.6572970772442569,479
1700753580000,0,0,0,0,0,0,0.6589938511326856,0.6591278317152104,618
1700753640000,0,0,0,0,0,0,0.6607131808278854,0.6608693899782129,918
1700753700000,0,0,0,0,0,0,0.6604444036697289,0.6606157798165133,1090
1700753760000,0,0,0,0,0,0,0.6607148692810391,0.6608530228758186,1224
1700753820000,0,0,0,0,0,0,0.6614079634464726,0.6615821148825073,766
1700753880000,0,0,0,0,0,0,0.6606065108514215,0.6607761268781316,599
1700753940000,0,0,0,0,0,0,0.6610232510288065,0.6611716049382714,486
1700754000000,0,0,0,0,0,0,0.66006987060998,0.6602367837338277,541
1700754060000,0,0,0,0,0,0,0.6589931467181523,0.6591816602316628,1036
1700754120000,0,0,0,0,0,0,0.6597472222222237,0.6598983585858637,792
1700754180000,0,0,0,0,0,0,0.6605778925619806,0.6607272727272692,484
1700754240000,0,0,0,0,0,0,0.6606962421711878,0.6608425887265144,479
1700754300000,0,0,0,0,0,0,0.6603102564102565,0.6604666666666643,507
1700754360000,0,0,0,0,0,0,0.6610222007722052,0.6611787644787651,518
1700754420000,0,0,0,0,0,0,0.660164742014743,0.6603200245700198,814
1700754480000,0,0,0,0,0,0,0.6596360778443093,0.6597826347305368,668
1700754540000,0,0,0,0,0,0,0.6593253289473713,0.6594891447368404,304
1700754600000,0,0,0,0,0,0,0.659250762527236,0.6594108932461876,918
1700754660000,0,1,0,63.0,63.0,1,0.6589737439222025,0.6591076175040514,617
1700754720000,0,0,0,0,0,0,0.6577617224880372,0.6579202551834131,627
1700754780000,0,0,0,0,0,0,0.6553672955974852,0.6555317610062916,636
1700754840000,0,0,0,0,0,0,0.6544436447166931,0.6546039816232766,653
1700754900000,0,0,0,0,0,0,0.6544844863731616,0.6546314465408791,477
1700754960000,0,0,0,0,0,0,0.6555782733812966,0.6557538129496381,695
1700755020000,0,0,0,0,0,0,0.6552175787728054,0.6553684908789368,603
1700755080000,0,0,0,0,0,0,0.6544919023136272,0.6546561696658091,778
1700755140000,0,0,0,0,0,0,0.6545702090592328,0.6547451219512169,574
1700755200000,0,0,0,0,0,0,0.6552111285266468,0.6553932601880871,638
1700755260000,0,0,0,0,0,0,0.6551823113207551,0.6553129716981122,424
1700755320000,0,0,0,0,0,0,0.6542908878504704,0.654481542056077,856
1700755380000,0,0,0,0,0,0,0.6548207357859502,0.6550020066889618,897
1700755440000,0,0,0,0,0,0,0.6548151885830767,0.6549601427115179,981
1700755500000,0,0,0,0,0,0,0.6565914565826312,0.6567471988795526,714
1700755560000,1,0,120.0,0,120.0,1,0.6582170212765984,0.658344946808507,752
1700755620000,0,0,0,0,0,0,0.657972358900144,0.6581180897250362,691
1700755680000,0,0,0,0,0,0,0.6589963013698625,0.6591357534246587,730
1700755740000,0,0,0,0,0,0,0.6603262953367907,0.6604721502590659,772
1700756100000,0,0,0,0,0,0,0.66,0.6601,1
1700756160000,0,0,0,0,0,0,0.6598637583892605,0.659991946308723,149
1700756220000,0,0,0,0,0,0,0.6609127139364325,0.6610476772616136,818
1700756280000,1,0,35.0,0,35.0,1,0.664001613944478,0.6641636539703001,1549
1700756340000,2,0,731.0,0,731.0,2,0.6659900458415225,0.6661382449246926,1527
1700756400000,0,0,0,0,0,0,0.6684997111019357,0.6686580272389495,2423
1700756460000,2,0,8046.0,0,8046.0,2,0.6720880655586265,0.6722327562326764,4332
1700756520000,0,0,0,0,0,0,0.67314357976653,0.6733133376567261,4626
1700756580000,0,0,0,0,0,0,0.6728061852331596,0.6729671955958523,3088
1700756640000,0,0,0,0,0,0,0.6719889102564099,0.6721380128205134,1560
1700756700000,0,0,0,0,0,0,0.6716741564417169,0.6718302147239233,1304
1700756760000,0,0,0,0,0,0,0.6704386106623549,0.6705946688206769,1238
1700756820000,0,0,0,0,0,0,0.6690205106382919,0.6691904680851023,1175
1700756880000,0,0,0,0,0,0,0.6694956607495024,0.669653353057195,1014
1700756940000,0,0,0,0,0,0,0.6682536164565313,0.6684301260783013,1507
1700757000000,0,0,0,0,0,0,0.6667554705432308,0.6669247895944947,1307
1700757060000,0,0,0,0,0,0,0.6663950375939873,0.6665478195488695,1330
1700757120000,0,0,0,0,0,0,0.6685485121731279,0.6687027953110946,1109
1700757180000,0,0,0,0,0,0,0.6694960439560441,0.6696709157509152,1365
1700757240000,1,0,372.0,0,372.0,1,0.6711035693724825,0.6712724237190492,1737
1700757300000,0,0,0,0,0,0,0.671253203743702,0.6714026637868963,1389
1700757360000,0,0,0,0,0,0,0.6700009491525387,0.6701485423728816,1475
1700757420000,0,0,0,0,0,0,0.6693577004219432,0.6694899789029488,948
1700757480000,0,0,0,0,0,0,0.6677351496546489,0.6678784343822,1303
1700757540000,0,0,0,0,0,0,0.6675403209628897,0.6676973921765312,997
1700757600000,0,0,0,0,0,0,0.6682343264248727,0.6683838082901525,772
1700757660000,0,0,0,0,0,0,0.6686209354120256,0.6687552338530054,449
1700757720000,0,0,0,0,0,0,0.6682385276073605,0.6683973619631893,1630
1700757780000,0,0,0,0,0,0,0.669146870229007,0.6693271755725172,1310
1700757840000,0,0,0,0,0,0,0.6714080223880625,0.6715722014925373,1608
1700757900000,0,0,0,0,0,0,0.669447696879644,0.6696158989598837,673
1700757960000,0,0,0,0,0,0,0.6684836101882634,0.6686496124031029,903
1700758020000,0,0,0,0,0,0,0.6679016645326482,0.6680569782330352,781
1700758080000,0,0,0,0,0,0,0.6694466049382711,0.6695975308641942,648
1700758140000,1,0,469.0,0,469.0,1,0.6733820512820549,0.6735588612367999,2652
1700758200000,0,0,0,0,0,0,0.6721466057441214,0.6722896866840737,766
1700758260000,0,0,0,0,0,0,0.6717499496475363,0.6719107754279939,993
1700758320000,0,0,0,0,0,0,0.6720103873239429,0.672161091549299,568
1700758380000,0,0,0,0,0,0,0.6732769902912626,0.6734615533980609,1030
1700758440000,0,0,0,0,0,0,0.6726879474940339,0.6728562052505956,838
1700758500000,0,0,0,0,0,0,0.6730164781906318,0.6731715670436218,619
1700758560000,0,0,0,0,0,0,0.6727461194029871,0.6728974626865711,670
1700758620000,0,0,0,0,0,0,0.6725918238993754,0.6727508176100641,795
1700758680000,0,0,0,0,0,0,0.6730098726114689,0.6731690021231449,942
1700758740000,0,0,0,0,0,0,0.6723510046367857,0.6725145285935124,647
1700758800000,0,0,0,0,0,0,0.6730158582089543,0.6731805970149235,536
1700758860000,0,0,0,0,0,0,0.6715470332850939,0.6717251808972476,1382
1700758920000,0,0,0,0,0,0,0.6713593519882155,0.6715082474226785,679
1700758980000,0,0,0,0,0,0,0.6718340540540547,0.6720194594594588,740
1700759040000,0,0,0,0,0,0,0.6714157549234143,0.6715634573304179,457
1700759100000,0,0,0,0,0,0,0.6713570532915356,0.6715098746081507,638
1700759160000,0,0,0,0,0,0,0.672671884984026,0.6728052183173571,939
1700759220000,0,0,0,0,0,0,0.6736001106194723,0.6737412610619462,904
1700759280000,0,0,0,0,0,0,0.673589024390244,0.6737281596452361,902
1700759340000,0,0,0,0,0,0,0.6746308270676679,0.6747838882921571,931
1700759400000,0,0,0,0,0,0,0.6764135885885877,0.6765733483483525,1332
1700759460000,0,0,0,0,0,0,0.6748283555555544,0.6749775111111157,1125
1700759520000,0,0,0,0,0,0,0.6762156439066589,0.6763759723422637,1157
1700759580000,0,0,0,0,0,0,0.677090816326529,0.6772461734693863,1176
1700759640000,3,0,5874.0,0,5874.0,3,0.6797910229645051,0.6799688935281823,2395
1700759700000,0,0,0,0,0,0,0.679302997694083,0.6794574942352021,1301
1700759760000,0,0,0,0,0,0,0.6778404598628408,0.6779874949576595,2479
1700759820000,0,0,0,0,0,0,0.6767169916434523,0.676874744661096,1077
1700759880000,0,0,0,0,0,0,0.6783853758169939,0.6785571895424771,1224
1700759940000,0,0,0,0,0,0,0.6773808930425782,0.6775424714434034,963
1700760000000,0,0,0,0,0,0,0.6768817964071872,0.6770452694610761,835
1700760060000,3,0,718.0,0,718.0,3,0.6822388845247387,0.682418146111541,3819
1700760120000,3,0,4781.0,0,4781.0,3,0.6851505828571387,0.6853255771428473,4375
1700760180000,2,0,3569.0,0,3569.0,2,0.6869783707865167,0.6871455056179778,3560
1700760240000,2,0,733.0,0,733.0,2,0.6886484684684709,0.6888317417417402,3330
1700760300000,1,0,303.0,0,303.0,1,0.6876328544659552,0.6878344472204763,3202
1700760360000,0,1,0,294.0,294.0,1,0.6855172571428384,0.6856832380952328,2625
1700760420000,0,0,0,0,0,0,0.6861093697713312,0.6862878416062377,1793
1700760480000,0,0,0,0,0,0,0.6846757291666683,0.6848484374999977,1920
1700760540000,0,0,0,0,0,0,0.6845179753406897,0.6846832576249208,1541
1700760600000,0,0,0,0,0,0,0.6845068584070794,0.6846613569321517,1356
1700760660000,0,0,0,0,0,0,0.6849053184910346,0.6850633271490356,1617
1700760720000,0,0,0,0,0,0,0.6854140540540539,0.6855599999999996,925
1700760780000,0,0,0,0,0,0,0.6843836257309915,0.6845432748538075,1026
1700760840000,0,0,0,0,0,0,0.6823303030303017,0.6825091582491571,1485
1700760900000,0,0,0,0,0,0,0.6819926424870463,0.6821466321243521,965
1700760960000,0,0,0,0,0,0,0.6815011607142877,0.6816589285714285,1120
1700761020000,0,0,0,0,0,0,0.6797194346289755,0.6798973851590138,1415
1700761080000,0,1,0,4789.0,4789.0,1,0.6781901447277721,0.6783615437629147,1451
1700761140000,0,0,0,0,0,0,0.6787398780487776,0.6788820731707325,820
1700761200000,0,0,0,0,0,0,0.6789213580246886,0.6790625925925908,810
1700761260000,0,0,0,0,0,0,0.6772783910196435,0.6774434985968211,1069
1700761320000,0,0,0,0,0,0,0.677411431411532,0.6775771371769376,1006
1700761380000,0,0,0,0,0,0,0.6774261294261283,0.6775794871794897,819
1700761440000,0,0,0,0,0,0,0.6766892171344154,0.6768237813884839,677
1700761500000,0,0,0,0,0,0,0.6766096491228041,0.6767498903508765,912
1700761560000,0,0,0,0,0,0,0.6776887122416506,0.6778387917329041,1258
1700761620000,0,0,0,0,0,0,0.6797832069339138,0.6799314192849432,923
1700761680000,0,0,0,0,0,0,0.6804586725663766,0.6806151327433659,1130
1700761740000,0,0,0,0,0,0,0.6806526588845607,0.6807949416342429,771
1700761800000,0,0,0,0,0,0,0.6820338181818159,0.6821557575757554,825
1700761860000,0,0,0,0,0,0,0.6821904452690191,0.6823410018552913,1078
1700761920000,0,0,0,0,0,0,0.6831299303944338,0.6832717710750215,1293
1700761980000,0,0,0,0,0,0,0.6832062605752962,0.6833615059221673,1182
1700762040000,0,0,0,0,0,0,0.683387841658812,0.6835366635249744,1061
1700762100000,0,0,0,0,0,0,0.6855007953723778,0.6856727404193836,1383
1700762160000,0,0,0,0,0,0,0.6857605633802769,0.6859074647887324,1420
1700762220000,0,0,0,0,0,0,0.6859480352303492,0.6861024390243915,1476
1700762280000,0,0,0,0,0,0,0.6843651564185482,0.6845245415318181,1854
1700762340000,0,0,0,0,0,0,0.6838084947839025,0.683947690014909,1342
1700762400000,0,0,0,0,0,0,0.6833443559096923,0.6834776892430269,753
1700762460000,0,0,0,0,0,0,0.6827940247252754,0.6829413461538476,1456
1700762520000,0,0,0,0,0,0,0.6830958301158309,0.6832476447876499,1295
1700762580000,2,0,287.0,0,287.0,2,0.6857474831344045,0.6859180591593201,1927
1700762640000,2,0,415.0,0,415.0,2,0.6896534278275992,0.6898154469192959,3457
1700762700000,0,0,0,0,0,0,0.6892051073985738,0.6893555608592022,2095
1700762760000,0,0,0,0,0,0,0.6885430165816342,0.68870835459184,3136
1700762820000,0,0,0,0,0,0,0.6912254728370228,0.691387484909451,2485
1700762880000,0,0,0,0,0,0,0.691231334202511,0.6913965232507558,2301
1700762940000,1,0,3.0,0,3.0,1,0.692618605546986,0.6927711479198692,2596
1700763000000,0,0,0,0,0,0,0.6921301145662814,0.6922748772504087,2444
1700763060000,2,0,1102.0,0,1102.0,2,0.6926057707828821,0.6927635189669116,2478
1700763120000,1,0,125.0,0,125.0,1,0.6926248315005307,0.6927837531039341,2819
1700763180000,0,0,0,0,0,0,0.6934117348927858,0.6935727095516536,2565
1700763240000,0,0,0,0,0,0,0.6933483583750704,0.6935062882582075,1797
1700763300000,0,0,0,0,0,0,0.6910394224924002,0.6911999696048589,3290
1700763360000,0,3,0,798.0,798.0,3,0.6894514018691617,0.689601979109398,1819
1700763420000,0,0,0,0,0,0,0.6895735573411265,0.6897103725346945,1369
1700763480000,0,1,0,133.0,133.0,1,0.6902058429118887,0.690355747126443,2088
1700763540000,3,0,3637.0,0,3637.0,3,0.6950743274404356,0.6952477837560846,3903
1700763600000,0,0,0,0,0,0,0.6953755497382177,0.695513664921463,1910
1700763660000,0,0,0,0,0,0,0.6942096543001748,0.6943619730185555,2372
1700763720000,2,0,4462.0,0,4462.0,2,0.6951857952245976,0.6953557264265439,2471
1700763780000,0,0,0,0,0,0,0.6946914225941393,0.6948460948396046,1434
1700763840000,0,0,0,0,0,0,0.694383188553911,0.6945457843638242,1957
1700763900000,0,1,0,1041.0,1041.0,1,0.6931719848053273,0.6933361348528065,2106
1700763960000,0,1,0,7198.0,7198.0,1,0.6902879448909305,0.6904616915423035,2613
1700764020000,0,1,0,1861.0,1861.0,1,0.6888697409326469,0.6890297409326395,1930
1700764080000,0,1,0,568.0,568.0,1,0.6872367897727248,0.6874073153409065,2816
1700764140000,0,0,0,0,0,0,0.6876175202156299,0.6877673315363854,1855
1700764200000,0,0,0,0,0,0,0.6880625212947253,0.6882043441226604,1174
1700764260000,0,0,0,0,0,0,0.6894732948583485,0.6896368835257176,1906
1700764320000,0,0,0,0,0,0,0.6895265013054858,0.6896726501305579,1532
1700764380000,2,0,5331.0,0,5331.0,2,0.6914206585475791,0.6915823184483595,2217
1700764440000,0,0,0,0,0,0,0.6911077486910986,0.6912552356020839,1910
1700764500000,0,0,0,0,0,0,0.6912554166666698,0.6913995238095207,1680
1700764560000,0,0,0,0,0,0,0.6903558701657498,0.6904973756906099,1448
1700764620000,0,0,0,0,0,0,0.6908355334538848,0.6909603978300243,1106
1700764680000,0,0,0,0,0,0,0.6905771780303072,0.6907047348484894,1056
1700764740000,0,0,0,0,0,0,0.6905840549102484,0.6907309926082379,1894
1700764800000,0,0,0,0,0,0,0.6925221959858351,0.692684258166069,2541
1700764860000,0,0,0,0,0,0,0.693517947652687,0.6936631906938192,2407
1700764920000,0,0,0,0,0,0,0.6938964835164758,0.694029615384623,1820
1700764980000,0,0,0,0,0,0,0.6934199930819896,0.6935726046350694,2891
1700765040000,0,0,0,0,0,0,0.6929946637744139,0.6931407809110648,2305
1700765100000,0,0,0,0,0,0,0.6934284946236473,0.6935620583717371,1302
1700765160000,0,0,0,0,0,0,0.6932859582542658,0.6934234345350933,2108
1700765220000,0,0,0,0,0,0,0.6942144101346072,0.6943681710213839,2526
1700765280000,1,0,21.0,0,21.0,1,0.6961493702770762,0.696338129722912,3176
1700765340000,0,0,0,0,0,0,0.6960981963927771,0.6962546292585128,2495
1700765400000,0,0,0,0,0,0,0.6969643896976377,0.6971114781634956,1786
1700765460000,1,0,750.0,0,750.0,1,0.6971512096774091,0.6973002016129037,1984
1700765520000,2,0,12627.0,0,12627.0,2,0.6977047656250039,0.6978619921874933,2560
1700765580000,0,0,0,0,0,0,0.6981141031941007,0.6982600491400346,2035
1700765640000,0,0,0,0,0,0,0.6980427055703098,0.6981858974359088,2262
1700765700000,0,0,0,0,0,0,0.697283090507719,0.6974201324503155,2265
1700765760000,0,0,0,0,0,0,0.697872591645341,0.6979967178175523,2346
1700765820000,0,0,0,0,0,0,0.6978768848758474,0.6980132731376976,2215
1700765880000,3,0,7976.0,0,7976.0,3,0.6994330665904558,0.6995794798513889,3499
1700765940000,4,0,2023.0,0,2023.0,4,0.7009197050691377,0.7011120184331924,5425
1700766000000,0,0,0,0,0,0,0.7014927938808474,0.7016929146537991,4968
1700766060000,0,0,0,0,0,0,0.7006741090146624,0.7008419986023668,2862
1700766120000,0,0,0,0,0,0,0.7018446718419218,0.7019967889908186,2834
1700766180000,0,0,0,0,0,0,0.7026343036274105,0.7027838334079749,2233
1700766240000,0,0,0,0,0,0,0.7024813809523851,0.7026301428571465,2100
1700766300000,0,2,0,756.0,756.0,2,0.6979504702194304,0.6981149098746162,5104
1700766360000,0,3,0,908.0,908.0,3,0.6946566188972556,0.6948232450813779,4117
1700766420000,0,5,0,15533.0,15533.0,5,0.6894325999424804,0.689660123669832,6954
1700766480000,0,0,0,0,0,0,0.6878277919863635,0.687988036373974,3519
1700766540000,0,3,0,3522.0,3522.0,3,0.6843099999999925,0.6845054598825802,5110
1700766600000,0,0,0,0,0,0,0.6848267820475167,0.6850048694631793,3409
1700766660000,0,0,0,0,0,0,0.6860665189226052,0.6862531537674805,2933
1700766720000,0,0,0,0,0,0,0.6861419016921971,0.6863036663980793,2482
1700766780000,0,0,0,0,0,0,0.685990758444866,0.6861565328234555,1569
1700766840000,0,0,0,0,0,0,0.6863447400241792,0.6865012696493344,1654
1700766900000,0,2,0,7858.0,7858.0,2,0.683484905660371,0.6836643703378744,2279
1700766960000,0,0,0,0,0,0,0.6847602346805768,0.6849168187744391,2301
1700767020000,0,0,0,0,0,0,0.6875179533213663,0.6876752842609231,1671
1700767080000,0,0,0,0,0,0,0.6902779871692131,0.6904421812349728,2494
1700767140000,0,0,0,0,0,0,0.6905203397612572,0.6906853994490363,2178
1700767200000,0,0,0,0,0,0,0.6903309662398142,0.6904877764842932,1718
1700767260000,0,0,0,0,0,0,0.6889327777777811,0.689090493827163,1620
1700767320000,0,0,0,0,0,0,0.6878558692421965,0.6880083209509681,1346
1700767380000,0,2,0,3488.0,3488.0,2,0.6863509535655012,0.6865184079601935,2412
1700767440000,0,0,0,0,0,0,0.6866125419932797,0.6867668533034708,893
1700767500000,0,0,0,0,0,0,0.6875076458752526,0.6876871227364227,994
1700767560000,0,0,0,0,0,0,0.6871593123209159,0.6873220630372441,1047
1700767620000,0,0,0,0,0,0,0.6863996088657105,0.6865396349413292,767
1700767680000,0,0,0,0,0,0,0.6874112304687532,0.6875805664062503,1024
1700767740000,0,0,0,0,0,0,0.686646653346653,0.6868066933066912,1001
1700767800000,0,0,0,0,0,0,0.6863180677540789,0.6864644918444142,797
1700767860000,0,0,0,0,0,0,0.686852719665268,0.687012552301253,1195
1700767920000,0,1,0,153.0,153.0,1,0.6843726303982095,0.6845362310712251,1783
1700767980000,0,1,0,475.0,475.0,1,0.6836297637795301,0.6837783464567027,1270
1700768040000,0,0,0,0,0,0,0.683974468085103,0.6841142678347968,799
1700768100000,0,0,0,0,0,0,0.6845516203703675,0.684690393518519,864
1700768160000,0,0,0,0,0,0,0.6852166150670794,0.6853421052631571,969
1700768220000,0,0,0,0,0,0,0.6855230414746514,0.6856702764976949,868
1700768280000,0,0,0,0,0,0,0.6854526096033372,0.6855794363256815,958
1700768340000,0,0,0,0,0,0,0.6856183520599197,0.685741198501874,534
1700768400000,0,0,0,0,0,0,0.6857581794195255,0.6858941952506598,758
1700768460000,0,0,0,0,0,0,0.6840101010101028,0.6841546517809693,1881
1700768520000,0,2,0,3619.0,3619.0,2,0.6824175657894759,0.6825551973684231,1520
1700768580000,0,0,0,0,0,0,0.6824379225061806,0.682580214344604,1213
1700768640000,0,0,0,0,0,0,0.6828662240663913,0.683012531120332,1205
1700768700000,0,0,0,0,0,0,0.6832649393605302,0.6834099228224865,907
1700768760000,0,0,0,0,0,0,0.6844118842845944,0.6845467552775559,1279
1700768820000,0,0,0,0,0,0,0.6847514723203785,0.6848820965842182,849
1700768880000,0,0,0,0,0,0,0.6849878082191818,0.6851180821917826,730
1700768940000,0,0,0,0,0,0,0.6866835035349527,0.6868133542812256,1273
1700769000000,0,0,0,0,0,0,0.6868396293027327,0.6869799646955036,1133
1700769060000,0,0,0,0,0,0,0.6859252013809027,0.6860719792865381,1738
1700769120000,0,0,0,0,0,0,0.6873327183271811,0.6874676506765058,813
1700769180000,0,0,0,0,0,0,0.6873556898288026,0.6874962739174207,993
1700769240000,0,0,0,0,0,0,0.6847648241206099,0.6849255563531921,1393
1700769300000,0,0,0,0,0,0,0.6830154731457807,0.6831772378516601,1564
1700769360000,0,1,0,367.0,367.0,1,0.6809382352941182,0.6810908635794781,1598
1700769420000,0,0,0,0,0,0,0.6810405682715047,0.6811850828729337,1267
1700769480000,0,0,0,0,0,0,0.680515476190479,0.6806675824175863,1092
1700769540000,0,0,0,0,0,0,0.6812056451612928,0.6813396313364037,868
1700769600000,0,0,0,0,0,0,0.6806559248554918,0.680799710982662,692
1700769660000,0,1,0,719.0,719.0,1,0.6794717064544711,0.6796200265252063,2262
1700769720000,0,0,0,0,0,0,0.6802875536480701,0.6804339771101569,1398
1700769780000,0,0,0,0,0,0,0.6806812865497087,0.6808108771929816,855
1700769840000,0,0,0,0,0,0,0.6814699307616204,0.6815930761622159,1011
1700769900000,0,0,0,0,0,0,0.6824971970321541,0.6826502885408113,1213
1700769960000,0,0,0,0,0,0,0.6836189576547222,0.6837596091205186,1535
1700770020000,0,0,0,0,0,0,0.6827335744424313,0.6828743218806517,1659
1700770080000,0,0,0,0,0,0,0.6836778494623629,0.6838230824372735,1395
1700770140000,0,0,0,0,0,0,0.683574704491729,0.6837145784081887,1269
1700770200000,0,0,0,0,0,0,0.6832741479099738,0.6834054662379436,1555
1700770260000,0,0,0,0,0,0,0.6825752370916781,0.6827056902002095,949
1700770320000,0,0,0,0,0,0,0.6818675847457687,0.6820121822033867,944
1700770380000,0,0,0,0,0,0,0.6816161764705954,0.6817370915032704,612
1700770440000,0,0,0,0,0,0,0.6823983628922237,0.6825190995907197,733
1700770500000,0,0,0,0,0,0,0.6846339158576011,0.6847761812297705,1545
1700770560000,0,0,0,0,0,0,0.6847462710941623,0.6848927599346718,1837
1700770620000,0,0,0,0,0,0,0.6843122166246868,0.6844554156171314,794
1700770680000,0,0,0,0,0,0,0.6848897849462416,0.685049059139785,1488
1700770740000,0,0,0,0,0,0,0.6852959595959577,0.6854258838383804,792
1700770800000,0,0,0,0,0,0,0.6849414390406369,0.6850760159893374,1501
1700770860000,0,0,0,0,0,0,0.684619166666665,0.6847540740740744,1080
1700770920000,0,0,0,0,0,0,0.6853140893470797,0.6854465063001134,873
1700770980000,0,0,0,0,0,0,0.6856063492063492,0.6857572486772505,945
1700771040000,0,0,0,0,0,0,0.6848084756483263,0.6849867805186605,1581
1700771100000,0,0,0,0,0,0,0.6847421052631506,0.684885291353382,2128
1700771160000,0,0,0,0,0,0,0.68442119357307,0.6845677888293762,1307
1700771220000,0,0,0,0,0,0,0.6824161772853268,0.6825467590027716,1805
1700771280000,0,1,0,99.0,99.0,1,0.6819133980582469,0.6820668932038875,1030
1700771340000,0,0,0,0,0,0,0.6819217861975657,0.6820472259810543,739
1700771400000,0,0,0,0,0,0,0.6826409736308322,0.6827833671399587,493
1700771460000,0,0,0,0,0,0,0.6821652471482871,0.6822990114068438,1315
1700771520000,0,0,0,0,0,0,0.6813014478764449,0.681431660231659,1036
1700771580000,0,0,0,0,0,0,0.6796047725996676,0.6797751824817547,1781
1700771640000,0,0,0,0,0,0,0.6794457270408167,0.6795893494897978,1568
1700771700000,0,0,0,0,0,0,0.6799028571428639,0.6800205714285713,525
1700771760000,0,0,0,0,0,0,0.6794566909975663,0.6795797242497983,1233
1700771820000,0,3,0,4589.0,4589.0,3,0.6772707776427684,0.6774330498177402,1646
1700771880000,0,1,0,6.0,6.0,1,0.6766005678233383,0.6767290220820211,1585
1700771940000,0,0,0,0,0,0,0.6773054987212302,0.6774305626598498,782
1700772000000,0,0,0,0,0,0,0.6775852064220195,0.6777113532110078,872
1700772060000,0,0,0,0,0,0,0.6780432714617103,0.678166357308577,862
1700772120000,0,0,0,0,0,0,0.6779571428571454,0.6780806318681315,728
1700772180000,0,0,0,0,0,0,0.678451246537396,0.6785745152354576,722
1700772240000,0,0,0,0,0,0,0.6786340225563898,0.6787462406015029,532
1700772300000,0,0,0,0,0,0,0.6782837070254057,0.6784034379671146,669
1700772360000,0,0,0,0,0,0,0.6766284391534364,0.6767636243386256,756
1700772420000,0,0,0,0,0,0,0.676691937424787,0.6768222623345355,831
1700772480000,0,0,0,0,0,0,0.6776086809470135,0.6777515219842137,887
1700772540000,0,0,0,0,0,0,0.676532782369146,0.676663223140499,726
1700772600000,0,1,0,151.0,151.0,1,0.6759643495531311,0.676109632572,1007
1700772660000,0,3,0,709.0,709.0,3,0.6745937192790757,0.6747410704533019,1831
1700772720000,0,0,0,0,0,0,0.6746170406732122,0.6747679523141671,1426
1700772780000,0,0,0,0,0,0,0.6758369310793189,0.6759816644993527,769
1700772840000,1,0,2066.0,0,2066.0,1,0.6770502799552072,0.6771720044792854,893
1700772900000,0,0,0,0,0,0,0.6774054666666688,0.6775346666666676,750
1700772960000,0,0,0,0,0,0,0.6771803846153861,0.677311346153849,520
1700773020000,0,0,0,0,0,0,0.6770990846681909,0.6772398169336377,437
1700773080000,0,0,0,0,0,0,0.676696330275234,0.676842385321096,545
1700773140000,0,0,0,0,0,0,0.6766540372670856,0.6767698757763969,644
1700773200000,0,0,0,0,0,0,0.6756131578947352,0.675748891966759,722
1700773260000,0,0,0,0,0,0,0.6751419416243712,0.6752980329949247,1576
1700773320000,0,0,0,0,0,0,0.6759199772985249,0.6760685584563044,881
1700773380000,0,0,0,0,0,0,0.6769842592592622,0.6771156084656103,756
1700773440000,0,0,0,0,0,0,0.6768067381316998,0.6769502297090331,653
1700773500000,0,0,0,0,0,0,0.6775924901185774,0.6777247694334663,759
1700773560000,0,0,0,0,0,0,0.6783221662468534,0.6784664147775001,1191
1700773620000,0,0,0,0,0,0,0.679564312617705,0.6797071563088515,1062
1700773680000,0,0,0,0,0,0,0.6797949806949838,0.679952509652514,1295
1700773740000,0,0,0,0,0,0,0.6797955106621801,0.6799382716049391,891
1700773800000,0,1,0,4091.0,4091.0,1,0.6800006185566971,0.6801423711340222,970
1700773860000,0,0,0,0,0,0,0.6806814147018039,0.6808252427184515,1442
1700773920000,0,0,0,0,0,0,0.67940132743363,0.679524513274334,1130
1700773980000,0,0,0,0,0,0,0.6793193401592706,0.6794565415244632,879
1700774040000,0,0,0,0,0,0,0.6777387969924841,0.6778749624060156,1330
1700774100000,0,0,0,0,0,0,0.6782266419981519,0.6783773358001843,1081
1700774160000,0,0,0,0,0,0,0.6776233183856453,0.6777623318385635,1115
1700774220000,0,0,0,0,0,0,0.677871888988359,0.6780202327663324,1117
1700774280000,0,0,0,0,0,0,0.6770343267108205,0.6771696467991142,906
1700774340000,0,0,0,0,0,0,0.6768354128440409,0.6769838532110066,545
1700774400000,0,0,0,0,0,0,0.6761330014224742,0.6762910384068287,703
1700774460000,0,0,0,0,0,0,0.675440721262215,0.6755880540946706,1331
1700774520000,0,0,0,0,0,0,0.6749248493975923,0.6750630271084307,1328
1700774580000,0,0,0,0,0,0,0.6746037663335935,0.674727209838592,1301
1700774640000,0,0,0,0,0,0,0.6755572225666456,0.675706695598261,1613
1700774700000,0,0,0,0,0,0,0.6782194852941232,0.6783494485294144,1632
1700774760000,0,0,0,0,0,0,0.6774694105691066,0.6775996951219491,984
1700774820000,0,0,0,0,0,0,0.677471153846156,0.6776122863247857,936
1700774880000,0,0,0,0,0,0,0.6774679123711335,0.6775966494845355,776
1700774940000,0,0,0,0,0,0,0.6775713846153834,0.6777076923076921,650
1700775000000,0,0,0,0,0,0,0.677076854599415,0.6772415430267075,1011
1700775060000,0,0,0,0,0,0,0.6764603431839865,0.6766196377502312,1049
1700775120000,0,0,0,0,0,0,0.6759437291897884,0.6760948945615969,901
1700775180000,0,0,0,0,0,0,0.6747241086587462,0.6748860780984716,1178
1700775240000,0,0,0,0,0,0,0.6748336423841051,0.6749683443708604,755
1700775300000,0,0,0,0,0,0,0.6753267990074444,0.6754451612903211,403
1700775360000,0,0,0,0,0,0,0.6753996287128714,0.6755246287128737,808
1700775420000,0,0,0,0,0,0,0.6743953511374904,0.6745576656775467,1011
1700775480000,0,0,0,0,0,0,0.6749958579881671,0.6751189349112476,507
1700775540000,0,0,0,0,0,0,0.674640257352942,0.674769301470593,544
1700775600000,0,0,0,0,0,0,0.6743064871481056,0.674458873929007,817
1700775660000,0,0,0,0,0,0,0.6748270010672359,0.6749572038420517,937
1700775720000,0,0,0,0,0,0,0.6746625204582627,0.6748180032733192,611
1700775780000,0,0,0,0,0,0,0.6752357340720208,0.6753614035087835,1083
1700775840000,0,0,0,0,0,0,0.6752959367945833,0.6754335214447033,886
1700775900000,0,0,0,0,0,0,0.6761984615384575,0.6763250427350365,1170
1700775960000,0,0,0,0,0,0,0.6757076612903207,0.6758393817204317,744
1700776020000,0,0,0,0,0,0,0.6750156666666645,0.6751541666666668,600
1700776080000,0,0,0,0,0,0,0.674909724770641,0.6750594495412838,545
1700776140000,0,0,0,0,0,0,0.6763232790988785,0.676439048811013,799
1700776200000,0,0,0,0,0,0,0.6764152641878683,0.6765465753424634,511
1700776260000,0,0,0,0,0,0,0.6762399437412107,0.6763611814346012,711
1700776320000,0,0,0,0,0,0,0.6765608349900626,0.676700198807159,503
1700776380000,0,0,0,0,0,0,0.6770664621676892,0.677184458077711,489
1700776440000,0,0,0,0,0,0,0.6766376528117359,0.67676442542787,818
1700776500000,0,0,0,0,0,0,0.676971633237826,0.6771028653295099,1047
1700776560000,1,0,25.0,0,25.0,1,0.6784777653631248,0.6786032402234617,895
1700776620000,0,0,0,0,0,0,0.678368135095444,0.6784941262848765,681
1700776680000,0,0,0,0,0,0,0.6791840764331233,0.6793145222929947,785
1700776740000,0,0,0,0,0,0,0.6790920314253601,0.6792363636363608,891
1700776800000,0,0,0,0,0,0,0.6793884057971004,0.6795161835748772,414
1700776860000,0,0,0,0,0,0,0.6791365159128991,0.6792820770519221,1194
1700776920000,1,0,3963.0,0,3963.0,1,0.6802838211814801,0.6804203299627398,1879
1700776980000,0,0,0,0,0,0,0.6799712609970713,0.6801127077223869,1023
1700777040000,0,0,0,0,0,0,0.6810695928753192,0.6811935114503834,786
1700777100000,0,0,0,0,0,0,0.6814554800339836,0.6816006796941372,1177
1700777160000,0,0,0,0,0,0,0.6813809147374389,0.6815138339920916,1771
1700777220000,0,0,0,0,0,0,0.6815857859531802,0.6817040133779315,598
1700777280000,0,0,0,0,0,0,0.6812398009950243,0.6813585406301834,603
1700777340000,0,0,0,0,0,0,0.6813225700164774,0.6814632619439862,607
1700777400000,0,0,0,0,0,0,0.6824930189834708,0.682636374770364,1633
1700777460000,0,0,0,0,0,0,0.6818459259259219,0.6819614814814768,810
1700777520000,0,0,0,0,0,0,0.6817957264957286,0.681906349206354,819
1700777580000,0,0,0,0,0,0,0.6814004264392383,0.6815211087420062,938
1700777640000,0,0,0,0,0,0,0.6809334572490724,0.6810425030978967,807
1700777700000,0,0,0,0,0,0,0.6801517006802671,0.6802583333333327,588
1700777760000,0,0,0,0,0,0,0.6790685761047455,0.6791971358428859,1222
1700777820000,0,1,0,715.0,715.0,1,0.676151718927088,0.6763086135247471,2647
1700777880000,0,0,0,0,0,0,0.6765131826741987,0.6766349340866226,1062
1700777940000,0,0,0,0,0,0,0.6770811752988043,0.6772081673306778,1004
1700778000000,0,0,0,0,0,0,0.6778989519650604,0.6780492576419255,1145
1700778060000,0,0,0,0,0,0,0.6785632281553353,0.6787038834951459,824
1700778120000,0,0,0,0,0,0,0.6780464730290474,0.6781578838174241,482
1700778180000,0,0,0,0,0,0,0.6782427609427623,0.6783612794612783,594
1700778240000,0,0,0,0,0,0,0.6787360393603968,0.6788523985239854,813
1700778300000,0,0,0,0,0,0,0.6775132307692291,0.6776306153846149,650
1700778360000,0,0,0,0,0,0,0.67851282287822,0.6786241697416938,1084
1700778420000,1,0,576.0,0,576.0,1,0.6797325581395345,0.6798499999999971,602
1700778480000,0,0,0,0,0,0,0.6806252173913028,0.680753043478262,460
1700778540000,0,0,0,0,0,0,0.6812296703296701,0.6813588697017288,637
1700778600000,0,0,0,0,0,0,0.6800439024390266,0.6801841463414651,984
1700778660000,0,0,0,0,0,0,0.6802658974358984,0.6803725641025644,390
1700778720000,0,0,0,0,0,0,0.6796415313225019,0.6797531322505781,431
1700778780000,0,0,0,0,0,0,0.6790014344262324,0.6791129098360664,488
1700778840000,0,0,0,0,0,0,0.6786109409190352,0.6787212253829349,457
1700778900000,0,0,0,0,0,0,0.6797201142857183,0.6798300571428577,875
1700778960000,0,0,0,0,0,0,0.6791307106598996,0.679232487309646,394
1700779020000,0,0,0,0,0,0,0.6789706051873222,0.6790795389049034,347
1700779080000,0,0,0,0,0,0,0.6791004166666662,0.6792156249999988,480
1700779140000,0,0,0,0,0,0,0.6798632492113547,0.6799755520504777,634
1700779200000,0,0,0,0,0,0,0.679962898089175,0.6801152866242067,628
1700779260000,0,0,0,0,0,0,0.6804121880998042,0.680540978886758,1042
1700779320000,0,0,0,0,0,0,0.6806238496071915,0.6807275533109105,1782
1700779380000,0,0,0,0,0,0,0.6807732718893932,0.6808735791090689,651
1700779440000,0,0,0,0,0,0,0.6801760493827205,0.6803045679012343,810
1700779500000,0,0,0,0,0,0,0.6804704301075257,0.68060188172043,372
1700779560000,0,0,0,0,0,0,0.6815713855421724,0.6816867469879554,332
1700779620000,0,0,0,0,0,0,0.682098219584571,0.6822329376854587,337
1700779680000,0,0,0,0,0,0,0.6829908805031404,0.6830952830188669,318
1700779740000,0,0,0,0,0,0,0.6822972375690602,0.6824116022099461,362
1700779800000,0,0,0,0,0,0,0.682173178807946,0.6822890728476814,302
1700779860000,0,0,0,0,0,0,0.6823605633802826,0.6824605633802828,142
1700779920000,0,0,0,0,0,0,0.6822898936170189,0.6823909574468082,376
1700779980000,0,0,0,0,0,0,0.6822801843317974,0.682391244239632,434
1700780040000,0,0,0,0,0,0,0.6822245318351994,0.6823462546816453,534
1700780100000,0,0,0,0,0,0,0.6820704778156947,0.6821906143344699,586
1700780160000,0,0,0,0,0,0,0.6817209713024299,0.6818304635761632,453
1700780220000,0,0,0,0,0,0,0.6819761408083391,0.682106518904823,767
1700780280000,0,0,0,0,0,0,0.6816651583710416,0.6817696832579218,221
1700780340000,0,0,0,0,0,0,0.6809516949152575,0.6810588983050838,472
1700780400000,0,0,0,0,0,0,0.6815956719817761,0.6817088838268761,439
1700780460000,0,0,0,0,0,0,0.6814331073446287,0.681539999999997,885
1700780520000,0,0,0,0,0,0,0.6803965576592081,0.6805075731497399,581
1700780580000,0,0,0,0,0,0,0.6796679569892493,0.6797904301075289,930
1700780640000,0,0,0,0,0,0,0.6804332859174967,0.6805423897581826,703
1700780700000,0,0,0,0,0,0,0.6798826998689409,0.679997903014422,763
1700780760000,0,2,0,896.0,896.0,2,0.6784013076923129,0.6785293076923062,1300
1700780820000,0,0,0,0,0,0,0.6797205599999987,0.6798384800000009,1250
1700780880000,0,0,0,0,0,0,0.6798746192893382,0.6799864213197958,788
1700780940000,0,0,0,0,0,0,0.6804986745213586,0.6806514727540502,1358
1700781000000,0,0,0,0,0,0,0.6814554192229056,0.6815672801636029,489
1700781060000,0,0,0,0,0,0,0.6816921678321698,0.6818037762237769,715
1700781120000,0,0,0,0,0,0,0.6810551820728294,0.6811725490196049,714
1700781180000,0,0,0,0,0,0,0.6805957845433256,0.6807086651053856,427
1700781240000,0,0,0,0,0,0,0.6802861538461488,0.6803919230769233,520
1700781300000,0,0,0,0,0,0,0.6805228723404215,0.6806372340425564,564
1700781360000,0,0,0,0,0,0,0.6813129820051445,0.6814248071979468,778
1700781420000,0,0,0,0,0,0,0.6820376413570267,0.6821597738287564,619
1700781480000,0,0,0,0,0,0,0.6833947432762881,0.6835094132029346,818
1700781540000,0,0,0,0,0,0,0.6829793150684877,0.6830927397260239,730
1700781600000,0,0,0,0,0,0,0.6817432029795191,0.6818512104283082,537
1700781660000,0,0,0,0,0,0,0.6805940334128934,0.6807084725537009,838
1700781720000,0,0,0,0,0,0,0.6800356495468296,0.6801528700906353,662
1700781780000,0,0,0,0,0,0,0.6809029002320226,0.6810230858468689,862
1700781840000,0,0,0,0,0,0,0.6810110707804023,0.6811437386569898,551
1700781900000,0,0,0,0,0,0,0.6815769892473157,0.6817002150537653,465
1700781960000,0,0,0,0,0,0,0.6815839904420561,0.6817068100358447,837
1700782020000,0,0,0,0,0,0,0.6817034358047047,0.6818202531645589,553
1700782080000,0,0,0,0,0,0,0.6823012211668893,0.6824185888738102,737
1700782140000,0,0,0,0,0,0,0.6816143157894748,0.6817303157894701,475
1700782200000,0,0,0,0,0,0,0.6816258264462802,0.6817378099173506,484
1700782260000,0,0,0,0,0,0,0.6823163215590748,0.6824321559074313,821
1700782320000,0,0,0,0,0,0,0.6819476426799003,0.6820610421836205,403
1700782380000,0,0,0,0,0,0,0.6813994318181819,0.6815181818181856,704
1700782440000,0,0,0,0,0,0,0.6820762318840566,0.6821881159420231,690
1700782500000,0,0,0,0,0,0,0.6822861313868614,0.6823932846715304,685
1700782560000,0,0,0,0,0,0,0.68209298013245,0.6822019867549637,755
1700782620000,0,0,0,0,0,0,0.6825848032564422,0.6826985074626803,737
1700782680000,0,0,0,0,0,0,0.6821359605911318,0.6822541871921126,812
1700782740000,0,0,0,0,0,0,0.6813859287054402,0.6815065666041303,533
1700782800000,0,0,0,0,0,0,0.6812277925531932,0.681337632978729,752
1700782860000,0,0,0,0,0,0,0.6811713375796176,0.6812757961783376,314
1700782920000,0,0,0,0,0,0,0.6813670370370398,0.6814768518518518,540
1700782980000,0,0,0,0,0,0,0.6821591145833352,0.682263541666665,768
1700783040000,0,0,0,0,0,0,0.6830271317829458,0.6831388704318907,903
1700783100000,0,0,0,0,0,0,0.6831272292993672,0.6832328025477703,628
1700783160000,0,0,0,0,0,0,0.6832994750656176,0.6834087926509218,762
1700783220000,0,0,0,0,0,0,0.6835202682563354,0.6836409836065572,671
1700783280000,1,0,614.0,0,614.0,1,0.6840679028132983,0.6841818414322225,782
1700783340000,0,0,0,0,0,0,0.6847790697674402,0.6848937310414549,989
1700783400000,1,0,3240.0,0,3240.0,1,0.6860385964912263,0.6861619047619032,1197
1700783460000,0,0,0,0,0,0,0.6865827137546517,0.6867109665427531,1076
1700783520000,0,0,0,0,0,0,0.6868335284280926,0.6869567725752486,1196
1700783580000,0,0,0,0,0,0,0.6866429833169808,0.6867627085377785,1019
1700783640000,0,0,0,0,0,0,0.6856703062583218,0.6857986684420769,751
1700783700000,0,0,0,0,0,0,0.6857857142857112,0.685893781512603,595
1700783760000,0,0,0,0,0,0,0.6878798707753454,0.6880156560636215,2012
1700783820000,0,0,0,0,0,0,0.6882619823489446,0.6883934826883964,1473
1700783880000,0,0,0,0,0,0,0.6880042189281695,0.688121550741164,877
1700783940000,0,0,0,0,0,0,0.6873385861561092,0.6874701767304808,1358
1700784000000,0,0,0,0,0,0,0.6867661082474196,0.6868898195876235,776
1700784060000,0,0,0,0,0,0,0.6862902352102626,0.686434925160368,1403
1700784120000,1,0,59.0,0,59.0,1,0.6913316227834564,0.6914588124664229,3722
1700784180000,4,0,12496.0,0,12496.0,4,0.6960591955032517,0.6962013174073433,5693
1700784240000,1,0,587.0,0,587.0,1,0.6971724225297213,0.6973193919314098,5131
1700784300000,0,0,0,0,0,0,0.6923249862712829,0.692482079443538,5463
1700784360000,0,0,0,0,0,0,0.6888143123171224,0.6889788773610082,3759
1700784420000,0,0,0,0,0,0,0.6915348251748236,0.6916732867132901,2860
1700784480000,1,0,245.0,0,245.0,1,0.6944341832324912,0.6945674589455391,2314
1700784540000,0,0,0,0,0,0,0.6942041666666648,0.6943373641304355,2208
1700784600000,0,0,0,0,0,0,0.6939223581213311,0.6940592465753496,2044
1700784660000,0,0,0,0,0,0,0.6941450704225354,0.6942788732394378,1633
1700784720000,0,0,0,0,0,0,0.6931164647577138,0.6932539096916281,1816
1700784780000,0,0,0,0,0,0,0.6905872393247263,0.6907465243296967,2014
1700784840000,0,7,0,6908.0,6908.0,7,0.6851965332653503,0.6853494774407362,3923
1700784900000,0,1,0,2996.0,2996.0,1,0.679226030769219,0.6794123076923039,4875
1700784960000,0,1,0,22.0,22.0,1,0.6775093120805413,0.6776751677852396,2384
1700785020000,0,0,0,0,0,0,0.6778609386281524,0.6780115523465701,1385
1700785080000,0,0,0,0,0,0,0.6787515503875953,0.6789219822812826,1806
1700785140000,0,0,0,0,0,0,0.6818209818426387,0.6819662407531972,1487
1700785200000,0,0,0,0,0,0,0.6828264941466434,0.6829718422674086,1623
1700785260000,0,0,0,0,0,0,0.6827575192802097,0.6829043059126,1556
1700785320000,0,0,0,0,0,0,0.6828321490467959,0.682982928942807,1154
1700785380000,0,0,0,0,0,0,0.6804862244897948,0.6806484693877538,1960
1700785440000,0,0,0,0,0,0,0.6780893923789961,0.6782400617919738,1942
1700785500000,0,0,0,0,0,0,0.6798292214357862,0.6799684529828021,1978
1700785560000,0,0,0,0,0,0,0.6810323209169049,0.6811710028653344,1745
1700785620000,0,0,0,0,0,0,0.685479915074303,0.6856445435244245,2355
1700785680000,0,0,0,0,0,0,0.6873211241507059,0.6875052501544202,1619
1700785740000,0,0,0,0,0,0,0.6890170663692131,0.6891825432236468,1793
1700785800000,0,0,0,0,0,0,0.6871680000000022,0.6873366875000011,1600
1700785860000,0,0,0,0,0,0,0.685779869706833,0.6859764169381111,1535
1700785920000,0,0,0,0,0,0,0.68581717791411,0.685982822085889,652
1700785980000,0,0,0,0,0,0,0.6851001526717563,0.6852543511450389,655
1700786040000,0,0,0,0,0,0,0.684950354609934,0.6851096453900715,705
1700786100000,0,0,0,0,0,0,0.6834219359331498,0.6835994428969397,1436
1700786160000,0,0,0,0,0,0,0.6827376651982373,0.6828824522760601,1362
1700786220000,0,0,0,0,0,0,0.6828674712643668,0.6830110344827621,870
1700786280000,0,0,0,0,0,0,0.6811969961240295,0.681346317829456,1032
1700786340000,0,1,0,1459.0,1459.0,1,0.6798005751848817,0.6799695152013133,1217
1700786400000,0,0,0,0,0,0,0.6802482568807372,0.6803768807339463,545
1700786460000,0,0,0,0,0,0,0.6787230496453898,0.6788478723404261,846
1700786520000,0,0,0,0,0,0,0.6770210588235274,0.6771537647058835,850
1700786580000,0,0,0,0,0,0,0.67672046169989,0.6768732423924468,953
1700786640000,0,0,0,0,0,0,0.6773443458980053,0.6774824833702902,902
1700786700000,0,0,0,0,0,0,0.6783566891241586,0.6785091434071273,1039
1700786760000,0,0,0,0,0,0,0.678948824593127,0.6790791139240452,1106
1700786820000,0,0,0,0,0,0,0.6790294919454816,0.6791610904584885,807
1700786880000,0,0,0,0,0,0,0.6786013677811573,0.6787226443768983,658
1700786940000,0,0,0,0,0,0,0.6782228187919452,0.6783628187919487,745
1700787000000,0,0,0,0,0,0,0.678071870794076,0.6782088829071317,743
1700787060000,0,0,0,0,0,0,0.6777064406779642,0.6778350847457584,590
1700787120000,0,0,0,0,0,0,0.6780212257100114,0.6781532137518692,669
1700787180000,0,0,0,0,0,0,0.6782942622950823,0.6784354098360634,610
1700787240000,0,0,0,0,0,0,0.6774515981735147,0.6775847792998487,657
1700787300000,0,0,0,0,0,0,0.6774119888475848,0.6775473048327099,1076
1700787360000,0,1,0,1193.0,1193.0,1,0.6765653624856154,0.6766966628308374,869
1700787420000,0,0,0,0,0,0,0.6771503636363619,0.6772818181818177,550
1700787480000,0,0,0,0,0,0,0.6782111946532972,0.6783423558897229,1197
1700787540000,0,0,0,0,0,0,0.6776129102844658,0.6777567833698016,914
1700787600000,0,0,0,0,0,0,0.675786468200272,0.675926928281463,739
1700787660000,0,0,0,0,0,0,0.6754125215889447,0.6755467184801388,1158
1700787720000,0,0,0,0,0,0,0.6757023437500026,0.675844357638894,1152
1700787780000,0,0,0,0,0,0,0.6746479665071752,0.6747832535885158,836
1700787840000,0,0,0,0,0,0,0.6751597922848656,0.6752793768546003,674
1700787900000,0,0,0,0,0,0,0.6758369683751395,0.6759720828789519,917
1700787960000,0,0,0,0,0,0,0.6774106463878288,0.6775395437262346,1052
1700788020000,0,0,0,0,0,0,0.6786327827191854,0.6787693773824706,787
1700788080000,0,0,0,0,0,0,0.6786942789034582,0.6788311084624554,839
1700788140000,0,0,0,0,0,0,0.6792640663900399,0.679408464730289,1205
1700788200000,0,0,0,0,0,0,0.6800993796526018,0.6802495037220848,806
1700788260000,0,0,0,0,0,0,0.6798180494905384,0.6799625909752531,687
1700788320000,0,0,0,0,0,0,0.6788186651583716,0.6789691176470553,884
1700788380000,0,0,0,0,0,0,0.6792307543520307,0.6793491295938107,517
1700788440000,0,0,0,0,0,0,0.6801263349514536,0.6802658980582572,824
1700788500000,0,0,0,0,0,0,0.6811517450682871,0.6812855842185115,659
1700788560000,0,0,0,0,0,0,0.6822329241071364,0.6823630580357094,896
1700788620000,0,0,0,0,0,0,0.6831246781115913,0.6832712446351906,932
1700788680000,0,0,0,0,0,0,0.6830956989247268,0.6832155425220001,1023
1700788740000,0,0,0,0,0,0,0.6838076696165056,0.6839293018682434,1017
1700788800000,0,0,0,0,0,0,0.6841747311827955,0.6842926523297462,558
1700788860000,0,0,0,0,0,0,0.6840574963609874,0.6841783114992721,1374
1700788920000,0,0,0,0,0,0,0.6833886998784919,0.6835315917375442,823
1700788980000,0,0,0,0,0,0,0.6838559356136773,0.6839959758551305,994
1700789040000,0,0,0,0,0,0,0.684732884310615,0.684842393026942,1262
1700789100000,0,0,0,0,0,0,0.6853593721144949,0.6854801477377579,1083
1700789160000,0,0,0,0,0,0,0.6859754621848764,0.6860946218487418,595
