1700725020000,0,0,0,0,0,0,0.01297,0.01298,1
1700725080000,0,0,0,0,0,0,0.012970000000000006,0.012979999999999993,90
1700725140000,0,0,0,0,0,0,0.01296412541254127,0.012974224422442308,303
1700725200000,0,0,0,0,0,0,0.012955791090629618,0.012965806451612969,651
1700725260000,0,0,0,0,0,0,0.012959999999999871,0.012970000000000094,549
1700725320000,0,0,0,0,0,0,0.012959999999999845,0.012970000000000096,609
1700725380000,0,0,0,0,0,0,0.012958058252427235,0.012968203883495155,206
1700725440000,0,0,0,0,0,0,0.012959494584837434,0.012969494584837617,554
1700725500000,0,0,0,0,0,0,0.012950827814569514,0.012960844370860815,604
1700725560000,0,0,0,0,0,0,0.012965571776155668,0.01297562043795632,411
1700725620000,0,0,0,0,0,0,0.01297196905766541,0.012982011251758104,711
1700725680000,0,0,0,0,0,0,0.012979999999999946,0.01299000000000009,575
1700725740000,0,0,0,0,0,0,0.012976677631579031,0.012986677631579,304
1700725800000,0,0,0,0,0,0,0.012956258992805754,0.012966330935251838,139
1700725860000,0,0,0,0,0,0,0.01296221739130422,0.012972246376811703,690
1700725920000,0,0,0,0,0,0,0.012972816901408495,0.012982816901408447,213
1700725980000,0,0,0,0,0,0,0.012970000000000096,0.012979999999999946,571
1700726040000,0,0,0,0,0,0,0.012963541666666726,0.012973802083333338,192
1700726100000,0,0,0,0,0,0,0.01296999999999999,0.012980000000000035,705
1700726160000,0,0,0,0,0,0,0.012969585253456267,0.012979615975422385,651
1700726220000,0,0,0,0,0,0,0.012976438953488365,0.012986438953488541,688
1700726280000,0,0,0,0,0,0,0.012979999999999948,0.0129900000000001,618
1700726340000,0,0,0,0,0,0,0.012979999999999953,0.012990000000000085,559
1700726400000,0,0,0,0,0,0,0.012986844319775754,0.012996844319775509,713
1700726460000,0,0,0,0,0,0,0.01299072992700739,0.013000846715328352,685
1700726520000,0,0,0,0,0,0,0.013006879432624205,0.01301687943262402,705
1700726580000,0,0,0,0,0,0,0.013006044444444392,0.01301604444444444,225
1700726640000,0,0,0,0,0,0,0.01300000000000001,0.013009999999999996,57
1700726700000,0,0,0,0,0,0,0.013000000000000006,0.013009999999999989,80
1700726760000,0,0,0,0,0,0,0.013005039062499968,0.013015039062500006,256
1700726820000,0,0,0,0,0,0,0.01301496503496502,0.013025244755244773,143
1700726880000,0,0,0,0,0,0,0.013010000000000004,0.013019999999999993,44
1700726940000,0,0,0,0,0,0,0.013009999999999997,0.01302,20
1700727000000,0,0,0,0,0,0,0.013000721649484522,0.013010824742268024,97
1700727060000,0,0,0,0,0,0,0.012995416666666657,0.013005499999999972,120
1700727120000,0,0,0,0,0,0,0.013010573248407644,0.013020764331210239,157
1700727180000,0,0,0,0,0,0,0.013027457627118677,0.013037627118644052,118
1700727240000,0,0,0,0,0,0,0.013061219336218977,0.013071233766233904,1386
1700727300000,0,0,0,0,0,0,0.01306098360655733,0.013071081967213153,610
1700727360000,0,0,0,0,0,0,0.013042195121951212,0.01305219512195121,164
1700727420000,0,0,0,0,0,0,0.013046875000000015,0.013057083333333344,96
1700727480000,0,0,0,0,0,0,0.013033287671232918,0.013043424657534232,146
1700727540000,0,0,0,0,0,0,0.01303712962962963,0.013047129629629632,108
1700727600000,0,0,0,0,0,0,0.013040000000000003,0.013050000000000004,44
1700727660000,0,0,0,0,0,0,0.013044352941176476,0.013054352941176467,85
1700727720000,0,0,0,0,0,0,0.013042111111111122,0.013052111111111112,90
1700727780000,0,0,0,0,0,0,0.01303057142857146,0.013040571428571414,140
1700727840000,0,0,0,0,0,0,0.01303539473684212,0.013045592105263152,152
1700727900000,0,0,0,0,0,0,0.013034678899082606,0.013044954128440357,109
1700727960000,0,0,0,0,0,0,0.013034197530864208,0.013044197530864202,81
1700728020000,0,0,0,0,0,0,0.013051494252873566,0.013063678160919537,87
1700728080000,0,0,0,0,0,0,0.013050000000000004,0.013059999999999995,16
1700728140000,0,0,0,0,0,0,0.013061368421052605,0.013071473684210532,95
1700728200000,0,0,0,0,0,0,0.013057272727272726,0.013067922077922074,77
1700728260000,0,0,0,0,0,0,0.013046470588235305,0.013056470588235291,85
1700728320000,0,0,0,0,0,0,0.013043542857142822,0.013053599999999999,175
1700728380000,0,0,0,0,0,0,0.013044000000000028,0.013054000000000003,75
1700728440000,0,0,0,0,0,0,0.01305158620689658,0.013061586206896524,145
1700728500000,0,0,0,0,0,0,0.013059999999999995,0.01307,17
1700728560000,0,0,0,0,0,0,0.013059999999999995,0.013070000000000003,22
1700728620000,0,0,0,0,0,0,0.013059595375722531,0.01306965317919072,173
1700728680000,0,0,0,0,0,0,0.01305999999999996,0.013070039840637399,251
1700728740000,0,0,0,0,0,0,0.013063318181818176,0.013073363636363602,220
1700728800000,0,0,0,0,0,0,0.01307,0.01308,14
1700728860000,0,0,0,0,0,0,0.01306430555555554,0.013074305555555542,144
1700728920000,0,0,0,0,0,0,0.01307,0.013080000000000001,17
1700728980000,0,0,0,0,0,0,0.01306074074074075,0.013070833333333321,108
1700729040000,0,0,0,0,0,0,0.01307327683615817,0.013083333333333341,177
1700729100000,0,0,0,0,0,0,0.013105232273838639,0.013115501222493811,409
1700729160000,0,0,0,0,0,0,0.013101078838174313,0.013111244813278054,241
1700729220000,0,0,0,0,0,0,0.013085999999999999,0.013096105263157912,95
1700729280000,0,0,0,0,0,0,0.013089213483146091,0.013099213483146084,89
1700729340000,0,0,0,0,0,0,0.01309540322580648,0.013105483870967742,124
1700729400000,0,0,0,0,0,0,0.01308339449541283,0.013093394495412873,109
1700729460000,0,0,0,0,0,0,0.013093313609467503,0.013103609467455651,169
1700729520000,0,0,0,0,0,0,0.013110901287553576,0.013121158798283227,233
1700729580000,0,0,0,0,0,0,0.013111785714285737,0.013121785714285699,140
1700729640000,0,0,0,0,0,0,0.013111882352941178,0.013122117647058834,85
1700729700000,0,0,0,0,0,0,0.013116428571428576,0.013126571428571475,140
1700729760000,0,0,0,0,0,0,0.013128813559322041,0.013139039548022594,177
1700729820000,0,0,0,0,0,0,0.013143803680981602,0.013154110429447871,163
1700729880000,0,0,0,0,0,0,0.01314431818181818,0.01315431818181818,44
1700729940000,0,0,0,0,0,0,0.013140000000000013,0.013149999999999997,60
1700730000000,0,0,0,0,0,0,0.013145869565217386,0.013156304347826076,92
1700730060000,0,0,0,0,0,0,0.013144160583941591,0.0131543065693431,274
1700730120000,0,0,0,0,0,0,0.013138818681318592,0.013148873626373667,364
1700730180000,0,0,0,0,0,0,0.013112638888888924,0.013122638888888915,216
1700730240000,0,0,0,0,0,0,0.013099695817490537,0.013109847908745299,263
1700730300000,0,0,0,0,0,0,0.013092976744186096,0.013103069767441909,215
1700730360000,0,0,0,0,0,0,0.013094120879120933,0.013104175824175836,182
1700730420000,0,0,0,0,0,0,0.013099086956521813,0.013109347826086965,230
1700730480000,0,0,0,0,0,0,0.013094476190476236,0.013104476190476179,105
1700730540000,0,0,0,0,0,0,0.013108455284552817,0.01311853658536587,123
1700730600000,0,0,0,0,0,0,0.013102521739130474,0.013112608695652147,115
1700730660000,0,0,0,0,0,0,0.013093076923076973,0.01310307692307701,234
1700730720000,0,0,0,0,0,0,0.013092385321100932,0.013102568807339472,109
1700730780000,0,0,0,0,0,0,0.013079464285714295,0.013089642857142893,168
1700730840000,0,0,0,0,0,0,0.01308605504587158,0.013096055045871597,109
1700730900000,0,0,0,0,0,0,0.01309397435897437,0.01310423076923076,78
1700730960000,0,0,0,0,0,0,0.013084838709677417,0.013094838709677448,155
1700731020000,0,0,0,0,0,0,0.013076028368794282,0.013086170212765959,141
1700731080000,0,0,0,0,0,0,0.013072222222222192,0.013082460317460316,126
1700731140000,0,0,0,0,0,0,0.013072966101694918,0.013082966101694921,118
1700731200000,0,0,0,0,0,0,0.013079178082191755,0.013089212328767154,292
1700731260000,0,0,0,0,0,0,0.013079999999999986,0.013090000000000037,195
1700731320000,0,0,0,0,0,0,0.013079999999999986,0.013090000000000036,170
1700731380000,0,0,0,0,0,0,0.013073774834437042,0.013083774834437076,151
1700731440000,0,0,0,0,0,0,0.013076594827586168,0.01308676724137933,232
1700731500000,0,0,0,0,0,0,0.013074947916666633,0.01308531250000001,192
1700731560000,0,0,0,0,0,0,0.013062911392405093,0.013072974683544264,158
1700731620000,0,0,0,0,0,0,0.01305999999999998,0.013069999999999955,214
1700731680000,0,0,0,0,0,0,0.013063953488372087,0.013073953488372096,86
1700731740000,0,0,0,0,0,0,0.01306288461538461,0.013073076923076939,52
1700731800000,0,0,0,0,0,0,0.01306313253012049,0.013073253012048189,83
1700731860000,0,0,0,0,0,0,0.013066354166666662,0.01307635416666666,96
1700731920000,0,0,0,0,0,0,0.013070848214285672,0.01308093749999999,224
1700731980000,0,0,0,0,0,0,0.013056348547717773,0.013066556016597454,241
1700732040000,0,0,0,0,0,0,0.013050000000000004,0.013060000000000028,151
1700732100000,0,0,0,0,0,0,0.013054864864864882,0.013064954954954928,111
1700732160000,0,0,0,0,0,0,0.013059999999999987,0.013070000000000019,65
1700732220000,0,0,0,0,0,0,0.013068432835820876,0.013078582089552244,134
1700732280000,0,0,0,0,0,0,0.013077426900584764,0.013087660818713473,171
1700732340000,0,0,0,0,0,0,0.013082702702702701,0.013092792792792813,111
1700732400000,0,0,0,0,0,0,0.013081594827586198,0.013091637931034518,232
1700732460000,0,0,0,0,0,0,0.013084370370370376,0.013094444444444497,135
1700732520000,0,0,0,0,0,0,0.013089999999999997,0.0131,41
1700732580000,0,0,0,0,0,0,0.013089999999999997,0.0131,16
1700732640000,0,0,0,0,0,0,0.013094159292035444,0.013104247787610624,113
1700732700000,0,0,0,0,0,0,0.013103245033112604,0.013113377483443694,151
1700732760000,0,0,0,0,0,0,0.01310582417582415,0.013115934065934079,91
1700732820000,0,0,0,0,0,0,0.013104210526315793,0.013114342105263138,76
1700732880000,0,0,0,0,0,0,0.013088846153846178,0.013099500000000062,260
1700732940000,0,0,0,0,0,0,0.01309765363128498,0.013107709497206705,179
1700733000000,0,0,0,0,0,0,0.013103963963963981,0.013114054054054051,111
1700733060000,0,0,0,0,0,0,0.013103035714285702,0.013113303571428566,112
1700733120000,0,0,0,0,0,0,0.013103888888888892,0.013114012345679018,162
1700733180000,0,0,0,0,0,0,0.013108799999999993,0.01311880000000001,50
1700733240000,0,0,0,0,0,0,0.013113939393939374,0.013124121212121224,165
1700733300000,0,0,0,0,0,0,0.013120000000000012,0.013129999999999984,52
1700733360000,1,0,40204.0,0,40204.0,1,0.01312466019417473,0.013134854368932015,206
1700733420000,0,0,0,0,0,0,0.013129999999999985,0.013140000000000004,46
1700733480000,0,0,0,0,0,0,0.013134534883720917,0.01314488372093024,86
1700733540000,0,0,0,0,0,0,0.013140000000000006,0.013149999999999997,16
1700733600000,0,0,0,0,0,0,0.013145287356321828,0.013155459770114956,174
1700733660000,0,0,0,0,0,0,0.01314665625,0.013156656250000027,320
1700733720000,0,0,0,0,0,0,0.013135921052631623,0.0131461184210526,152
1700733780000,0,0,0,0,0,0,0.013126529562981992,0.013136529562981988,389
1700733840000,0,0,0,0,0,0,0.013122389380530923,0.013132477876106184,226
1700733900000,0,0,0,0,0,0,0.013120000000000014,0.01313,93
1700733960000,0,0,0,0,0,0,0.013110522088353456,0.013120562248995962,249
1700734020000,0,0,0,0,0,0,0.01310477911646594,0.013114899598393504,249
1700734080000,0,0,0,0,0,0,0.01311282208588954,0.013122944785276099,163
1700734140000,0,0,0,0,0,0,0.013121511627906961,0.01313156976744188,172
1700734200000,0,0,0,0,0,0,0.013116580645161293,0.013126709677419387,155
1700734260000,0,0,0,0,0,0,0.013106018518518543,0.01311601851851851,108
1700734320000,0,0,0,0,0,0,0.013091862745098068,0.013102254901960824,204
1700734380000,0,0,0,0,0,0,0.013089883720930251,0.013100000000000013,86
1700734440000,0,0,0,0,0,0,0.01309,0.0131,43
1700734500000,0,0,0,0,0,0,0.01308384615384614,0.013093974358974383,78
1700734560000,0,0,0,0,0,0,0.013073595505617949,0.01308376404494382,178
1700734620000,0,0,0,0,0,0,0.01306015748031498,0.013070236220472417,127
1700734680000,0,0,0,0,0,0,0.01306075342465756,0.013070958904109559,146
1700734740000,0,0,0,0,0,0,0.013063088235294104,0.013073235294117634,136
1700734800000,0,0,0,0,0,0,0.013059999999999993,0.013070000000000017,51
1700734860000,0,0,0,0,0,0,0.013050176678445206,0.013060459363957522,283
1700734920000,0,0,0,0,0,0,0.013053385826771683,0.013063622047244056,127
1700734980000,0,0,0,0,0,0,0.013066025641025655,0.013076153846153836,78
1700735040000,0,0,0,0,0,0,0.01306481481481481,0.013075000000000012,54
1700735100000,0,0,0,0,0,0,0.013055000000000004,0.01306514285714285,70
1700735160000,0,0,0,0,0,0,0.013049282051282009,0.0130593846153846,195
1700735220000,0,0,0,0,0,0,0.01305344827586206,0.013063448275862083,87
1700735280000,0,0,0,0,0,0,0.013054385964912273,0.013064736842105277,57
1700735340000,0,0,0,0,0,0,0.013051506849315072,0.013061506849315055,73
1700735400000,0,0,0,0,0,0,0.013050000000000004,0.013059999999999995,47
1700735460000,0,0,0,0,0,0,0.013050000000000003,0.013059999999999985,80
1700735520000,0,0,0,0,0,0,0.013065867768595016,0.013075950413223137,121
1700735580000,0,0,0,0,0,0,0.01306197368421051,0.013072105263157914,76
1700735640000,0,0,0,0,0,0,0.013054712643678164,0.013064712643678162,87
1700735700000,0,0,0,0,0,0,0.013059213483146079,0.013070449438202233,89
1700735760000,0,0,0,0,0,0,0.013042513368983967,0.01305267379679147,187
1700735820000,0,0,0,0,0,0,0.013029072847682179,0.013039139072847749,302
1700735880000,0,0,0,0,0,0,0.01302999999999999,0.013040000000000012,53
1700735940000,0,0,0,0,0,0,0.013039708737864081,0.013049708737864084,103
1700736000000,0,0,0,0,0,0,0.013033061224489778,0.013043367346938797,98
1700736060000,0,0,0,0,0,0,0.013040000000000015,0.013050000000000004,58
1700736120000,0,0,0,0,0,0,0.013032162162162152,0.013042162162162186,74
1700736180000,0,0,0,0,0,0,0.013034620689655173,0.013044758620689656,145
1700736240000,0,0,0,0,0,0,0.013016455026455024,0.013026560846560875,189
1700736300000,0,0,0,0,0,0,0.013019999999999995,0.013029999999999991,45
1700736360000,0,0,0,0,0,0,0.013014833948339483,0.013025018450184545,271
1700736420000,0,0,0,0,0,0,0.01301450450450451,0.013024504504504538,111
1700736480000,0,0,0,0,0,0,0.013022970297029712,0.013033069306930722,101
1700736540000,0,0,0,0,0,0,0.013015529411764688,0.01302576470588236,85
1700736600000,0,0,0,0,0,0,0.013013924050632914,0.013024113924050666,158
1700736660000,0,0,0,0,0,0,0.013011710526315778,0.013022105263157904,76
1700736720000,0,0,0,0,0,0,0.013003854166666655,0.01301395833333331,96
1700736780000,0,0,0,0,0,0,0.012988467432950141,0.01299858237547891,261
1700736840000,0,0,0,0,0,0,0.012994349775784729,0.013004484304932682,223
1700736900000,0,0,0,0,0,0,0.013011121495327101,0.013021401869158912,107
1700736960000,0,0,0,0,0,0,0.013016907630522075,0.013027068273092406,249
1700737020000,0,0,0,0,0,0,0.012979615384615461,0.012989650349650387,286
1700737080000,0,0,0,0,0,0,0.012957491289198628,0.012968362369338036,287
1700737140000,0,0,0,0,0,0,0.012976930693069417,0.012986963696369569,303
1700737200000,0,0,0,0,0,0,0.012971791044776165,0.012981791044776207,268
1700737260000,0,0,0,0,0,0,0.012965714285714308,0.012975714285714295,434
1700737320000,0,0,0,0,0,0,0.012960000000000043,0.012970000000000015,212
1700737380000,0,0,0,0,0,0,0.01296000000000005,0.012970000000000035,253
1700737440000,0,0,0,0,0,0,0.012955000000000022,0.012965000000000018,312
1700737500000,0,0,0,0,0,0,0.012945842696629201,0.012955870786516836,356
1700737560000,0,0,0,0,0,0,0.012954776119403008,0.01296482587064675,402
1700737620000,0,0,0,0,0,0,0.01294002958579879,0.0129500591715976,338
1700737680000,0,0,0,0,0,0,0.012944111498257815,0.012954216027874594,287
1700737740000,0,0,0,0,0,0,0.012939999999999983,0.01295000000000001,69
1700737800000,0,0,0,0,0,0,0.012932500000000001,0.01294272727272727,44
1700737860000,0,0,0,0,0,0,0.012932608695652218,0.012942826086956492,138
1700737920000,0,0,0,0,0,0,0.012925000000000025,0.01293510638297871,94
1700737980000,0,0,0,0,0,0,0.012922278481012673,0.012932341772151943,158
1700738040000,0,0,0,0,0,0,0.012905923261390903,0.012915971223021584,417
1700738100000,0,0,0,0,0,0,0.012864318658280869,0.012875020964360436,954
1700738160000,0,0,0,0,0,0,0.012873128834355837,0.012883159509202484,326
1700738220000,0,0,0,0,0,0,0.012867975206611499,0.012877975206611532,242
1700738280000,0,0,0,0,0,0,0.01287709914320668,0.01288716034271711,817
1700738340000,0,0,0,0,0,0,0.012892104247104269,0.012902123552123444,1036
1700738400000,0,0,0,0,0,0,0.012901572254335235,0.012911595375722326,865
1700738460000,0,0,0,0,0,0,0.012910804878048887,0.01292092682926824,410
1700738520000,0,0,0,0,0,0,0.012919768339768397,0.01292988416988412,518
1700738580000,0,0,0,0,0,0,0.012880293159609197,0.012890586319218293,614
1700738640000,0,0,0,0,0,0,0.012889460580912851,0.012899515905947453,723
1700738700000,0,0,0,0,0,0,0.012865116279069737,0.012875265780731013,602
1700738760000,0,0,0,0,0,0,0.012879912739965067,0.012889965095986009,573
1700738820000,0,0,0,0,0,0,0.012907401392111434,0.012917494199535891,431
1700738880000,0,0,0,0,0,0,0.012909556650246278,0.012919688013136369,609
1700738940000,0,0,0,0,0,0,0.012925201238390048,0.012935294117647069,323
1700739000000,0,0,0,0,0,0,0.012925579567779994,0.012935658153241662,509
1700739060000,0,0,0,0,0,0,0.012934236111111129,0.01294444444444446,288
1700739120000,0,0,0,0,0,0,0.01295000000000001,0.012959999999999998,95
1700739180000,0,0,0,0,0,0,0.012953966942148794,0.012964049586776822,121
1700739240000,0,0,0,0,0,0,0.01296924812030074,0.012979548872180459,133
1700739300000,0,0,0,0,0,0,0.012985930521091815,0.012996054590570655,403
1700739360000,0,0,0,0,0,0,0.012986791569086664,0.012996838407494115,427
1700739420000,0,0,0,0,0,0,0.012987288135593208,0.01299728813559323,118
1700739480000,0,0,0,0,0,0,0.012980789473684199,0.012990877192982463,114
1700739540000,0,0,0,0,0,0,0.012979999999999993,0.012989999999999974,74
1700739600000,0,0,0,0,0,0,0.012966875000000027,0.012976964285714265,112
1700739660000,0,0,0,0,0,0,0.012966601941747563,0.012976601941747564,103
1700739720000,0,0,0,0,0,0,0.012965000000000039,0.012975072463768082,138
1700739780000,0,0,0,0,0,0,0.012965040650406502,0.012975040650406494,123
1700739840000,0,0,0,0,0,0,0.012965098039215672,0.012975294117647062,51
1700739900000,0,0,0,0,0,0,0.012965396825396833,0.01297539682539682,63
1700739960000,0,0,0,0,0,0,0.012970250000000008,0.012980333333333299,120
1700740020000,0,0,0,0,0,0,0.012967592592592598,0.012977592592592587,54
1700740080000,0,0,0,0,0,0,0.012948552631578925,0.01295872807017546,228
1700740140000,0,0,0,0,0,0,0.012935172413793073,0.012945379310344817,290
1700740200000,0,0,0,0,0,0,0.012933030303030328,0.012943030303030274,99
1700740260000,0,0,0,0,0,0,0.012939230769230748,0.012949366515837123,221
1700740320000,0,0,0,0,0,0,0.012936949152542362,0.01294723163841806,177
1700740380000,0,0,0,0,0,0,0.012919130434782622,0.012929652173913083,115
1700740440000,0,0,0,0,0,0,0.01292427083333336,0.012934479166666681,192
1700740500000,0,0,0,0,0,0,0.012918085106382994,0.012928351063829792,188
1700740560000,0,0,0,0,0,0,0.012925058139534916,0.0129352906976744,172
1700740620000,0,0,0,0,0,0,0.012935223880596994,0.012945223880597026,67
1700740680000,0,0,0,0,0,0,0.012947222222222233,0.012957222222222205,54
1700740740000,0,0,0,0,0,0,0.012944319999999994,0.012954560000000013,125
1700740800000,0,0,0,0,0,0,0.01295426666666666,0.012964266666666658,75
1700740860000,0,0,0,0,0,0,0.012941949999999964,0.01295195000000001,200
1700740920000,0,0,0,0,0,0,0.012931585365853664,0.012941707317073186,246
1700740980000,0,0,0,0,0,0,0.012923933333333299,0.012933999999999939,300
1700741040000,0,0,0,0,0,0,0.012922222222222252,0.012932982456140356,171
1700741100000,0,0,0,0,0,0,0.0129194642857143,0.012929464285714306,112
1700741160000,0,0,0,0,0,0,0.01292014134275612,0.012930212014134263,283
1700741220000,0,0,0,0,0,0,0.012933931623931604,0.01294393162393162,117
1700741280000,0,0,0,0,0,0,0.012951897810219007,0.012961897810218963,137
1700741340000,0,0,0,0,0,0,0.012963388888888937,0.012973499999999989,180
1700741400000,0,0,0,0,0,0,0.01295454545454548,0.012964659090909093,176
1700741460000,0,0,0,0,0,0,0.01294895287958112,0.012959109947643996,382
1700741520000,0,0,0,0,0,0,0.012962258064516133,0.01297236559139788,186
1700741580000,0,0,0,0,0,0,0.012963286713286747,0.012973426573426542,143
1700741640000,0,0,0,0,0,0,0.01297543859649128,0.012985570175438547,228
1700741700000,0,0,0,0,0,0,0.012979999999999993,0.01299,114
1700741760000,0,0,0,0,0,0,0.012973599999999997,0.012983699999999996,100
1700741820000,0,0,0,0,0,0,0.012961093749999984,0.012971562500000007,64
1700741880000,0,0,0,0,0,0,0.012967664670658694,0.012977904191616749,167
1700741940000,0,0,0,0,0,0,0.012973276836158204,0.012983333333333376,177
1700742000000,0,0,0,0,0,0,0.012976505576208268,0.012986579925650499,269
1700742060000,0,0,0,0,0,0,0.012984090909090914,0.012994181818181776,110
1700742120000,0,0,0,0,0,0,0.013004742268041214,0.013014845360824749,194
1700742180000,0,0,0,0,0,0,0.013005649717514084,0.013015819209039532,177
1700742240000,0,0,0,0,0,0,0.012981784232365193,0.012992116182572644,241
1700742300000,0,0,0,0,0,0,0.012977428571428582,0.012987657142857132,175
1700742360000,0,0,0,0,0,0,0.012981091370558395,0.012991269035533038,394
1700742420000,0,0,0,0,0,0,0.012980000000000004,0.012990000000000007,163
1700742480000,0,0,0,0,0,0,0.012990837438423608,0.013000985221674836,203
1700742540000,0,0,0,0,0,0,0.012980658914728663,0.012990891472868171,258
1700742600000,0,0,0,0,0,0,0.012988159722222224,0.012998194444444363,288
1700742660000,0,0,0,0,0,0,0.012958430493273563,0.01296856502242154,223
1700742720000,0,0,0,0,0,0,0.01294610389610386,0.012956233766233786,231
1700742780000,0,0,0,0,0,0,0.01292601744186045,0.01293633720930226,344
1700742840000,0,0,0,0,0,0,0.012920000000000017,0.012929999999999999,76
1700742900000,0,0,0,0,0,0,0.012916502463054156,0.012926600985221685,203
1700742960000,0,0,0,0,0,0,0.012905897435897509,0.012915999999999966,390
1700743020000,0,0,0,0,0,0,0.01288271641791044,0.012892895522388065,335
1700743080000,0,0,0,0,0,0,0.012891241830065365,0.01290130718954246,153
1700743140000,0,0,0,0,0,0,0.012893900000000022,0.012903950000000027,200
1700743200000,0,0,0,0,0,0,0.012900807692307718,0.012910884615384692,260
1700743260000,0,0,0,0,0,0,0.012895913312693512,0.012905975232198217,323
1700743320000,0,0,0,0,0,0,0.012880542635658899,0.0128906201550388,258
1700743380000,0,0,0,0,0,0,0.012881789883268496,0.01289186770428017,257
1700743440000,0,0,0,0,0,0,0.012877058823529394,0.012887165775401086,187
1700743500000,0,0,0,0,0,0,0.01288,0.012889999999999983,77
1700743560000,0,0,0,0,0,0,0.012876607142857203,0.012886709183673493,392
1700743620000,0,0,0,0,0,0,0.012864810126582249,0.012874852320675074,237
1700743680000,0,0,0,0,0,0,0.012864698162729676,0.012874829396325426,381
1700743740000,0,0,0,0,0,0,0.01288,0.012890000000000013,120
1700743800000,0,0,0,0,0,0,0.012884785714285746,0.012894785714285668,140
1700743860000,0,0,0,0,0,0,0.012883047210300452,0.012893175965665138,466
1700743920000,0,0,0,0,0,0,0.012876451048951092,0.012886468531468425,572
1700743980000,0,0,0,0,0,0,0.012879999999999895,0.012889999999999926,705
1700744040000,0,0,0,0,0,0,0.012877770491802923,0.012887778688524436,1220
1700744100000,0,0,0,0,0,0,0.012861409883720847,0.01287140988372103,688
1700744160000,0,0,0,0,0,0,0.012858957952467965,0.012868976234003746,547
1700744220000,0,0,0,0,0,0,0.012858683333333253,0.012868683333333493,600
1700744280000,0,0,0,0,0,0,0.012861705729166515,0.012871718749999969,768
1700744340000,0,0,0,0,0,0,0.012864076246334214,0.012874090909091045,682
1700744400000,0,0,0,0,0,0,0.012864941690962174,0.012874941690962025,686
1700744460000,0,0,0,0,0,0,0.012862600619194987,0.01287262125902984,969
1700744520000,0,0,0,0,0,0,0.012870550847457774,0.01288064971751412,708
1700744580000,0,0,0,0,0,0,0.012899193742479038,0.012909217809867517,831
1700744640000,0,0,0,0,0,0,0.012885998509686872,0.012896005961251861,1342
1700744700000,0,0,0,0,0,0,0.012869999999999951,0.012879999999999722,907
1700744760000,0,0,0,0,0,0,0.012883546099290759,0.012893588652482198,705
1700744820000,0,0,0,0,0,0,0.01288477970627488,0.012894779706275018,749
1700744880000,0,0,0,0,0,0,0.012887577639751685,0.012897598343685309,966
1700744940000,0,0,0,0,0,0,0.012891304347826045,0.01290131677018638,805
1700745000000,0,0,0,0,0,0,0.012889999999999976,0.012900000000000092,772
1700745060000,0,0,0,0,0,0,0.012890735660847837,0.01290078553615966,802
1700745120000,0,0,0,0,0,0,0.012904362416107346,0.01291436241610739,149
1700745180000,0,0,0,0,0,0,0.012907073170731679,0.012917235772357741,123
1700745240000,0,0,0,0,0,0,0.012909999999999986,0.012920000000000006,54
1700745300000,0,0,0,0,0,0,0.012904189189189195,0.012914189189189173,74
1700745360000,0,0,0,0,0,0,0.01290846560846562,0.012918624338624406,189
1700745420000,0,0,0,0,0,0,0.012908971962616806,0.012919065420560772,107
1700745480000,0,0,0,0,0,0,0.012902158273381264,0.012912230215827318,139
1700745540000,0,0,0,0,0,0,0.01290275510204081,0.012912755102040801,98
1700745600000,0,0,0,0,0,0,0.012900000000000007,0.012909999999999993,32
1700745660000,0,0,0,0,0,0,0.012904545454545424,0.012914958677685962,121
1700745720000,0,0,0,0,0,0,0.012907705882352934,0.01291782352941177,170
1700745780000,0,0,0,0,0,0,0.012904791666666693,0.012914999999999966,192
1700745840000,0,0,0,0,0,0,0.012915047619047614,0.012925095238095246,210
1700745900000,0,0,0,0,0,0,0.012913922651933732,0.012924254143646419,181
1700745960000,0,0,0,0,0,0,0.012910000000000008,0.012920000000000008,175
1700746020000,0,0,0,0,0,0,0.012909999999999986,0.012920000000000017,78
1700746080000,0,0,0,0,0,0,0.012905901639344266,0.012915901639344246,61
1700746140000,0,0,0,0,0,0,0.012895290322580633,0.012905483870967713,155
1700746200000,0,0,0,0,0,0,0.012901472868217018,0.012911782945736432,129
1700746260000,0,0,0,0,0,0,0.012906966292134815,0.012917078651685412,89
1700746320000,0,0,0,0,0,0,0.01291000000000005,0.012919999999999968,222
1700746380000,0,0,0,0,0,0,0.012904809782608767,0.012914809782608729,368
1700746440000,0,0,0,0,0,0,0.012908103448275844,0.01291818965517244,116
1700746500000,0,0,0,0,0,0,0.01290589928057551,0.012916115107913684,139
1700746560000,0,0,0,0,0,0,0.012909033457249145,0.0129190706319702,269
1700746620000,0,0,0,0,0,0,0.012908618181818259,0.01291869090909084,275
1700746680000,0,0,0,0,0,0,0.012898437500000035,0.012908562500000076,320
1700746740000,0,0,0,0,0,0,0.012895506072874529,0.012905627530364417,247
1700746800000,0,0,0,0,0,0,0.012881533333333337,0.012891533333333356,150
1700746860000,0,0,0,0,0,0,0.012874799999999971,0.012884866666666661,150
1700746920000,0,0,0,0,0,0,0.012871835443037955,0.012881962025316458,158
1700746980000,0,0,0,0,0,0,0.012869999999999984,0.01288,142
1700747040000,0,0,0,0,0,0,0.01287,0.01288,106
1700747100000,0,0,0,0,0,0,0.012870000000000003,0.01288,101
1700747160000,0,0,0,0,0,0,0.01287901408450707,0.012889014084507102,213
1700747220000,0,0,0,0,0,0,0.012874363636363616,0.012884424242424239,165
1700747280000,0,0,0,0,0,0,0.012866232876712324,0.012876301369863013,146
1700747340000,0,0,0,0,0,0,0.01285258555133085,0.012862661596958116,263
1700747400000,0,0,0,0,0,0,0.012832908163265306,0.012843112244898001,392
1700747460000,0,0,0,0,0,0,0.01283625786163528,0.012846352201257792,318
1700747520000,0,0,0,0,0,0,0.012822092391304305,0.012832228260869605,368
1700747580000,0,0,0,0,0,0,0.012822337349397517,0.012832481927710911,415
1700747640000,0,0,0,0,0,0,0.012822126984127049,0.012832253968254013,315
1700747700000,0,0,0,0,0,0,0.012834738292011035,0.012844820936639153,363
1700747760000,0,0,0,0,0,0,0.012836094527363187,0.012846243781094582,402
1700747820000,0,0,0,0,0,0,0.012830751879699209,0.012840751879699222,133
1700747880000,0,0,0,0,0,0,0.012829999999999968,0.012839999999999976,118
1700747940000,0,0,0,0,0,0,0.01283386666666664,0.012843933333333335,150
1700748000000,0,0,0,0,0,0,0.012829999999999992,0.01283999999999998,89
1700748060000,0,0,0,0,0,0,0.012828792569659502,0.01283885448916411,323
1700748120000,0,0,0,0,0,0,0.012836120689655213,0.012846379310344762,232
1700748180000,0,0,0,0,0,0,0.012852161290322517,0.01286277419354836,310
1700748240000,0,0,0,0,0,0,0.012853474576271201,0.012863559322033926,118
1700748300000,0,0,0,0,0,0,0.012854403669724807,0.012864403669724755,109
1700748360000,0,0,0,0,0,0,0.012860000000000019,0.01287,107
1700748420000,0,0,0,0,0,0,0.01286360465116279,0.012873604651162798,86
1700748480000,0,0,0,0,0,0,0.012876056338028175,0.012886056338028194,142
1700748540000,0,0,0,0,0,0,0.012886896551724128,0.012896896551724154,58
1700748600000,0,0,0,0,0,0,0.012887102272727302,0.012897102272727261,352
1700748660000,0,0,0,0,0,0,0.012879999999999753,0.012890000000000033,863
1700748720000,0,0,0,0,0,0,0.012879999999999791,0.012890000000000004,813
1700748780000,0,0,0,0,0,0,0.01288,0.01288999999999999,60
1700748840000,0,0,0,0,0,0,0.01288,0.012890000000000025,146
1700748900000,0,0,0,0,0,0,0.01288,0.012889999999999876,520
1700748960000,0,0,0,0,0,0,0.012879999999999999,0.012890000000000037,316
1700749020000,0,0,0,0,0,0,0.012882680412371153,0.012892731958762923,194
1700749080000,0,0,0,0,0,0,0.012889999999999987,0.01290000000000001,81
1700749140000,0,0,0,0,0,0,0.012890000000000007,0.0129,22
1700749200000,0,0,0,0,0,0,0.012894361111111138,0.012904388888888896,360
1700749260000,0,0,0,0,0,0,0.012868396946564926,0.012878625954198456,131
1700749320000,0,0,0,0,0,0,0.012832515527950342,0.012843074534161551,322
1700749380000,0,0,0,0,0,0,0.012826143617021307,0.012836223404255337,376
1700749440000,0,0,0,0,0,0,0.012829050279329596,0.01283927374301672,179
1700749500000,0,0,0,0,0,0,0.012829325153374252,0.01283941717791416,326
1700749560000,0,0,0,0,0,0,0.012830762711864436,0.012840847457627105,236
1700749620000,0,0,0,0,0,0,0.012834538461538498,0.012844653846153823,260
1700749680000,0,0,0,0,0,0,0.012845100864553233,0.012855331412103732,347
1700749740000,0,0,0,0,0,0,0.012852402234636882,0.012862569832402223,179
1700749800000,0,0,0,0,0,0,0.012841290322580629,0.012851290322580665,93
1700749860000,0,0,0,0,0,0,0.012847508305647768,0.01285757475083054,301
1700749920000,0,0,0,0,0,0,0.012847278106508877,0.012857337278106468,338
1700749980000,0,0,0,0,0,0,0.012839603960396054,0.01284960396039608,202
1700750040000,0,0,0,0,0,0,0.012844063745019896,0.012854302788844587,251
1700750100000,0,0,0,0,0,0,0.012850000000000018,0.012859999999999991,55
1700750160000,0,0,0,0,0,0,0.012854803149606334,0.01286543307086613,127
1700750220000,0,0,0,0,0,0,0.012860000000000002,0.012869999999999994,14
1700750280000,0,0,0,0,0,0,0.012865500000000016,0.012875562499999984,160
1700750340000,0,0,0,0,0,0,0.012870000000000005,0.01288,49
1700750400000,0,0,0,0,0,0,0.012861068702290096,0.012871679389312995,131
1700750460000,0,0,0,0,0,0,0.012840541310541345,0.01285062678062681,351
1700750520000,0,0,0,0,0,0,0.012839256410256437,0.0128494102564102,390
1700750580000,0,0,0,0,0,0,0.012826289198606228,0.012836341463414627,574
1700750640000,0,0,0,0,0,0,0.01282793918918921,0.01283800675675682,296
1700750700000,0,0,0,0,0,0,0.01282034482758623,0.012830640394088677,203
1700750760000,0,0,0,0,0,0,0.012828288288288256,0.012838355855855871,444
1700750820000,0,0,0,0,0,0,0.012823461538461568,0.012833461538461504,182
1700750880000,0,0,0,0,0,0,0.012813260869565218,0.012823347826086988,230
1700750940000,0,0,0,0,0,0,0.012825253164556927,0.012835379746835423,158
1700751000000,0,0,0,0,0,0,0.012829999999999977,0.012839999999999978,105
1700751060000,0,0,0,0,0,0,0.012824698795180724,0.012834698795180689,166
1700751120000,0,0,0,0,0,0,0.012799479392624748,0.012809631236442545,461
1700751180000,0,0,0,0,0,0,0.012773935309973082,0.01278409703504043,371
1700751240000,0,0,0,0,0,0,0.012764358974359008,0.012774432234432276,273
1700751300000,0,0,0,0,0,0,0.012773472803347228,0.01278368200836817,239
1700751360000,0,0,0,0,0,0,0.012777571428571438,0.012787642857142886,140
1700751420000,0,0,0,0,0,0,0.012775774193548459,0.012785967741935444,310
1700751480000,0,0,0,0,0,0,0.012769999999999997,0.012780000000000008,44
1700751540000,0,0,0,0,0,0,0.012771185185185156,0.012781333333333351,135
1700751600000,0,0,0,0,0,0,0.012775547445255473,0.012785620437956237,137
1700751660000,0,0,0,0,0,0,0.012774915254237277,0.012784915254237297,59
1700751720000,0,0,0,0,0,0,0.01278367647058827,0.01279374999999997,136
1700751780000,0,0,0,0,0,0,0.012800198675496664,0.01281026490066225,151
1700751840000,0,0,0,0,0,0,0.012810077519379843,0.012820232558139586,258
1700751900000,0,0,0,0,0,0,0.012806509433962264,0.012816886792452846,106
1700751960000,0,0,0,0,0,0,0.01282476712328768,0.012834917808219003,730
1700752020000,0,0,0,0,0,0,0.012829343434343487,0.012839419191919199,396
1700752080000,0,0,0,0,0,0,0.01282456709956698,0.012834567099567174,462
1700752140000,0,0,0,0,0,0,0.012823203883495077,0.01283322815533987,412
1700752200000,0,0,0,0,0,0,0.01280999999999999,0.012820000000000038,135
1700752260000,0,0,0,0,0,0,0.012810604026845633,0.01282064876957487,447
1700752320000,0,0,0,0,0,0,0.012800764705882288,0.012810764705882374,340
1700752380000,0,0,0,0,0,0,0.012784810126582283,0.012794810126582276,79
1700752440000,0,0,0,0,0,0,0.012768655660377366,0.012778891509433982,424
1700752500000,0,0,0,0,0,0,0.012765159574468108,0.012775159574468108,188
1700752560000,0,0,0,0,0,0,0.012767461538461543,0.012777538461538457,130
1700752620000,0,0,0,0,0,0,0.012769999999999965,0.012780000000000012,110
1700752680000,0,0,0,0,0,0,0.012773529411764696,0.012783970588235298,68
1700752740000,0,0,0,0,0,0,0.012746883116883122,0.012757142857142882,154
1700752800000,0,0,0,0,0,0,0.012745700636942688,0.012755891719745283,314
1700752860000,0,0,0,0,0,0,0.012742794117647045,0.012752794117647058,136
1700752920000,0,0,0,0,0,0,0.01270620817843874,0.012716319702602242,269
1700752980000,0,0,0,0,0,0,0.012717958801498088,0.012727996254681724,534
1700753040000,0,0,0,0,0,0,0.01272450839328535,0.01273462829736212,417
1700753100000,0,0,0,0,0,0,0.012726780923994138,0.012736855439642295,671
1700753160000,0,0,0,0,0,0,0.012720254129606118,0.012730343074968231,787
1700753220000,0,0,0,0,0,0,0.012702722222222178,0.01271305555555549,540
1700753280000,0,0,0,0,0,0,0.012692317979197686,0.0127024962852897,673
1700753340000,0,0,0,0,0,0,0.012715707547169927,0.01272570754716977,424
1700753400000,0,0,0,0,0,0,0.012728622222222184,0.012738666666666638,225
1700753460000,0,0,0,0,0,0,0.012718845500848857,0.012728896434635059,589
1700753520000,0,0,0,0,0,0,0.012697195121951273,0.012707317073170753,246
1700753580000,0,0,0,0,0,0,0.012720969387755068,0.012731122448979572,196
1700753640000,0,0,0,0,0,0,0.012753043478260938,0.012763233695652182,368
1700753700000,0,0,0,0,0,0,0.012780076335877874,0.012790229007633502,262
1700753760000,0,0,0,0,0,0,0.012783034591194963,0.012793191823899347,636
1700753820000,0,0,0,0,0,0,0.01279689865689888,0.012806984126984208,819
1700753880000,0,0,0,0,0,0,0.012786655683690184,0.012796721581548747,607
1700753940000,0,0,0,0,0,0,0.01278131901840481,0.012791380368098128,326
1700754000000,0,0,0,0,0,0,0.012773196078431208,0.012783254901960578,1020
1700754060000,0,0,0,0,0,0,0.012759300911854175,0.012769331306990938,329
1700754120000,0,0,0,0,0,0,0.012773948497854123,0.012784120171673814,466
1700754180000,0,0,0,0,0,0,0.012783761194029774,0.012793761194029854,335
1700754240000,0,0,0,0,0,0,0.01278071661237776,0.0127907817589576,307
1700754300000,0,0,0,0,0,0,0.012778776223776272,0.012788811188811089,572
1700754360000,0,0,0,0,0,0,0.012777212765957316,0.012787276595744714,470
1700754420000,0,0,0,0,0,0,0.012758465011286605,0.012768623024830748,443
1700754480000,0,0,0,0,0,0,0.012746650124069434,0.012756799007444202,403
1700754540000,0,0,0,0,0,0,0.012749444444444433,0.01275944444444445,54
1700754600000,0,0,0,0,0,0,0.012752877697841778,0.012762949640287832,278
1700754660000,0,0,0,0,0,0,0.012759172932330892,0.012769398496240541,532
1700754720000,0,0,0,0,0,0,0.012748228782287655,0.012758265682656865,542
1700754780000,0,0,0,0,0,0,0.01274454005934718,0.012754629080118722,337
1700754840000,0,0,0,0,0,0,0.012712840000000036,0.012722879999999968,250
1700754900000,0,0,0,0,0,0,0.012705299145299151,0.012715726495726507,117
1700754960000,0,0,0,0,0,0,0.012719922879177375,0.012730077120822572,389
1700755020000,0,0,0,0,0,0,0.012723652968036483,0.012733744292237495,438
1700755080000,0,0,0,0,0,0,0.012716776649746171,0.01272682741116754,394
1700755140000,0,0,0,0,0,0,0.0127254804270462,0.01273555160142346,281
1700755200000,0,0,0,0,0,0,0.012730999999999966,0.01274102941176469,340
1700755260000,0,0,0,0,0,0,0.012730000000000108,0.012740000000000008,652
1700755320000,0,0,0,0,0,0,0.01272086134453777,0.012730987394958022,476
1700755380000,0,0,0,0,0,0,0.012753864118895985,0.012763885350318489,471
1700755440000,0,0,0,0,0,0,0.012759340659340737,0.012769368131868155,364
1700755500000,0,0,0,0,0,0,0.012768114478114448,0.012778131313131288,594
1700755560000,0,0,0,0,0,0,0.01276999999999983,0.012779999999999712,1221
1700755620000,0,0,0,0,0,0,0.012779585091420215,0.012789585091420697,1422
1700755680000,0,0,0,0,0,0,0.012793286350148663,0.01280331602373909,1348
1700755740000,0,0,0,0,0,0,0.012827514677103666,0.012837514677103817,511
1700756100000,0,0,0,0,0,0,0.01283,0.01284,1
1700756160000,0,0,0,0,0,0,0.012830000000000038,0.012840000000000061,335
1700756220000,0,0,0,0,0,0,0.012839375527426415,0.012849383966244868,1185
1700756280000,0,0,0,0,0,0,0.012838832579185616,0.012848868778280727,1105
1700756340000,0,0,0,0,0,0,0.012829999999999987,0.01284000000000002,199
1700756400000,0,0,0,0,0,0,0.012829999999999979,0.01284000000000001,187
1700756460000,0,0,0,0,0,0,0.012833403441682538,0.012843441682600504,523
1700756520000,0,0,0,0,0,0,0.01284036506800314,0.012850379384395276,1397
1700756580000,0,0,0,0,0,0,0.01285224543080943,0.01286225848563955,766
1700756640000,0,0,0,0,0,0,0.012869942857142831,0.012879942857142602,875
1700756700000,0,0,0,0,0,0,0.01287576303317506,0.012885772511848158,1055
1700756760000,0,0,0,0,0,0,0.012869999999999725,0.012879999999999434,1757
1700756820000,0,0,0,0,0,0,0.012869999999999724,0.012879999999999432,1766
1700756880000,0,0,0,0,0,0,0.012869999999999738,0.012879999999999451,1671
1700756940000,0,0,0,0,0,0,0.012869999999999762,0.012879999999999482,1524
1700757000000,0,0,0,0,0,0,0.012875236686390209,0.012885251479289598,1352
1700757060000,0,0,0,0,0,0,0.012869999999999927,0.012879999999999689,960
1700757120000,0,0,0,0,0,0,0.012869999999999743,0.012879999999999458,1636
1700757180000,0,0,0,0,0,0,0.012853800940439027,0.012863824451410603,1276
1700757240000,0,0,0,0,0,0,0.012835957446808483,0.012845957446808451,235
1700757300000,0,0,0,0,0,0,0.012840677966101695,0.012850677966101691,177
1700757360000,0,0,0,0,0,0,0.012843914893616989,0.012854085106382956,235
1700757420000,0,0,0,0,0,0,0.0128582671480144,0.012868339350180481,277
1700757480000,0,0,0,0,0,0,0.01285512274959086,0.012865253682487733,611
1700757540000,0,0,0,0,0,0,0.012840000000000079,0.01284999999999992,300
1700757600000,0,0,0,0,0,0,0.012849114285714402,0.012859157142857071,700
1700757660000,0,0,0,0,0,0,0.012849146825396958,0.012859166666666574,1008
1700757720000,0,0,0,0,0,0,0.012831588132635213,0.012841815008725957,573
1700757780000,0,0,0,0,0,0,0.012838160919540228,0.012848218390804599,174
1700757840000,0,0,0,0,0,0,0.01283113043478258,0.012841217391304326,115
1700757900000,0,0,0,0,0,0,0.012823491124260374,0.012833550295857971,169
1700757960000,0,0,0,0,0,0,0.012828978040540217,0.012839003378378604,1184
1700758020000,0,0,0,0,0,0,0.012819641509433717,0.012829641509433698,1060
1700758080000,0,0,0,0,0,0,0.012832803030303113,0.01284285353535343,792
1700758140000,0,0,0,0,0,0,0.012855873015872986,0.012865912698412686,252
1700758200000,0,0,0,0,0,0,0.012848897058823588,0.012858933823529366,272
1700758260000,0,0,0,0,0,0,0.012841711229946545,0.012851818181818225,187
1700758320000,0,0,0,0,0,0,0.012834964028776935,0.012845251798561157,139
1700758380000,0,0,0,0,0,0,0.012830507246376808,0.012840579710144892,138
1700758440000,0,0,0,0,0,0,0.012824785714285702,0.012834928571428537,140
1700758500000,0,0,0,0,0,0,0.012829271844660196,0.012839368932038873,206
1700758560000,0,0,0,0,0,0,0.012836570048309133,0.01284671497584537,207
1700758620000,0,0,0,0,0,0,0.012837549668874145,0.01284774834437087,151
1700758680000,0,0,0,0,0,0,0.012831988304093572,0.012842251461988297,342
1700758740000,0,0,0,0,0,0,0.012815419354838722,0.012825548387096763,155
1700758800000,0,0,0,0,0,0,0.012811063122923582,0.012821096345515003,301
1700758860000,0,0,0,0,0,0,0.012812394067796563,0.012822457627118594,472
1700758920000,0,0,0,0,0,0,0.012819474835886102,0.012829540481400479,457
1700758980000,0,0,0,0,0,0,0.012827873563218361,0.012837988505747125,174
1700759040000,0,0,0,0,0,0,0.012838340611353687,0.012848384279475936,229
1700759100000,0,0,0,0,0,0,0.012853839285714303,0.01286392857142859,112
1700759160000,0,0,0,0,0,0,0.01286344086021505,0.012873476702508954,279
1700759220000,0,0,0,0,0,0,0.012879999999999999,0.012890000000000032,156
1700759280000,0,0,0,0,0,0,0.012876894409937868,0.012886956521739167,322
1700759340000,0,0,0,0,0,0,0.012889878542510055,0.01289991902834014,494
1700759400000,0,0,0,0,0,0,0.012899999999999676,0.012910000000000268,1641
1700759460000,0,0,0,0,0,0,0.012899999999999428,0.012910000000000508,2023
1700759520000,0,0,0,0,0,0,0.012895558458523792,0.012905584585238062,1531
1700759580000,0,0,0,0,0,0,0.012891336459554457,0.01290138335287223,853
1700759640000,0,0,0,0,0,0,0.012908775510204076,0.012918775510204109,441
1700759700000,0,0,0,0,0,0,0.012906797900262506,0.01291698162729662,381
1700759760000,0,0,0,0,0,0,0.0129087234042554,0.012918829787233976,282
1700759820000,0,0,0,0,0,0,0.012907063492063537,0.012917142857142832,252
1700759880000,0,0,0,0,0,0,0.012900000000000014,0.012909999999999986,56
1700759940000,0,0,0,0,0,0,0.012912025316455722,0.012922236286919807,237
1700760000000,0,0,0,0,0,0,0.012916145251396689,0.012926703910614533,179
1700760060000,0,0,0,0,0,0,0.012918500000000027,0.012928500000000035,120
1700760120000,0,0,0,0,0,0,0.012920000000000013,0.012929999999999999,67
1700760180000,0,0,0,0,0,0,0.012927099567099568,0.012937575757575726,231
1700760240000,0,0,0,0,0,0,0.012928703703703737,0.012938796296296275,108
1700760300000,0,0,0,0,0,0,0.012930613496932539,0.012940736196318997,163
1700760360000,0,0,0,0,0,0,0.01292760000000004,0.01293767999999999,125
1700760420000,0,0,0,0,0,0,0.012930074626865677,0.012940149253731322,134
1700760480000,0,0,0,0,0,0,0.012940000000000004,0.01295,10
1700760540000,0,0,0,0,0,0,0.012934374999999984,0.012944374999999992,112
1700760600000,0,0,0,0,0,0,0.012943642857142855,0.012953714285714329,140
1700760660000,0,0,0,0,0,0,0.012945126050420178,0.012955350140056101,357
1700760720000,0,0,0,0,0,0,0.012936010638297865,0.012946117021276585,188
1700760780000,0,0,0,0,0,0,0.012930000000000021,0.012939999999999972,97
1700760840000,0,0,0,0,0,0,0.012923961038961058,0.012934155844155889,154
1700760900000,0,0,0,0,0,0,0.012916477272727283,0.012926704545454554,88
1700760960000,0,0,0,0,0,0,0.012907608695652172,0.012917663043478238,184
1700761020000,0,0,0,0,0,0,0.012902096774193563,0.012912096774193532,62
1700761080000,0,0,0,0,0,0,0.012883448275862089,0.012894482758620705,348
1700761140000,0,0,0,0,0,0,0.012871317073170706,0.012881317073170738,205
1700761200000,0,0,0,0,0,0,0.012873012048192762,0.012883012048192791,166
1700761260000,0,0,0,0,0,0,0.01286848039215684,0.012878823529411755,204
1700761320000,0,0,0,0,0,0,0.012876141732283469,0.01288614173228348,127
1700761380000,0,0,0,0,0,0,0.012871086956521763,0.012881159420289839,138
1700761440000,0,0,0,0,0,0,0.012860000000000024,0.012869999999999996,114
1700761500000,0,0,0,0,0,0,0.012862466960352401,0.01287246696035239,227
1700761560000,0,0,0,0,0,0,0.012869258312020458,0.012879283887467981,391
1700761620000,0,0,0,0,0,0,0.01288,0.012890000000000009,36
1700761680000,0,0,0,0,0,0,0.01288,0.012889999999999995,92
1700761740000,0,0,0,0,0,0,0.012884710743801674,0.012894793388429717,121
1700761800000,0,0,0,0,0,0,0.012887019867549676,0.01289701986754968,151
1700761860000,0,0,0,0,0,0,0.012888921161825776,0.012899170124481375,241
1700761920000,0,0,0,0,0,0,0.012887159763313612,0.012897278106508897,169
1700761980000,0,0,0,0,0,0,0.012884107883817442,0.012894190871369355,241
1700762040000,0,0,0,0,0,0,0.01288390625,0.012894218749999997,64
1700762100000,0,0,0,0,0,0,0.012888333333333363,0.01289833333333331,174
1700762160000,0,0,0,0,0,0,0.012887651006711432,0.012897718120805337,149
1700762220000,0,0,0,0,0,0,0.012875798319327718,0.01288588235294117,119
1700762280000,0,0,0,0,0,0,0.0128661990950226,0.01287633484162896,221
1700762340000,0,0,0,0,0,0,0.012875222222222238,0.012885333333333339,90
1700762400000,0,0,0,0,0,0,0.01288,0.012890000000000018,133
1700762460000,0,0,0,0,0,0,0.01288612466124657,0.012896151761517658,369
1700762520000,0,0,0,0,0,0,0.012890000000000039,0.012899999999999997,191
1700762580000,0,0,0,0,0,0,0.012899441860465129,0.012909488372093065,215
1700762640000,0,0,0,0,0,0,0.012892212121212141,0.012902303030303056,330
1700762700000,0,0,0,0,0,0,0.012887350000000037,0.012897349999999998,200
1700762760000,0,0,0,0,0,0,0.012916785109983136,0.01292690355329955,591
1700762820000,0,0,0,0,0,0,0.012950229276895887,0.012960388007054634,567
1700762880000,0,0,0,0,0,0,0.01299087956698236,0.013000906630581939,739
1700762940000,0,0,0,0,0,0,0.012994066587396096,0.013004066587395904,841
1700763000000,0,0,0,0,0,0,0.012978625336927088,0.012988638814016108,742
1700763060000,0,0,0,0,0,0,0.012967846153846186,0.012978000000000088,260
1700763120000,0,0,0,0,0,0,0.012969156908665099,0.012979391100702637,427
1700763180000,0,0,0,0,0,0,0.012959055944055992,0.0129691958041959,286
1700763240000,0,0,0,0,0,0,0.012959999999999989,0.01297000000000001,86
1700763300000,0,0,0,0,0,0,0.012954910714285759,0.012965000000000046,224
1700763360000,0,0,0,0,0,0,0.012953781512605048,0.012963781512605094,238
1700763420000,0,0,0,0,0,0,0.012952774566473995,0.012962890173410447,173
1700763480000,0,0,0,0,0,0,0.012962651933701674,0.012972762430939248,181
1700763540000,0,0,0,0,0,0,0.012963142857142862,0.012973428571428565,105
1700763600000,0,0,0,0,0,0,0.012970604651162813,0.012981023255813972,215
1700763660000,0,0,0,0,0,0,0.012973434343434332,0.012983434343434328,99
1700763720000,0,0,0,0,0,0,0.01297,0.012979999999999997,23
1700763780000,0,0,0,0,0,0,0.012961954022988567,0.012972107279693564,261
1700763840000,0,0,0,0,0,0,0.012965465116279067,0.01297558139534884,86
1700763900000,0,0,0,0,0,0,0.012959999999999987,0.012969999999999994,36
1700763960000,0,0,0,0,0,0,0.012967124183006527,0.012977124183006521,153
1700764020000,0,0,0,0,0,0,0.012956020408163266,0.012966428571428587,98
1700764080000,0,0,0,0,0,0,0.01295000000000001,0.01295999999999998,67
1700764140000,0,0,0,0,0,0,0.012954435483870973,0.012964596774193572,124
1700764200000,0,0,0,0,0,0,0.012937702702702707,0.012947747747747727,222
1700764260000,0,0,0,0,0,0,0.01293411504424774,0.012944203539822995,226
1700764320000,0,0,0,0,0,0,0.012937368421052597,0.012947443609022571,133
1700764380000,0,0,0,0,0,0,0.01294514285714285,0.012955142857142861,140
1700764440000,0,0,0,0,0,0,0.012935609756097541,0.012945691056910562,123
1700764500000,0,0,0,0,0,0,0.012939591836734675,0.01294974489795917,196
1700764560000,0,0,0,0,0,0,0.012927279693486579,0.012937547892720289,261
1700764620000,0,0,0,0,0,0,0.012925937500000017,0.01293593750000001,96
1700764680000,0,0,0,0,0,0,0.012922528735632207,0.012932528735632194,87
1700764740000,0,0,0,0,0,0,0.012925514705882383,0.012935808823529404,136
1700764800000,0,0,0,0,0,0,0.012918916256157693,0.012928965517241365,203
1700764860000,0,0,0,0,0,0,0.012917777777777795,0.012927916666666666,72
1700764920000,0,0,0,0,0,0,0.012915205479452038,0.012925342465753444,73
1700764980000,0,0,0,0,0,0,0.012904077669902893,0.01291417475728154,103
1700765040000,0,0,0,0,0,0,0.012900000000000012,0.012909999999999987,46
1700765100000,0,0,0,0,0,0,0.0129077551020408,0.012917755102040837,98
1700765160000,0,0,0,0,0,0,0.01290999999999999,0.01291999999999999,39
1700765220000,0,0,0,0,0,0,0.012917968750000012,0.012927968749999998,64
1700765280000,0,0,0,0,0,0,0.01292000000000002,0.012930000000000013,89
1700765340000,0,0,0,0,0,0,0.012918074534161512,0.012928198757764011,161
1700765400000,0,0,0,0,0,0,0.0129330303030303,0.012943106060606047,132
1700765460000,0,0,0,0,0,0,0.012933618421052647,0.012943684210526295,152
1700765520000,0,0,0,0,0,0,0.012932115384615386,0.012942307692307682,52
1700765580000,0,0,0,0,0,0,0.012937708333333298,0.01294781250000001,192
1700765640000,0,0,0,0,0,0,0.012935425531914874,0.012945638297872344,94
1700765700000,0,0,0,0,0,0,0.012935228758169914,0.012945228758169933,153
1700765760000,0,0,0,0,0,0,0.012929772727272764,0.012939924242424225,132
1700765820000,0,0,0,0,0,0,0.012915617977528087,0.012926067415730363,89
1700765880000,0,0,0,0,0,0,0.01291999999999999,0.012929999999999999,27
1700765940000,0,0,0,0,0,0,0.012920000000000017,0.01293,78
1700766000000,0,0,0,0,0,0,0.012928425925925954,0.012938425925925897,108
1700766060000,0,0,0,0,0,0,0.012933176895306826,0.012943285198555936,277
1700766120000,0,0,0,0,0,0,0.012920000000000006,0.012929999999999999,54
1700766180000,0,0,0,0,0,0,0.012905357142857152,0.012915535714285706,168
1700766240000,0,0,0,0,0,0,0.012888518518518534,0.012898703703703683,108
1700766300000,0,0,0,0,0,0,0.012874166666666641,0.012884208333333345,240
1700766360000,0,0,0,0,0,0,0.012867483870967693,0.012877516129032261,310
1700766420000,0,0,0,0,0,0,0.01286999999999999,0.01288,123
1700766480000,0,0,0,0,0,0,0.012852666666666651,0.012863476190476167,210
1700766540000,0,0,0,0,0,0,0.01283301418439718,0.01284301418439723,282
1700766600000,0,0,0,0,0,0,0.012805809080325971,0.01281592549476122,859
1700766660000,0,0,0,0,0,0,0.01280567415730331,0.012815814606741568,356
1700766720000,0,0,0,0,0,0,0.012798556338028176,0.012808644366197261,568
1700766780000,0,0,0,0,0,0,0.012785851528384233,0.012795938864628823,229
1700766840000,0,0,0,0,0,0,0.012785486725663622,0.012795557522124029,565
1700766900000,0,0,0,0,0,0,0.012789136276391461,0.012799213051823537,521
1700766960000,0,0,0,0,0,0,0.012794796116504902,0.012804815533980511,515
1700767020000,0,0,0,0,0,0,0.012822425742574242,0.012832458745874542,606
1700767080000,0,0,0,0,0,0,0.012833871391076165,0.012843897637795419,762
1700767140000,0,0,0,0,0,0,0.012844459161147804,0.012854503311258281,453
1700767200000,0,0,0,0,0,0,0.012842253129346323,0.012852267037552266,719
1700767260000,0,0,0,0,0,0,0.012835704874835156,0.012845757575757635,759
1700767320000,0,0,0,0,0,0,0.01283380543633763,0.012843819742489196,699
1700767380000,0,0,0,0,0,0,0.012826419354838787,0.01283643548387085,620
1700767440000,0,0,0,0,0,0,0.012829107142857187,0.012839126984126955,504
1700767500000,0,0,0,0,0,0,0.012820000000000047,0.01283000000000003,299
1700767560000,0,0,0,0,0,0,0.012819999999999804,0.01282999999999996,714
1700767620000,0,0,0,0,0,0,0.012809448818897751,0.012819527559055082,508
1700767680000,0,0,0,0,0,0,0.0128044,0.012814480000000017,125
1700767740000,0,0,0,0,0,0,0.012812975206611581,0.012823140495867785,121
1700767800000,0,0,0,0,0,0,0.012809999999999993,0.012820000000000002,21
1700767860000,0,0,0,0,0,0,0.012809999999999992,0.01282,31
1700767920000,0,0,0,0,0,0,0.012809999999999992,0.01282,38
1700767980000,0,0,0,0,0,0,0.012809999999999992,0.01282000000000003,83
1700768040000,0,0,0,0,0,0,0.012806242038216564,0.0128163057324841,157
1700768100000,0,0,0,0,0,0,0.012822483221476513,0.01283255033557044,149
1700768160000,0,0,0,0,0,0,0.012817362637362655,0.012827472527472544,182
1700768220000,0,0,0,0,0,0,0.012836749555950312,0.012846767317939517,563
1700768280000,0,0,0,0,0,0,0.012830000000000038,0.012840000000000058,338
1700768340000,0,0,0,0,0,0,0.012833090211132388,0.012843090211132542,521
1700768400000,0,0,0,0,0,0,0.012826010101010117,0.012836262626262614,198
1700768460000,0,0,0,0,0,0,0.01282182098765436,0.01283191358024698,324
1700768520000,0,0,0,0,0,0,0.01282064327485383,0.012830818713450284,171
1700768580000,0,0,0,0,0,0,0.01282,0.012830000000000005,28
1700768640000,0,0,0,0,0,0,0.012818936170212803,0.012828989361702113,188
1700768700000,0,0,0,0,0,0,0.012820000000000014,0.012830000000000006,54
1700768760000,0,0,0,0,0,0,0.012832643884892053,0.012842661870503667,556
1700768820000,0,0,0,0,0,0,0.012841059479553843,0.01285109665427517,538
1700768880000,0,0,0,0,0,0,0.01283613043478264,0.0128461739130435,230
1700768940000,0,0,0,0,0,0,0.012838603351955346,0.012848603351955258,358
1700769000000,0,0,0,0,0,0,0.01283903225806451,0.012849075268817211,465
1700769060000,0,0,0,0,0,0,0.012845900621117918,0.012855962732919201,322
1700769120000,0,0,0,0,0,0,0.01285000000000002,0.01285999999999999,67
1700769180000,0,0,0,0,0,0,0.012844399999999999,0.012854600000000016,50
1700769240000,0,0,0,0,0,0,0.012835438596491233,0.012845614035087714,57
1700769300000,0,0,0,0,0,0,0.012835459459459454,0.01284551351351356,185
1700769360000,0,0,0,0,0,0,0.012825920000000025,0.012835919999999954,125
1700769420000,0,0,0,0,0,0,0.012817482517482548,0.012827552447552406,143
1700769480000,0,0,0,0,0,0,0.012810983606557368,0.012820983606557397,61
1700769540000,0,0,0,0,0,0,0.012806499999999967,0.012816500000000014,120
1700769600000,0,0,0,0,0,0,0.012799999999999995,0.01280999999999999,101
1700769660000,0,0,0,0,0,0,0.012798386075949292,0.012808481012658201,316
1700769720000,0,0,0,0,0,0,0.01280277372262773,0.012812773722627745,137
1700769780000,0,0,0,0,0,0,0.012800506329113937,0.012810632911392398,79
1700769840000,0,0,0,0,0,0,0.012806870748299311,0.012817346938775547,147
1700769900000,0,0,0,0,0,0,0.012814250000000018,0.012824375000000004,80
1700769960000,0,0,0,0,0,0,0.012828465909090873,0.012838484848484884,528
1700770020000,0,0,0,0,0,0,0.01284504347826088,0.012855043478260905,115
1700770080000,0,0,0,0,0,0,0.0128424137931034,0.012852456896551692,232
1700770140000,0,0,0,0,0,0,0.012859896907216437,0.012869896907216538,388
1700770200000,0,0,0,0,0,0,0.012859999999999906,0.012869999999999953,903
1700770260000,0,0,0,0,0,0,0.012859999999999903,0.012869999999999868,1108
1700770320000,0,0,0,0,0,0,0.0128599999999999,0.012869999999999777,1440
1700770380000,0,0,0,0,0,0,0.012859999999999892,0.012869999999999718,1814
1700770440000,0,0,0,0,0,0,0.0128599999999999,0.01286999999999979,1378
1700770500000,0,0,0,0,0,0,0.012859999999999903,0.012869999999999845,1184
1700770560000,0,0,0,0,0,0,0.012859999999999903,0.012869999999999876,1078
1700770620000,0,0,0,0,0,0,0.012861689059500971,0.012871689059501026,521
1700770680000,0,0,0,0,0,0,0.012874446952595738,0.012884446952596034,886
1700770740000,0,0,0,0,0,0,0.012879999999999512,0.012890000000000009,1411
1700770800000,0,0,0,0,0,0,0.0128848047808767,0.01289480478087649,1255
1700770860000,0,0,0,0,0,0,0.012890000000000118,0.01290000000000002,1300
1700770920000,0,0,0,0,0,0,0.01289000000000008,0.0129000000000001,960
1700770980000,0,0,0,0,0,0,0.012890000000000165,0.012900000000000102,1216
1700771040000,0,0,0,0,0,0,0.012894010309278314,0.012904010309278301,970
1700771100000,0,0,0,0,0,0,0.012908338249754034,0.01291833824975399,1017
1700771160000,0,0,0,0,0,0,0.012910000000000022,0.012919999999999848,1373
1700771220000,0,0,0,0,0,0,0.012910000000000048,0.01291999999999987,1396
1700771280000,0,0,0,0,0,0,0.012910000000000121,0.012919999999999933,1469
1700771340000,0,0,0,0,0,0,0.012910000000000242,0.012920000000000037,1606
1700771400000,0,0,0,0,0,0,0.012910000000000138,0.012919999999999949,1487
1700771460000,0,0,0,0,0,0,0.012900000000000194,0.012910044208664997,1131
1700771520000,0,0,0,0,0,0,0.012886972656249817,0.012896982421875085,1024
1700771580000,0,0,0,0,0,0,0.012872864321608054,0.012882939698492515,398
1700771640000,0,0,0,0,0,0,0.01285398692810459,0.01286398692810462,153
1700771700000,0,0,0,0,0,0,0.012851775700934596,0.012862242990654226,107
1700771760000,0,0,0,0,0,0,0.012855584045583965,0.012865641025641007,351
1700771820000,0,0,0,0,0,0,0.012840000000000002,0.012850000000000014,41
1700771880000,0,0,0,0,0,0,0.012840000000000046,0.012849999999999948,238
1700771940000,0,0,0,0,0,0,0.01284292746113997,0.01285295336787556,386
1700772000000,0,0,0,0,0,0,0.01285000000000007,0.012859999999999924,570
1700772060000,0,0,0,0,0,0,0.012850000000000023,0.01286000000000004,153
1700772120000,0,0,0,0,0,0,0.012850000000000023,0.012860000000000028,122
1700772180000,0,0,0,0,0,0,0.01285987132352933,0.012869889705882494,544
1700772240000,0,0,0,0,0,0,0.012859739884392958,0.012869768786127058,1038
1700772300000,0,0,0,0,0,0,0.012859999999999903,0.012869999999999854,1135
1700772360000,0,0,0,0,0,0,0.012857470725995314,0.01286749414519899,1281
1700772420000,0,0,0,0,0,0,0.012844810756972157,0.012854810756972106,1004
1700772480000,0,0,0,0,0,0,0.012860529914529815,0.012870529914530082,585
1700772540000,0,0,0,0,0,0,0.012860000000000009,0.012870000000000006,95
1700772600000,0,0,0,0,0,0,0.012859999999999991,0.012870000000000006,51
1700772660000,0,0,0,0,0,0,0.012854800000000046,0.01286495999999997,125
1700772720000,0,0,0,0,0,0,0.012866736111111087,0.012876736111111113,144
1700772780000,0,0,0,0,0,0,0.01286999999999996,0.01288,289
1700772840000,0,0,0,0,0,0,0.012869999999999987,0.012879999999999768,841
1700772900000,0,0,0,0,0,0,0.012869999999999961,0.01288,243
1700772960000,0,0,0,0,0,0,0.012869999999999963,0.01288,227
1700773020000,0,0,0,0,0,0,0.012869999999999987,0.012879999999999999,331
1700773080000,0,0,0,0,0,0,0.012879521660649429,0.012889530685920707,1108
1700773140000,0,0,0,0,0,0,0.012877639344262273,0.012887737704918065,305
1700773200000,0,0,0,0,0,0,0.012870000000000156,0.012879999999999992,627
1700773260000,0,0,0,0,0,0,0.012878578732106027,0.012888588957055256,978
1700773320000,0,0,0,0,0,0,0.012879725685785538,0.012889725685785487,401
1700773380000,0,0,0,0,0,0,0.012883686327077747,0.01289371313672923,746
1700773440000,0,0,0,0,0,0,0.01288959731543609,0.01289961409395982,596
1700773500000,0,0,0,0,0,0,0.012898901515151615,0.012908914141414027,792
1700773560000,0,0,0,0,0,0,0.012905866558177359,0.012915890968266583,1229
1700773620000,0,0,0,0,0,0,0.012922732919254474,0.012932753623188685,966
1700773680000,0,0,0,0,0,0,0.012928218435321812,0.012938226181255138,1291
1700773740000,0,0,0,0,0,0,0.012931167512690696,0.012941167512690598,1379
1700773800000,0,0,0,0,0,0,0.012947198917456047,0.012957198917455762,1478
1700773860000,0,0,0,0,0,0,0.012950000000000015,0.012959999999999729,1621
1700773920000,0,0,0,0,0,0,0.01294310139165038,0.012953108018555317,1509
1700773980000,0,0,0,0,0,0,0.012945157612340913,0.012955217974513647,1491
1700774040000,0,0,0,0,0,0,0.012927601626016179,0.012937642276422934,738
1700774100000,0,0,0,0,0,0,0.012926428571428556,0.012936484962406099,532
1700774160000,0,0,0,0,0,0,0.01292212686567168,0.012932313432835775,268
1700774220000,0,0,0,0,0,0,0.01291345029239766,0.012923450292397706,171
1700774280000,0,0,0,0,0,0,0.01291664122137405,0.012926641221374068,131
1700774340000,0,0,0,0,0,0,0.012909999999999986,0.012920000000000003,51
1700774400000,0,0,0,0,0,0,0.012904757281553375,0.012914757281553389,103
1700774460000,0,0,0,0,0,0,0.012906032608695666,0.012916195652173883,184
1700774520000,0,0,0,0,0,0,0.012909999999999993,0.01291999999999999,32
1700774580000,0,0,0,0,0,0,0.012909999999999984,0.012920000000000022,96
1700774640000,0,0,0,0,0,0,0.012915517241379326,0.012925517241379346,116
1700774700000,0,0,0,0,0,0,0.012915813953488398,0.012925813953488385,172
1700774760000,0,0,0,0,0,0,0.012916834170854243,0.01292688442211057,199
1700774820000,0,0,0,0,0,0,0.012916237864077605,0.012926262135922363,412
1700774880000,0,0,0,0,0,0,0.01291833992094862,0.012928379446640296,253
1700774940000,0,0,0,0,0,0,0.012904823529411767,0.012914941176470589,85
1700775000000,0,0,0,0,0,0,0.012915665024630603,0.012925665024630526,203
1700775060000,0,0,0,0,0,0,0.012917275541795597,0.012927275541795636,323
1700775120000,0,0,0,0,0,0,0.012914555555555634,0.012924592592592606,270
1700775180000,0,0,0,0,0,0,0.012894318181818189,0.01290436363636366,220
1700775240000,0,0,0,0,0,0,0.012884528985507267,0.012894673913043511,276
1700775300000,0,0,0,0,0,0,0.01288854700854702,0.01289863247863246,117
1700775360000,0,0,0,0,0,0,0.012895624999999964,0.012905703124999994,128
1700775420000,0,0,0,0,0,0,0.012890315789473717,0.012900578947368414,190
1700775480000,0,0,0,0,0,0,0.012895766423357696,0.012905839416058352,137
1700775540000,0,0,0,0,0,0,0.012899652777777867,0.012909652777777713,576
1700775600000,0,0,0,0,0,0,0.012897355555555564,0.01290735555555557,450
1700775660000,0,0,0,0,0,0,0.012889683098591538,0.012899718309859198,284
1700775720000,0,0,0,0,0,0,0.012888550724637668,0.012898550724637695,69
1700775780000,0,0,0,0,0,0,0.012889999999999985,0.012900000000000016,70
1700775840000,0,0,0,0,0,0,0.012889999999999983,0.012900000000000014,78
1700775900000,0,0,0,0,0,0,0.012899439775910425,0.012909467787114897,357
1700775960000,0,0,0,0,0,0,0.012907971014492472,0.012917992753623136,1380
1700776020000,0,0,0,0,0,0,0.012901959721146512,0.012911967467079614,1291
1700776080000,0,0,0,0,0,0,0.01291000000000035,0.012920000000000131,1753
1700776140000,0,0,0,0,0,0,0.012909999999999859,0.012919999999999756,1140
1700776200000,0,0,0,0,0,0,0.012909999999999885,0.0129199999999999,841
1700776260000,0,0,0,0,0,0,0.012919846841097671,0.012929846841098082,1567
1700776320000,0,0,0,0,0,0,0.012928317955997568,0.012938346344925784,1409
1700776380000,0,0,0,0,0,0,0.012930000000000299,0.012940000000000272,1097
1700776440000,0,0,0,0,0,0,0.012930000000000356,0.012940000000000281,1310
1700776500000,0,0,0,0,0,0,0.012921364275667995,0.012931385372714887,1422
1700776560000,0,0,0,0,0,0,0.0129199999999998,0.012930000000000271,1039
1700776620000,0,0,0,0,0,0,0.012925442857142902,0.012935628571428704,700
1700776680000,0,0,0,0,0,0,0.012930000000000037,0.012939999999999969,119
1700776740000,0,0,0,0,0,0,0.012925750000000017,0.012935750000000029,120
1700776800000,0,0,0,0,0,0,0.012934522821576708,0.012944605809128623,241
1700776860000,0,0,0,0,0,0,0.012930000000000023,0.01293999999999996,189
1700776920000,0,0,0,0,0,0,0.012930000000000039,0.012939999999999962,168
1700776980000,0,0,0,0,0,0,0.012930000000000028,0.01293999999999997,105
1700777040000,0,0,0,0,0,0,0.012925977653631286,0.012935977653631282,179
1700777100000,0,0,0,0,0,0,0.012929473684210543,0.012939473684210497,95
1700777160000,0,0,0,0,0,0,0.012915263157894754,0.01292526315789474,171
1700777220000,0,0,0,0,0,0,0.012916463414634163,0.012926463414634147,82
1700777280000,0,0,0,0,0,0,0.012929150943396249,0.01293924528301884,106
1700777340000,0,0,0,0,0,0,0.0129218446601942,0.012931941747572841,103
1700777400000,0,0,0,0,0,0,0.012919999999999992,0.01293,40
1700777460000,0,0,0,0,0,0,0.012920000000000015,0.012929999999999999,70
1700777520000,0,0,0,0,0,0,0.012920000000000023,0.01293000000000003,107
1700777580000,0,0,0,0,0,0,0.012928971962616852,0.01293906542056072,107
1700777640000,0,0,0,0,0,0,0.012930000000000004,0.012939999999999976,81
1700777700000,0,0,0,0,0,0,0.012930000000000025,0.01293999999999997,101
1700777760000,0,0,0,0,0,0,0.012933055555555567,0.012943111111111093,180
1700777820000,0,0,0,0,0,0,0.012939999999999974,0.01295000000000001,92
1700777880000,0,0,0,0,0,0,0.012939999999999983,0.01295000000000001,66
1700777940000,0,0,0,0,0,0,0.012944193548387092,0.012954193548387132,124
1700778000000,0,0,0,0,0,0,0.012941560693641588,0.012951618497109851,173
1700778060000,0,0,0,0,0,0,0.012950000000000012,0.012960000000000034,171
1700778120000,0,0,0,0,0,0,0.012949999999999996,0.012959999999999998,22
1700778180000,0,0,0,0,0,0,0.012959152542372862,0.012969322033898313,59
1700778240000,0,0,0,0,0,0,0.012950430622009585,0.012960430622009614,209
1700778300000,0,0,0,0,0,0,0.012941891891891858,0.01295202702702704,148
1700778360000,0,0,0,0,0,0,0.012946265822784814,0.012956329113924091,158
1700778420000,0,0,0,0,0,0,0.012950000000000012,0.012960000000000041,203
1700778480000,0,0,0,0,0,0,0.012957265625000025,0.01296734374999998,128
1700778540000,0,0,0,0,0,0,0.012959999999999989,0.01297000000000001,86
1700778600000,0,0,0,0,0,0,0.01295999999999998,0.012970000000000013,75
1700778660000,0,0,0,0,0,0,0.012965365853658593,0.012975463414634174,205
1700778720000,0,0,0,0,0,0,0.012959495798319348,0.01297025210084033,119
1700778780000,0,0,0,0,0,0,0.01295999999999999,0.012970000000000008,87
1700778840000,0,0,0,0,0,0,0.012959999999999987,0.012969999999999994,37
1700778900000,0,0,0,0,0,0,0.012966739130434776,0.012976884057971,138
1700778960000,0,0,0,0,0,0,0.012960000000000017,0.012969999999999985,120
1700779020000,0,0,0,0,0,0,0.012960000000000013,0.012969999999999988,115
1700779080000,0,0,0,0,0,0,0.01296000000000001,0.01296999999999999,111
1700779140000,0,0,0,0,0,0,0.01295999999999998,0.012970000000000018,78
1700779200000,0,0,0,0,0,0,0.012956666666666665,0.0129666666666667,129
1700779260000,0,0,0,0,0,0,0.01295000000000001,0.012960000000000006,104
1700779320000,0,0,0,0,0,0,0.012950000000000003,0.012959999999999989,33
1700779380000,0,0,0,0,0,0,0.01295000000000001,0.01295999999999998,62
1700779440000,0,0,0,0,0,0,0.01295000000000001,0.01295999999999998,67
1700779500000,0,0,0,0,0,0,0.012950000000000014,0.012960000000000048,312
1700779560000,0,0,0,0,0,0,0.012950000000000012,0.012960000000000027,146
1700779620000,0,0,0,0,0,0,0.012958390804597694,0.012968620689655179,87
1700779680000,0,0,0,0,0,0,0.012959999999999987,0.012969999999999994,35
1700779740000,0,0,0,0,0,0,0.012959999999999987,0.012969999999999994,36
1700779800000,0,0,0,0,0,0,0.01296865979381443,0.012978659793814427,97
1700779860000,0,0,0,0,0,0,0.01297,0.012979999999999993,95
1700779920000,0,0,0,0,0,0,0.012970000000000013,0.012979999999999993,75
1700779980000,0,0,0,0,0,0,0.012978961748633907,0.012989016393442611,183
1700780040000,0,0,0,0,0,0,0.012988764044943807,0.012998988764044934,89
1700780100000,0,0,0,0,0,0,0.012989999999999998,0.013000000000000008,40
1700780160000,0,0,0,0,0,0,0.012989999999999988,0.01300000000000001,50
1700780220000,0,0,0,0,0,0,0.01299,0.013000000000000008,31
1700780280000,0,0,0,0,0,0,0.012994749999999996,0.01300487499999999,80
1700780340000,0,0,0,0,0,0,0.01298465587044542,0.012994777327935164,247
1700780400000,0,0,0,0,0,0,0.012987232142857144,0.012997410714285684,112
1700780460000,0,0,0,0,0,0,0.012993817427385864,0.013003858921161765,241
1700780520000,0,0,0,0,0,0,0.012999999999999972,0.013009999999999982,118
1700780580000,0,0,0,0,0,0,0.012992232142857146,0.013002321428571401,112
1700780640000,0,0,0,0,0,0,0.013000416666666624,0.013010520833333318,192
1700780700000,0,0,0,0,0,0,0.012988395061728405,0.01299839506172838,162
1700780760000,0,0,0,0,0,0,0.012979999999999993,0.012989999999999993,99
1700780820000,0,0,0,0,0,0,0.012988431372549037,0.012998823529411714,153
1700780880000,0,0,0,0,0,0,0.01298411428571427,0.012994457142857121,175
1700780940000,0,0,0,0,0,0,0.012975906432748536,0.012986081871345012,171
1700781000000,0,0,0,0,0,0,0.012975088757396435,0.012985325443786997,169
1700781060000,0,0,0,0,0,0,0.012986985645932987,0.0129970334928229,209
1700781120000,0,0,0,0,0,0,0.012986111111111082,0.012996284722222176,288
1700781180000,0,0,0,0,0,0,0.01297383333333334,0.012983833333333328,60
1700781240000,0,0,0,0,0,0,0.012972347826086944,0.012982434782608689,115
1700781300000,0,0,0,0,0,0,0.012973703703703715,0.012983827160493821,81
1700781360000,0,0,0,0,0,0,0.012978019801980234,0.01298806930693072,202
1700781420000,0,0,0,0,0,0,0.012970000000000002,0.012979999999999998,18
1700781480000,0,0,0,0,0,0,0.01297565217391304,0.012985652173913018,69
1700781540000,0,0,0,0,0,0,0.012974929577464801,0.01298521126760563,71
1700781600000,0,0,0,0,0,0,0.012971235955056169,0.012981292134831478,178
1700781660000,0,0,0,0,0,0,0.012962555555555552,0.012972555555555555,90
1700781720000,0,0,0,0,0,0,0.012954943820224751,0.012965000000000018,178
1700781780000,0,0,0,0,0,0,0.012965000000000011,0.01297523255813953,86
1700781840000,0,0,0,0,0,0,0.012959999999999985,0.012969999999999994,38
1700781900000,0,0,0,0,0,0,0.012954310344827594,0.01296431034482757,58
1700781960000,0,0,0,0,0,0,0.01295000000000001,0.01295999999999999,87
1700782020000,0,0,0,0,0,0,0.012947515527950312,0.012957577639751569,161
1700782080000,0,0,0,0,0,0,0.012943888888888864,0.012953888888888895,90
1700782140000,0,0,0,0,0,0,0.012930769230769268,0.0129407692307692,117
1700782200000,0,0,0,0,0,0,0.012935882352941167,0.01294607843137256,51
1700782260000,0,0,0,0,0,0,0.012939999999999991,0.012950000000000008,52
1700782320000,0,0,0,0,0,0,0.012955411764705927,0.012965529411764683,170
1700782380000,0,0,0,0,0,0,0.012953445378151287,0.012963529411764688,119
1700782440000,0,0,0,0,0,0,0.012968281249999977,0.012978359374999995,128
1700782500000,0,0,0,0,0,0,0.01296451086956524,0.012974619565217393,184
1700782560000,0,0,0,0,0,0,0.012957024221453325,0.012967266435986228,289
1700782620000,0,0,0,0,0,0,0.012959625668449238,0.012969679144385028,187
1700782680000,0,0,0,0,0,0,0.012944769230769211,0.012954923076923095,195
1700782740000,0,0,0,0,0,0,0.012939999999999976,0.012950000000000008,81
1700782800000,0,0,0,0,0,0,0.012937187499999971,0.012947375000000002,160
1700782860000,0,0,0,0,0,0,0.012939999999999969,0.012950000000000012,119
1700782920000,0,0,0,0,0,0,0.01293733644859812,0.012947383177570089,214
1700782980000,0,0,0,0,0,0,0.012939198312236241,0.012949240506329122,237
1700783040000,0,0,0,0,0,0,0.012934242424242404,0.01294439393939395,66
1700783100000,0,0,0,0,0,0,0.012936043956043964,0.012946043956043944,91
1700783160000,0,0,0,0,0,0,0.012930000000000025,0.01293999999999997,101
1700783220000,0,0,0,0,0,0,0.012930000000000016,0.012939999999999974,92
1700783280000,0,0,0,0,0,0,0.012930000000000011,0.012939999999999974,87
1700783340000,0,0,0,0,0,0,0.012935436893203856,0.01294543689320389,103
1700783400000,0,0,0,0,0,0,0.012939999999999967,0.012950000000000012,131
1700783460000,0,0,0,0,0,0,0.012939999999999967,0.012950000000000012,126
1700783520000,0,0,0,0,0,0,0.012939999999999972,0.01295000000000001,94
1700783580000,0,0,0,0,0,0,0.012937559808612385,0.012947559808612437,209
1700783640000,0,0,0,0,0,0,0.012928181818181778,0.012938303030303019,330
1700783700000,0,0,0,0,0,0,0.012929999999999999,0.012939999999999988,58
1700783760000,0,0,0,0,0,0,0.012922575757575785,0.012932651515151562,132
1700783820000,0,0,0,0,0,0,0.01293461988304092,0.012944678362573094,171
1700783880000,0,0,0,0,0,0,0.012940000000000005,0.01295,26
1700783940000,0,0,0,0,0,0,0.012936756756756774,0.012946846846846839,111
1700784000000,0,0,0,0,0,0,0.012924383561643887,0.012934383561643838,146
1700784060000,0,0,0,0,0,0,0.01293816037735845,0.012948160377358504,212
1700784120000,0,0,0,0,0,0,0.012939607843137265,0.01294968627450982,255
1700784180000,0,0,0,0,0,0,0.012945747663551386,0.012955887850467303,214
1700784240000,0,0,0,0,0,0,0.012946129032258063,0.01295623655913981,186
1700784300000,0,0,0,0,0,0,0.012944238410596,0.012954304635761587,151
1700784360000,0,0,0,0,0,0,0.012939999999999967,0.012950000000000012,129
1700784420000,0,0,0,0,0,0,0.012939999999999978,0.01295000000000001,77
1700784480000,0,0,0,0,0,0,0.012930097719869676,0.012940162866449487,307
1700784540000,0,0,0,0,0,0,0.012917865853658552,0.012927926829268311,164
1700784600000,0,0,0,0,0,0,0.0129012849162011,0.01291134078212291,179
1700784660000,0,0,0,0,0,0,0.012889627659574453,0.012899734042553289,376
1700784720000,0,0,0,0,0,0,0.012892960893854742,0.01290296089385475,179
1700784780000,0,0,0,0,0,0,0.012890000000000002,0.012900000000000012,44
1700784840000,0,0,0,0,0,0,0.012886582733812988,0.012896726618705058,278
1700784900000,0,0,0,0,0,0,0.012874843749999986,0.01288506250000002,320
1700784960000,0,0,0,0,0,0,0.01289300884955754,0.012903053097345178,226
1700785020000,0,0,0,0,0,0,0.0128937606837607,0.012903931623931596,117
1700785080000,0,0,0,0,0,0,0.01290559420289863,0.012915652173912958,345
1700785140000,0,0,0,0,0,0,0.012934168618267046,0.012944262295081986,427
1700785200000,0,0,0,0,0,0,0.01292753731343289,0.012937537313432815,134
1700785260000,0,0,0,0,0,0,0.012929754601226924,0.012939815950920225,326
1700785320000,0,0,0,0,0,0,0.012942479674796744,0.012952642276422798,246
1700785380000,0,0,0,0,0,0,0.012954450402144782,0.012964557640750683,373
1700785440000,0,0,0,0,0,0,0.012962499999999988,0.012972763157894729,152
1700785500000,0,0,0,0,0,0,0.01298109704641356,0.012991139240506253,237
1700785560000,0,0,0,0,0,0,0.012967491525423777,0.012977661016949235,295
1700785620000,0,0,0,0,0,0,0.012978598726114647,0.01298859872611466,157
1700785680000,0,0,0,0,0,0,0.012978039215686315,0.012988179271708705,357
1700785740000,0,0,0,0,0,0,0.012976099290780115,0.01298617021276595,141
1700785800000,0,0,0,0,0,0,0.012962434210526348,0.012972434210526289,152
1700785860000,0,0,0,0,0,0,0.012970673076923142,0.01298067307692312,312
1700785920000,0,0,0,0,0,0,0.012963508771929828,0.012973859649122801,57
1700785980000,0,0,0,0,0,0,0.012962077922077904,0.012972337662337675,77
1700786040000,0,0,0,0,0,0,0.01297546012269938,0.012985766871165637,163
1700786100000,0,0,0,0,0,0,0.012987857142857129,0.012998035714285722,56
1700786160000,0,0,0,0,0,0,0.012984457831325324,0.012994518072289109,166
1700786220000,0,0,0,0,0,0,0.013006016260162597,0.013016314363143615,369
1700786280000,0,0,0,0,0,0,0.01300107999999993,0.01301167999999998,250
1700786340000,0,0,0,0,0,0,0.012989956521739095,0.013000043478260817,230
1700786400000,0,0,0,0,0,0,0.012994829059828985,0.01300499999999996,234
1700786460000,0,0,0,0,0,0,0.012984864864864854,0.012994864864864878,111
1700786520000,0,0,0,0,0,0,0.012975287081339756,0.012985382775119644,418
1700786580000,0,0,0,0,0,0,0.012970000000000018,0.012979999999999995,78
1700786640000,0,0,0,0,0,0,0.012989845360824712,0.012999896907216453,194
1700786700000,0,0,0,0,0,0,0.012992193877551045,0.01300239795918361,196
1700786760000,0,0,0,0,0,0,0.012982794871794998,0.012992948717948675,390
1700786820000,0,0,0,0,0,0,0.012989999999999991,0.01300000000000001,47
1700786880000,0,0,0,0,0,0,0.01299,0.013000000000000008,34
1700786940000,0,0,0,0,0,0,0.012984554455445538,0.012994653465346536,101
1700787000000,0,0,0,0,0,0,0.01297082706766915,0.012980902255639089,133
1700787060000,0,0,0,0,0,0,0.012965402298850563,0.012975517241379323,174
1700787120000,0,0,0,0,0,0,0.012976363636363628,0.012986363636363634,110
1700787180000,0,0,0,0,0,0,0.012972575757575766,0.012982727272727267,66
1700787240000,0,0,0,0,0,0,0.012970000000000011,0.012979999999999993,66
1700787300000,0,0,0,0,0,0,0.012991181102362167,0.013001259842519644,254
1700787360000,0,0,0,0,0,0,0.01299999999999999,0.013009999999999985,93
1700787420000,0,0,0,0,0,0,0.013005203252032485,0.013015284552845535,123
1700787480000,0,0,0,0,0,0,0.012988731343283533,0.012998880597014872,268
1700787540000,0,0,0,0,0,0,0.012995337837837833,0.01300567567567564,148
1700787600000,0,0,0,0,0,0,0.012983923076923067,0.012994153846153865,130
1700787660000,0,0,0,0,0,0,0.012984572368421057,0.01299460526315782,304
1700787720000,0,0,0,0,0,0,0.012986614906832348,0.01299673913043473,322
1700787780000,0,0,0,0,0,0,0.01298180952380952,0.012991999999999997,105
1700787840000,0,0,0,0,0,0,0.012985698113207475,0.01299615094339625,530
1700787900000,0,0,0,0,0,0,0.012979999999999993,0.01299,111
1700787960000,0,0,0,0,0,0,0.01299590686274508,0.013005980392156884,408
1700788020000,0,0,0,0,0,0,0.013018875000000008,0.01302899999999999,80
1700788080000,0,0,0,0,0,0,0.01303264437689973,0.013042644376899622,329
1700788140000,0,0,0,0,0,0,0.013045106382978778,0.013055248226950276,282
1700788200000,0,0,0,0,0,0,0.013041242236024824,0.013051242236024847,161
1700788260000,0,0,0,0,0,0,0.013049999999999944,0.013059999999999981,211
1700788320000,0,0,0,0,0,0,0.013042184466019437,0.013052281553397996,206
1700788380000,0,0,0,0,0,0,0.013040000000000017,0.013050000000000003,85
1700788440000,0,0,0,0,0,0,0.013047771428571404,0.013057828571428579,175
1700788500000,0,0,0,0,0,0,0.01305204460966535,0.013062118959107773,269
1700788560000,0,0,0,0,0,0,0.013073889716840745,0.013083919523099934,671
1700788620000,0,0,0,0,0,0,0.013078940217391371,0.013089211956521778,368
1700788680000,0,0,0,0,0,0,0.013072739130434722,0.013082999999999992,230
1700788740000,0,0,0,0,0,0,0.013072142857142921,0.013082193877551116,588
1700788800000,0,0,0,0,0,0,0.013069999999999957,0.013079999999999986,200
1700788860000,0,0,0,0,0,0,0.013064444444444349,0.01307447447447446,333
1700788920000,0,0,0,0,0,0,0.013049999999999921,0.013059999999999964,246
1700788980000,0,0,0,0,0,0,0.013047943548387095,0.013058024193548337,248
1700789040000,0,0,0,0,0,0,0.01304106451612906,0.013051064516128934,310
1700789100000,0,0,0,0,0,0,0.013038322580645256,0.013048548387096688,310
1700789160000,0,0,0,0,0,0,0.013042644067796578,0.013052711864406695,295
1700789220000,0,0,0,0,0,0,0.013037573529411808,0.013047573529411764,272
1700789280000,0,0,0,0,0,0,0.013031921708185134,0.013041957295373652,281
1700789340000,0,0,0,0,0,0,0.013036320754717029,0.013046462264150885,212
1700789400000,0,0,0,0,0,0,0.01304835616438347,0.013058561643835561,292
1700789460000,0,0,0,0,0,0,0.013044657534246606,0.013054760273972581,292
1700789520000,0,0,0,0,0,0,0.01303806451612912,0.013048133640552897,434
1700789580000,0,0,0,0,0,0,0.013031263157894789,0.013041263157894752,190
1700789640000,0,0,0,0,0,0,0.013027020202020234,0.013037121212121248,198
1700789700000,0,0,0,0,0,0,0.01302405940594061,0.013034158415841605,101
1700789760000,0,0,0,0,0,0,0.013017025316455719,0.013027088607594979,158
1700789820000,0,0,0,0,0,0,0.01301239999999999,0.013022400000000005,75
1700789880000,0,0,0,0,0,0,0.013009999999999976,0.013020000000000021,159
1700789940000,0,0,0,0,0,0,0.013009999999999975,0.013020000000000023,219
1700790000000,0,0,0,0,0,0,0.013007795698924695,0.013017795698924738,186
1700790060000,0,0,0,0,0,0,0.013003027522935725,0.013013165137614666,218
1700790120000,0,0,0,0,0,0,0.012994957983193242,0.013005378151260455,238
1700790180000,0,0,0,0,0,0,0.012999999999999933,0.013009999999999973,274
1700790240000,0,0,0,0,0,0,0.01299697478991593,0.013007058823529377,238
1700790300000,0,0,0,0,0,0,0.01300092783505149,0.013010979381443275,194
1700790360000,0,0,0,0,0,0,0.013001630434782552,0.01301166666666665,276
1700790420000,0,0,0,0,0,0,0.013000040650406485,0.013010121951219497,246
1700790480000,0,0,0,0,0,0,0.013007946666666626,0.013017973333333422,375
1700790540000,0,0,0,0,0,0,0.01300070967741928,0.013010741935483855,310
1700790600000,0,0,0,0,0,0,0.012996666666666627,0.013006749999999985,120
1700790660000,0,0,0,0,0,0,0.01299769585253449,0.01300774193548383,217
1700790720000,0,0,0,0,0,0,0.012989999999999995,0.01299999999999995,175
1700790780000,0,0,0,0,0,0,0.012998267326732607,0.013008267326732636,202
1700790840000,0,0,0,0,0,0,0.012991443298969061,0.013001443298969028,194
1700790900000,0,0,0,0,0,0,0.012994464285714272,0.013004464285714293,56
1700790960000,0,0,0,0,0,0,0.012991470588235257,0.013001470588235241,238
1700791020000,0,0,0,0,0,0,0.012990000000000003,0.012999999999999954,166
1700791080000,0,0,0,0,0,0,0.012999569377990369,0.013009712918660266,209
1700791140000,0,0,0,0,0,0,0.012999999999999939,0.013009999999999973,237
1700791200000,0,0,0,0,0,0,0.012999999999999947,0.013009999999999975,190
1700791260000,0,0,0,0,0,0,0.013008703703703682,0.013018750000000013,216
1700791320000,0,0,0,0,0,0,0.013018655462184893,0.013028823529411792,119
1700791380000,0,0,0,0,0,0,0.01302,0.013029999999999995,20
1700791440000,0,0,0,0,0,0,0.013012600619195064,0.0130227554179567,323
1700791500000,0,0,0,0,0,0,0.013009595687331503,0.013019649595687416,371
1700791560000,0,0,0,0,0,0,0.01299530337078651,0.013005528089887653,445
1700791620000,0,0,0,0,0,0,0.012980100000000086,0.012990133333333336,300
1700791680000,0,0,0,0,0,0,0.01298241525423735,0.01299254237288132,236
1700791740000,0,0,0,0,0,0,0.012988470948012264,0.012998562691131454,327
1700791800000,0,0,0,0,0,0,0.013003629343629303,0.01301362934362934,259
1700791860000,0,0,0,0,0,0,0.01302321100917437,0.013033302752293616,218
1700791920000,0,0,0,0,0,0,0.013036062992125967,0.01304622047244095,127
1700791980000,0,0,0,0,0,0,0.013039999999999998,0.013050000000000003,39
1700792040000,0,0,0,0,0,0,0.013040000000000017,0.013050000000000004,60
1700792100000,0,0,0,0,0,0,0.013039999999999998,0.013050000000000003,39
1700792160000,0,0,0,0,0,0,0.013052631578947343,0.0130627751196172,209
1700792220000,0,0,0,0,0,0,0.01306,0.01306999999999996,185
1700792280000,0,0,0,0,0,0,0.013060000000000014,0.013069999999999981,121
1700792340000,0,0,0,0,0,0,0.01306,0.013070104166666666,96
1700792400000,0,0,0,0,0,0,0.013067853658536528,0.013077902439024361,205
1700792460000,0,0,0,0,0,0,0.013064496644295256,0.0130744966442953,149
1700792520000,0,0,0,0,0,0,0.013079307359307492,0.013089307359307401,462
1700792580000,0,0,0,0,0,0,0.013080000000000133,0.01309000000000004,464
1700792640000,0,0,0,0,0,0,0.013085952380952396,0.013095976190476153,420
1700792700000,0,0,0,0,0,0,0.013086181818182002,0.01309618181818186,550
1700792760000,0,0,0,0,0,0,0.013081539923954482,0.013091539923954353,526
1700792820000,0,0,0,0,0,0,0.013083517786561262,0.013093557312252998,253
1700792880000,0,0,0,0,0,0,0.013084603174603188,0.013094603174603236,189
