1700725020000,0,0,0,0,0,0,0.05464,0.05465,1
1700725080000,0,0,0,0,0,0,0.054637341772152064,0.05464801687763723,237
1700725140000,0,0,0,0,0,0,0.05459214463840372,0.05460301745635863,401
1700725200000,0,0,0,0,0,0,0.05457560885608848,0.054585977859778784,271
1700725260000,0,0,0,0,0,0,0.054580500000000004,0.05459136363636348,220
1700725320000,0,0,0,0,0,0,0.054555900000000074,0.054566300000000206,200
1700725380000,0,0,0,0,0,0,0.054539569377990094,0.05455038277511955,418
1700725440000,0,0,0,0,0,0,0.05456817391304351,0.05457852173913049,115
1700725500000,0,0,0,0,0,0,0.05452872340425538,0.054538865248226855,141
1700725560000,0,0,0,0,0,0,0.05453114942528728,0.05454134099616855,261
1700725620000,0,0,0,0,0,0,0.05457860946745564,0.05458979289940808,338
1700725680000,0,0,0,0,0,0,0.054647325102880624,0.05465773662551455,243
1700725740000,0,0,0,0,0,0,0.054661139817629184,0.05467889057750768,658
1700725800000,0,0,0,0,0,0,0.0546616009557949,0.05467169653524413,837
1700725860000,0,0,0,0,0,0,0.05468851724137937,0.05469879310344826,580
1700725920000,0,0,0,0,0,0,0.054717512953367346,0.05472827288428249,579
1700725980000,0,0,0,0,0,0,0.05474597765363219,0.054756550279329776,716
1700726040000,0,0,0,0,0,0,0.05471804204993436,0.054728278580814665,761
1700726100000,0,0,0,0,0,0,0.05472108239095258,0.054731373182552036,619
1700726160000,0,0,0,0,0,0,0.054712239858906525,0.05472393298059939,567
1700726220000,0,0,0,0,0,0,0.05473267289719662,0.05474383177570121,535
1700726280000,0,0,0,0,0,0,0.054718666666666686,0.05473019047619042,105
1700726340000,0,0,0,0,0,0,0.05470393258426973,0.05471404494382027,89
1700726400000,0,0,0,0,0,0,0.05472280575539572,0.054733525179856045,139
1700726460000,0,0,0,0,0,0,0.05478766878980937,0.05479867515923586,785
1700726520000,0,0,0,0,0,0,0.054873341463414736,0.0548849024390243,410
1700726580000,0,0,0,0,0,0,0.05484578740157495,0.054856535433071056,254
1700726640000,0,0,0,0,0,0,0.0548004040404041,0.05481131313131312,198
1700726700000,0,0,0,0,0,0,0.054773017751479275,0.05478384615384605,169
1700726760000,0,0,0,0,0,0,0.05477895833333335,0.05479020833333332,288
1700726820000,0,0,0,0,0,0,0.054837118155619695,0.05484847262247831,347
1700726880000,0,0,0,0,0,0,0.05477619469026537,0.05478876106194684,226
1700726940000,0,0,0,0,0,0,0.05475003571428586,0.05476296428571427,280
1700727000000,0,0,0,0,0,0,0.05471561728395063,0.054727037037036935,162
1700727060000,0,0,0,0,0,0,0.054716507177033434,0.05472832535885161,209
1700727120000,0,0,0,0,0,0,0.05478246006389777,0.05479329073482434,313
1700727180000,0,0,0,0,0,0,0.054787009345794495,0.05479733644859815,214
1700727240000,0,0,0,0,0,0,0.054799444444444435,0.05481062091503266,306
1700727300000,0,0,0,0,0,0,0.05478072463768125,0.05479115942028986,138
1700727360000,0,0,0,0,0,0,0.0547603488372095,0.05477058139534887,172
1700727420000,0,0,0,0,0,0,0.054755795454545494,0.054766249999999995,88
1700727480000,0,0,0,0,0,0,0.05473763888888885,0.05474840277777775,144
1700727540000,0,0,0,0,0,0,0.054752411347517745,0.05476283687943264,141
1700727600000,0,0,0,0,0,0,0.054785078125,0.05479523437499997,128
1700727660000,0,0,0,0,0,0,0.05483390710382487,0.054844781420765244,366
1700727720000,0,0,0,0,0,0,0.05483492783505112,0.05484564948453595,485
1700727780000,0,0,0,0,0,0,0.05480069230769248,0.05481120512820512,390
1700727840000,0,0,0,0,0,0,0.05478878378378379,0.05479898648648641,148
1700727900000,0,0,0,0,0,0,0.0547750000000001,0.05478518181818187,110
1700727960000,0,0,0,0,0,0,0.05474574468085101,0.05475624113475179,141
1700728020000,0,0,0,0,0,0,0.054718847926267196,0.054729447004608314,217
1700728080000,0,0,0,0,0,0,0.054754912280701756,0.05476561403508783,114
1700728140000,0,0,0,0,0,0,0.05478204545454552,0.05479261363636365,88
1700728200000,0,0,0,0,0,0,0.054770067567567624,0.05478114864864873,148
1700728260000,0,0,0,0,0,0,0.054736300578034615,0.054747398843930664,173
1700728320000,0,0,0,0,0,0,0.0547275630252101,0.054738235294117685,119
1700728380000,0,0,0,0,0,0,0.05474059405940584,0.05475138613861396,202
1700728440000,0,0,0,0,0,0,0.05479924444444424,0.054810644444444126,450
1700728500000,0,0,0,0,0,0,0.05479031161473072,0.05480090651558085,353
1700728560000,0,0,0,0,0,0,0.05476820987654321,0.0547785185185185,162
1700728620000,0,0,0,0,0,0,0.05479054726368152,0.05480094527363186,201
1700728680000,0,0,0,0,0,0,0.054831787709497155,0.05484290502793299,358
1700728740000,0,0,0,0,0,0,0.05487618768328461,0.0548872434017595,341
1700728800000,0,0,0,0,0,0,0.054881605351170704,0.054893210702341204,299
1700728860000,0,0,0,0,0,0,0.054867961165048496,0.05487854368932039,206
1700728920000,0,0,0,0,0,0,0.05488482352941176,0.054895882352941135,85
1700728980000,0,0,0,0,0,0,0.05489855670103094,0.054910412371133886,194
1700729040000,0,0,0,0,0,0,0.054908898809523515,0.05492095238095204,336
1700729100000,0,0,0,0,0,0,0.054913319999999884,0.05492451999999992,250
1700729160000,0,0,0,0,0,0,0.05489103825136627,0.05490286885245892,366
1700729220000,0,0,0,0,0,0,0.054888928571428595,0.054899438775510234,196
1700729280000,0,0,0,0,0,0,0.05487395833333341,0.05488447916666661,96
1700729340000,0,0,0,0,0,0,0.05492422480620161,0.05493558139534873,258
1700729400000,0,0,0,0,0,0,0.054893220858895767,0.05490368098159514,326
1700729460000,0,0,0,0,0,0,0.054857610619469,0.05486845132743356,226
1700729520000,0,0,0,0,0,0,0.05489819923371632,0.054909118773946386,261
1700729580000,0,0,0,0,0,0,0.05492366255144025,0.054935596707818765,243
1700729640000,0,0,0,0,0,0,0.054933438735177836,0.05494486166007908,253
1700729700000,0,0,0,0,0,0,0.05495722222222224,0.05496824074074072,108
1700729760000,0,0,0,0,0,0,0.055005093833780216,0.055015951742627495,373
1700729820000,0,0,0,0,0,0,0.05505250871080124,0.05506334494773537,287
1700729880000,0,0,0,0,0,0,0.05507155487804894,0.055082256097561,328
1700729940000,0,0,0,0,0,0,0.055074383561643875,0.055084794520547854,219
1700730000000,0,0,0,0,0,0,0.055087848101265796,0.05509869198312255,237
1700730060000,0,0,0,0,0,0,0.05511114649681553,0.055121751592356764,314
1700730120000,0,0,0,0,0,0,0.05507369369369384,0.05508426426426434,333
1700730180000,0,0,0,0,0,0,0.055059156626506005,0.05507080321285115,249
1700730240000,0,0,0,0,0,0,0.05506489082969429,0.05507633187772941,229
1700730300000,0,0,0,0,0,0,0.055014482758620635,0.055025862068965425,203
1700730360000,0,0,0,0,0,0,0.05499724137931042,0.055007701149425235,261
1700730420000,0,0,0,0,0,0,0.05501543568464735,0.05502688796680515,241
1700730480000,0,0,0,0,0,0,0.05499431578947375,0.05500684210526331,285
1700730540000,0,0,0,0,0,0,0.05504314136125656,0.055054345549738114,191
1700730600000,0,0,0,0,0,0,0.05501536290322579,0.05502677419354844,248
1700730660000,0,0,0,0,0,0,0.05502072222222236,0.055031833333333384,180
1700730720000,0,0,0,0,0,0,0.05502351955307264,0.05503458100558654,179
1700730780000,0,0,0,0,0,0,0.05500374100719429,0.05501453237410083,139
1700730840000,0,0,0,0,0,0,0.05502350000000004,0.055034437499999936,160
1700730900000,0,0,0,0,0,0,0.05506402234636871,0.055075195530726255,179
1700730960000,0,0,0,0,0,0,0.055089672619047715,0.05510065476190486,336
1700731020000,0,0,0,0,0,0,0.05506929752066119,0.05508140495867772,242
1700731080000,0,0,0,0,0,0,0.05500977099236635,0.05502061068702295,131
1700731140000,0,0,0,0,0,0,0.05503119170984448,0.05504248704663208,193
1700731200000,0,0,0,0,0,0,0.05503943661971832,0.055051220657276946,213
1700731260000,0,0,0,0,0,0,0.05504566037735852,0.05505650943396227,106
1700731320000,0,0,0,0,0,0,0.05503534562211978,0.055046820276497585,217
1700731380000,0,0,0,0,0,0,0.055034285714285675,0.05504500000000008,98
1700731440000,0,0,0,0,0,0,0.05501244444444434,0.0550231111111111,135
1700731500000,0,0,0,0,0,0,0.05499303370786518,0.05500382022471918,89
1700731560000,0,0,0,0,0,0,0.05495506493506498,0.054967987012987,154
1700731620000,0,0,0,0,0,0,0.054932514619882994,0.054943040935672545,171
1700731680000,0,0,0,0,0,0,0.05499021052631572,0.05500110526315785,190
1700731740000,0,0,0,0,0,0,0.05499572580645156,0.0550071774193548,124
1700731800000,0,0,0,0,0,0,0.05496120689655165,0.054973448275862216,232
1700731860000,0,0,0,0,0,0,0.0549961509433962,0.05500743396226416,265
1700731920000,0,0,0,0,0,0,0.05499310077519385,0.05500472868217054,129
1700731980000,0,0,0,0,0,0,0.05498005141388186,0.05499159383033408,389
1700732040000,0,0,0,0,0,0,0.0549760191082802,0.054987133757961874,314
1700732100000,0,0,0,0,0,0,0.055042537313432796,0.05505335820895519,134
1700732160000,0,0,0,0,0,0,0.05506525423728818,0.05507593220338984,118
1700732220000,0,0,0,0,0,0,0.055116928571428574,0.055128714285714225,140
1700732280000,0,0,0,0,0,0,0.05514075342465752,0.055151438356164366,146
1700732340000,0,0,0,0,0,0,0.05514257575757573,0.05515325757575757,132
1700732400000,0,0,0,0,0,0,0.055110555555555725,0.05512247474747485,198
1700732460000,0,0,0,0,0,0,0.055096432432432466,0.05511021621621621,185
1700732520000,0,0,0,0,0,0,0.05511202797202805,0.055123076923076886,143
1700732580000,0,0,0,0,0,0,0.055102666666666654,0.05511346666666668,75
1700732640000,0,0,0,0,0,0,0.05515479452054798,0.055166369863013626,146
1700732700000,0,0,0,0,0,0,0.05521138888888904,0.055222166666666746,180
1700732760000,0,0,0,0,0,0,0.05523263345195711,0.05524644128113863,562
1700732820000,0,0,0,0,0,0,0.055224945652173944,0.05523619565217379,184
1700732880000,0,0,0,0,0,0,0.055211250000000114,0.055221874999999906,112
1700732940000,0,0,0,0,0,0,0.055226634615384795,0.055238125000000124,208
1700733000000,0,0,0,0,0,0,0.05522470149253737,0.055236119402985076,134
1700733060000,0,0,0,0,0,0,0.055228384615384665,0.05523884615384616,130
1700733120000,0,0,0,0,0,0,0.05522668122270746,0.055237729257641754,229
1700733180000,0,0,0,0,0,0,0.05528722797927477,0.05530000000000001,386
1700733240000,0,0,0,0,0,0,0.0553430666666668,0.05535686666666662,150
1700733300000,0,0,0,0,0,0,0.05536822429906548,0.055379190031152485,321
1700733360000,0,0,0,0,0,0,0.05541374429223744,0.055424794520547944,438
1700733420000,0,0,0,0,0,0,0.055459523809524014,0.05547025062656665,399
1700733480000,0,0,0,0,0,0,0.05543620129870156,0.05544720779220787,308
1700733540000,0,0,0,0,0,0,0.0554499479166671,0.05546085937500012,384
1700733600000,0,0,0,0,0,0,0.055426256410256294,0.05543802564102613,390
1700733660000,0,0,0,0,0,0,0.0554385992217901,0.05545031128404684,257
1700733720000,0,0,0,0,0,0,0.0553480382775117,0.055361076555023626,418
1700733780000,0,0,0,0,0,0,0.05526266990291267,0.05527410194174782,412
1700733840000,0,0,0,0,0,0,0.05524291208791223,0.05525541208791203,364
1700733900000,0,0,0,0,0,0,0.05522114999999994,0.05523180000000018,200
1700733960000,0,0,0,0,0,0,0.055202706185566844,0.055213041237113146,388
1700734020000,0,0,0,0,0,0,0.05520455390334554,0.055215353159851106,538
1700734080000,0,0,0,0,0,0,0.05519263291139214,0.05520399999999969,395
1700734140000,0,0,0,0,0,0,0.055221593625498035,0.05523320717131478,502
1700734200000,0,0,0,0,0,0,0.05518862637362638,0.05519947802197775,364
1700734260000,0,0,0,0,0,0,0.05517801526717561,0.05518852417302799,393
1700734320000,0,0,0,0,0,0,0.05515374517374511,0.05516656370656391,259
1700734380000,0,0,0,0,0,0,0.055145502645502706,0.05515656084656097,189
1700734440000,0,0,0,0,0,0,0.055167689243027944,0.05517828685258981,251
1700734500000,0,0,0,0,0,0,0.055153292383292724,0.055163808353808706,407
1700734560000,0,0,0,0,0,0,0.05510119999999992,0.05511145185185148,675
1700734620000,0,0,0,0,0,0,0.0550522997416023,0.055064108527132054,387
1700734680000,0,0,0,0,0,0,0.0550724,0.05508414545454558,275
1700734740000,0,0,0,0,0,0,0.05514148809523797,0.05515238095238101,336
1700734800000,0,0,0,0,0,0,0.05508813725490186,0.055100784313725434,510
1700734860000,0,0,0,0,0,0,0.05507439374185124,0.0550876792698828,767
1700734920000,0,0,0,0,0,0,0.05511783832879192,0.05513417801998155,1101
1700734980000,0,0,0,0,0,0,0.05511345714285732,0.05512937142857158,350
1700735040000,0,0,0,0,0,0,0.05511375494071159,0.05512474308300404,253
1700735100000,0,0,0,0,0,0,0.055062967479674714,0.05507475609756088,246
1700735160000,0,0,0,0,0,0,0.05500402985074638,0.05501567164179104,268
1700735220000,0,0,0,0,0,0,0.05502593406593416,0.05503653846153847,182
1700735280000,0,0,0,0,0,0,0.055059815950920195,0.05507018404907989,163
1700735340000,0,0,0,0,0,0,0.05505038235294128,0.055063735294117656,340
1700735400000,0,0,0,0,0,0,0.055076914893617046,0.055089042553191414,188
1700735460000,0,0,0,0,0,0,0.055089111111111144,0.05509970370370377,135
1700735520000,0,0,0,0,0,0,0.05509752941176467,0.055108058823529406,170
1700735580000,0,0,0,0,0,0,0.05510169082125607,0.0551131400966183,207
1700735640000,0,0,0,0,0,0,0.05506014018691582,0.05507247663551389,214
1700735700000,0,0,0,0,0,0,0.05501690721649496,0.05502907216494849,194
1700735760000,0,0,0,0,0,0,0.054958983516483484,0.05496994505494483,364
1700735820000,0,0,0,0,0,0,0.05487635658914727,0.054888682170542644,516
1700735880000,0,0,0,0,0,0,0.054927509578543955,0.05493892720306517,261
1700735940000,0,0,0,0,0,0,0.054904402035623474,0.05492017811704835,393
1700736000000,0,0,0,0,0,0,0.05484737704918035,0.05485808743169398,183
1700736060000,0,0,0,0,0,0,0.05486340163934433,0.05487688524590164,244
1700736120000,0,0,0,0,0,0,0.0548684642857141,0.054879321428571555,280
1700736180000,0,0,0,0,0,0,0.054868682170542624,0.05487934108527125,258
1700736240000,0,1,0,103.0,103.0,1,0.05478779310344803,0.05479831034482759,290
1700736300000,0,0,0,0,0,0,0.0547802953586497,0.054791265822784874,237
1700736360000,0,0,0,0,0,0,0.054750033388981524,0.054761202003339324,599
1700736420000,0,1,0,18179.0,18179.0,1,0.054707912457912525,0.054718181818181735,297
1700736480000,0,0,0,0,0,0,0.05472013761467888,0.05473224770642215,218
1700736540000,0,0,0,0,0,0,0.054779828571428595,0.054794999999999976,350
1700736600000,0,0,0,0,0,0,0.05477613772455109,0.05478655688622754,334
1700736660000,0,0,0,0,0,0,0.054749384236453175,0.054759901477832225,406
1700736720000,0,0,0,0,0,0,0.05470775735294112,0.05471867647058825,272
1700736780000,0,0,0,0,0,0,0.054625145888594115,0.05463801061007943,377
1700736840000,0,0,0,0,0,0,0.054622874493927116,0.054636032388664026,247
1700736900000,0,0,0,0,0,0,0.05467602209944758,0.054688674033149316,181
1700736960000,0,0,0,0,0,0,0.05467011655011636,0.054681095571095524,429
1700737020000,0,0,0,0,0,0,0.05464072289156619,0.05465160642570278,249
1700737080000,0,0,0,0,0,0,0.05460798534798542,0.054619304029304004,273
1700737140000,0,0,0,0,0,0,0.05465787878787871,0.054669595959595974,198
1700737200000,0,0,0,0,0,0,0.05463012987012987,0.05464298701298697,154
1700737260000,0,0,0,0,0,0,0.05462042596348881,0.05463281947261635,493
1700737320000,0,0,0,0,0,0,0.05460000000000003,0.05461097777777792,225
1700737380000,0,0,0,0,0,0,0.05456146938775539,0.054572244897959275,245
1700737440000,0,1,0,822.0,822.0,1,0.05452158890290006,0.05453190416141256,793
1700737500000,0,0,0,0,0,0,0.05453449999999994,0.05454499999999982,480
1700737560000,0,0,0,0,0,0,0.054582380952381035,0.054592939244663595,609
1700737620000,0,0,0,0,0,0,0.05450620253164571,0.054517468354430484,395
1700737680000,0,0,0,0,0,0,0.054544916864608044,0.05455679334916856,421
1700737740000,0,0,0,0,0,0,0.054524967741935444,0.05453919354838708,310
1700737800000,0,0,0,0,0,0,0.05449482876712336,0.05450547945205477,292
1700737860000,0,0,0,0,0,0,0.05445938574938577,0.05447142506142492,407
1700737920000,0,0,0,0,0,0,0.05441189944134104,0.054422206703910736,358
1700737980000,0,0,0,0,0,0,0.05438451827242516,0.05439481727574723,301
1700738040000,0,2,0,4698.0,4698.0,2,0.05417355085244023,0.05418946502057638,1701
1700738100000,0,1,0,368.0,368.0,1,0.05409015985790427,0.054102415630550724,1126
1700738160000,0,0,0,0,0,0,0.05418500000000046,0.05419658567774933,782
1700738220000,0,0,0,0,0,0,0.054163273942093415,0.05417544543429847,898
1700738280000,0,0,0,0,0,0,0.05411208383233512,0.05412518562874239,835
1700738340000,0,0,0,0,0,0,0.05415081081081052,0.054162243243243015,370
1700738400000,0,0,0,0,0,0,0.0542292209302324,0.054245174418604665,860
1700738460000,0,0,0,0,0,0,0.054283039215686425,0.05429529411764722,408
1700738520000,0,0,0,0,0,0,0.05431520000000025,0.05432885454545476,550
1700738580000,0,1,0,891.0,891.0,1,0.054094707668944544,0.05411023538344748,1317
1700738640000,0,0,0,0,0,0,0.054190962463907436,0.054203541867180356,1039
1700738700000,0,0,0,0,0,0,0.05406312563840637,0.05407864147088835,979
1700738760000,0,0,0,0,0,0,0.05410241712707154,0.05411392265193307,724
1700738820000,0,0,0,0,0,0,0.0541657142857143,0.0541779710144928,483
1700738880000,0,0,0,0,0,0,0.05415366507177009,0.054164392344498255,1045
1700738940000,0,0,0,0,0,0,0.05423850649350645,0.05425095238095229,462
1700739000000,0,0,0,0,0,0,0.05426609958506218,0.054280152143845094,723
1700739060000,0,0,0,0,0,0,0.054313013493253445,0.05432449775112469,667
1700739120000,0,0,0,0,0,0,0.05435436781609173,0.054365678160919244,435
1700739180000,0,0,0,0,0,0,0.05439151724137957,0.054402597701149476,435
1700739240000,0,0,0,0,0,0,0.054396378600823116,0.05440703703703688,243
1700739300000,0,0,0,0,0,0,0.05437639269406398,0.05438739726027392,219
1700739360000,0,0,0,0,0,0,0.05440695095948839,0.05441780383795316,469
1700739420000,0,0,0,0,0,0,0.054439501992031396,0.05445025896414288,502
1700739480000,0,0,0,0,0,0,0.0544549523809518,0.05446531746031758,630
1700739540000,0,0,0,0,0,0,0.054475770925110016,0.05448669603524261,227
1700739600000,0,0,0,0,0,0,0.054480992647058975,0.054491305147059126,544
1700739660000,0,0,0,0,0,0,0.05443848797250863,0.05444951890034343,291
1700739720000,0,0,0,0,0,0,0.0544472469635626,0.05445858299595137,247
1700739780000,0,0,0,0,0,0,0.05446948717948663,0.054480139860140386,429
1700739840000,0,0,0,0,0,0,0.05447487644151639,0.05448548599670551,607
1700739900000,0,0,0,0,0,0,0.05442346590909104,0.05443437499999999,176
1700739960000,0,0,0,0,0,0,0.05439522222222188,0.05440575555555554,450
1700740020000,0,0,0,0,0,0,0.054404104046242775,0.05441479768786118,173
1700740080000,0,0,0,0,0,0,0.05439623529411767,0.054407294117647095,255
1700740140000,0,0,0,0,0,0,0.054259209486165874,0.054271126482213286,506
1700740200000,0,0,0,0,0,0,0.05424712209302324,0.05425982558139515,344
1700740260000,0,0,0,0,0,0,0.05426417391304354,0.05427500000000002,230
1700740320000,0,0,0,0,0,0,0.054224215116278895,0.05423776162790718,344
1700740380000,0,0,0,0,0,0,0.05415483333333334,0.05416599999999986,180
1700740440000,0,0,0,0,0,0,0.05417010084033597,0.05418247058823543,595
1700740500000,0,0,0,0,0,0,0.0541391830065359,0.05415022875817011,306
1700740560000,0,0,0,0,0,0,0.05416985337243391,0.054180293255131844,341
1700740620000,0,0,0,0,0,0,0.05420067226890753,0.05421235294117663,119
1700740680000,0,0,0,0,0,0,0.054248121212121275,0.05425860606060605,165
1700740740000,0,0,0,0,0,0,0.0542380180180181,0.05424936936936937,222
1700740800000,0,0,0,0,0,0,0.054256730769230876,0.054268605769230725,208
1700740860000,0,0,0,0,0,0,0.054200877697841696,0.05421161151079156,695
1700740920000,0,0,0,0,0,0,0.05413862190812691,0.054149416961130424,566
1700740980000,0,0,0,0,0,0,0.05414683417085423,0.054158216080402236,398
1700741040000,0,0,0,0,0,0,0.05418731092437019,0.05419775210084065,476
1700741100000,0,0,0,0,0,0,0.05422166320166348,0.05423216216216242,481
1700741160000,0,0,0,0,0,0,0.05421466836734705,0.05422538265306116,392
1700741220000,0,0,0,0,0,0,0.05428311403508829,0.05429353070175473,456
1700741280000,0,0,0,0,0,0,0.05435668874172137,0.05436729801324472,755
1700741340000,0,0,0,0,0,0,0.05440654088050307,0.05441798742138361,159
1700741400000,0,0,0,0,0,0,0.054366273291925386,0.054377919254658263,322
1700741460000,0,0,0,0,0,0,0.05433200000000022,0.05434348514851492,505
1700741520000,0,0,0,0,0,0,0.05437227368421089,0.054384315789473905,475
1700741580000,0,0,0,0,0,0,0.054365244755244777,0.05437790209790217,286
1700741640000,0,0,0,0,0,0,0.05439129629629641,0.05440333333333331,216
1700741700000,0,0,0,0,0,0,0.05445035019455255,0.05446272373540858,257
1700741760000,0,0,0,0,0,0,0.0544050139275765,0.05441690807799443,359
1700741820000,0,0,0,0,0,0,0.05434355555555554,0.05435477777777775,90
1700741880000,0,0,0,0,0,0,0.054378229166666514,0.054390312499999836,384
1700741940000,0,0,0,0,0,0,0.054373281733746164,0.05438492260061925,323
1700742000000,0,0,0,0,0,0,0.05439307936507923,0.054403682539682634,315
1700742060000,0,0,0,0,0,0,0.05443634844868725,0.05444801909307837,419
1700742120000,0,0,0,0,0,0,0.054483533834586456,0.05449578947368438,266
1700742180000,0,0,0,0,0,0,0.05447827715355802,0.05448913857677897,267
1700742240000,0,0,0,0,0,0,0.0544168907563024,0.054428711484593946,357
1700742300000,0,0,0,0,0,0,0.05439473895582309,0.05440614457831333,249
1700742360000,0,0,0,0,0,0,0.05440250000000002,0.054413935643564504,404
1700742420000,0,0,0,0,0,0,0.05439839195979914,0.0544100502512564,199
1700742480000,0,0,0,0,0,0,0.05445676113360335,0.05446728744939267,247
1700742540000,0,0,0,0,0,0,0.05442678861788625,0.0544403658536585,246
1700742600000,0,0,0,0,0,0,0.05444173913043477,0.054452222222222346,207
1700742660000,0,0,0,0,0,0,0.05432572744014776,0.05433701657458603,543
1700742720000,0,0,0,0,0,0,0.054298135245902227,0.05430934426229543,488
1700742780000,0,0,0,0,0,0,0.054277215189873336,0.05428949367088609,632
1700742840000,0,0,0,0,0,0,0.054297264492753204,0.054308677536232135,552
1700742900000,0,0,0,0,0,0,0.054265531496062704,0.05427700787401569,508
1700742960000,0,0,0,0,0,0,0.05423606382978725,0.05424659574468084,282
1700743020000,0,0,0,0,0,0,0.054161802884615425,0.05417396634615367,416
1700743080000,0,0,0,0,0,0,0.054202582582582835,0.054213723723723864,333
1700743140000,0,0,0,0,0,0,0.05421967654986545,0.05423118598382776,371
1700743200000,0,0,0,0,0,0,0.054240827586207054,0.05425409195402324,435
1700743260000,0,0,0,0,0,0,0.0542366573033708,0.054248202247191214,356
1700743320000,0,0,0,0,0,0,0.05416721413721419,0.05417902286902287,481
1700743380000,0,0,0,0,0,0,0.054208555858310796,0.05421986376021827,367
1700743440000,0,0,0,0,0,0,0.05420718750000011,0.05421864583333336,288
1700743500000,0,0,0,0,0,0,0.054212999999999956,0.05422505555555574,180
1700743560000,0,0,0,0,0,0,0.05415992038216556,0.05417213375796151,628
1700743620000,0,0,0,0,0,0,0.05414262467191606,0.054154514435695474,381
1700743680000,0,0,0,0,0,0,0.05417668674698809,0.05418743975903618,332
1700743740000,0,0,0,0,0,0,0.05415137535816626,0.054162521489971555,349
1700743800000,0,0,0,0,0,0,0.054142039999999926,0.054153239999999936,250
1700743860000,0,0,0,0,0,0,0.05410255131964803,0.054114692082111275,341
1700743920000,0,0,0,0,0,0,0.05403628318584073,0.054048790560472126,339
1700743980000,0,0,0,0,0,0,0.05400103053435112,0.05401183206106871,262
1700744040000,0,0,0,0,0,0,0.05396698581560288,0.05397769503546088,282
1700744100000,0,0,0,0,0,0,0.053969909090908964,0.05398009090909071,220
1700744160000,0,0,0,0,0,0,0.05396766336633634,0.05397954455445508,505
1700744220000,0,0,0,0,0,0,0.053923646209386104,0.053935631768953114,277
1700744280000,0,0,0,0,0,0,0.05395785714285713,0.05396875939849625,266
1700744340000,0,0,0,0,0,0,0.053948387096774346,0.05396051075268842,372
1700744400000,0,0,0,0,0,0,0.053963663793103356,0.053974137931034616,232
1700744460000,0,0,0,0,0,0,0.05394293291731682,0.053954524180967176,641
1700744520000,0,0,0,0,0,0,0.05398986767485845,0.054001020793951075,529
1700744580000,0,0,0,0,0,0,0.05407034666666672,0.054083653333333245,375
1700744640000,0,0,0,0,0,0,0.05401367205542696,0.05402702078521945,433
1700744700000,0,0,0,0,0,0,0.054007115384615154,0.05401745192307695,208
1700744760000,0,0,0,0,0,0,0.054103263525305714,0.054113891797556775,573
1700744820000,0,0,0,0,0,0,0.0540910591900311,0.05410171339563851,321
1700744880000,0,0,0,0,0,0,0.05405526041666667,0.05406640624999998,192
1700744940000,0,0,0,0,0,0,0.05408366336633668,0.05409435643564343,202
1700745000000,0,0,0,0,0,0,0.054065645933014335,0.05407741626794266,209
1700745060000,0,0,0,0,0,0,0.054069292929292856,0.05408013468013469,297
1700745120000,0,0,0,0,0,0,0.054155925925925885,0.05416757575757569,297
1700745180000,0,0,0,0,0,0,0.05416497206703907,0.05417670391061458,179
1700745240000,0,0,0,0,0,0,0.05416320388349522,0.05417339805825246,103
1700745300000,0,0,0,0,0,0,0.05418293838862557,0.05419393364928902,211
1700745360000,0,0,0,0,0,0,0.05418861538461534,0.054199507692307664,325
1700745420000,0,0,0,0,0,0,0.05418757425742563,0.05419846534653491,202
1700745480000,0,0,0,0,0,0,0.054175260663507176,0.05418658767772508,211
1700745540000,0,0,0,0,0,0,0.05418565972222219,0.05419878472222215,288
1700745600000,0,0,0,0,0,0,0.05415186746987958,0.05416271084337351,166
1700745660000,0,0,0,0,0,0,0.054179431279620806,0.05419009478672995,211
1700745720000,0,0,0,0,0,0,0.05423275675675679,0.05424399999999995,185
1700745780000,0,0,0,0,0,0,0.05422654054054057,0.054238324324324357,185
1700745840000,0,0,0,0,0,0,0.054236889952153214,0.05424736842105264,209
1700745900000,0,0,0,0,0,0,0.05424097087378652,0.054252378640776755,206
1700745960000,0,0,0,0,0,0,0.05422145228215781,0.05423190871369301,241
1700746020000,0,0,0,0,0,0,0.05423499999999993,0.0542455357142858,112
1700746080000,0,0,0,0,0,0,0.05423453987730065,0.05424509202454003,163
1700746140000,0,0,0,0,0,0,0.054191479820627754,0.05420349775784752,223
1700746200000,0,0,0,0,0,0,0.05423302521008418,0.054244075630252075,238
1700746260000,0,0,0,0,0,0,0.0542368224299066,0.05424780373831763,214
1700746320000,0,0,0,0,0,0,0.05418803030303046,0.054198863636363614,264
1700746380000,0,0,0,0,0,0,0.054151914893617155,0.05416250000000015,188
1700746440000,0,0,0,0,0,0,0.0541945739910316,0.05420502242152473,223
1700746500000,0,0,0,0,0,0,0.0542177941176472,0.05422892156862751,204
1700746560000,0,0,0,0,0,0,0.05419275423728825,0.05420377118644062,236
1700746620000,0,0,0,0,0,0,0.05417112903225799,0.054181935483871,124
1700746680000,0,0,0,0,0,0,0.054163154362416116,0.05417382550335568,149
1700746740000,0,0,0,0,0,0,0.054206024096385495,0.05421837349397605,166
1700746800000,0,0,0,0,0,0,0.05419574712643688,0.05420620689655165,87
1700746860000,0,0,0,0,0,0,0.054133881987577674,0.05414555900621122,322
1700746920000,0,0,0,0,0,0,0.05413036723163866,0.05414149717514149,354
1700746980000,0,0,0,0,0,0,0.054124421768707534,0.05413506802721086,294
1700747040000,0,0,0,0,0,0,0.054136793478260815,0.05414739130434793,184
1700747100000,0,0,0,0,0,0,0.05408575757575762,0.05409636363636366,99
1700747160000,0,0,0,0,0,0,0.05410191374663094,0.054113530997304544,371
1700747220000,0,0,0,0,0,0,0.05406656140350868,0.05407740350877201,285
1700747280000,0,0,0,0,0,0,0.05404226666666664,0.05405393333333327,150
1700747340000,0,0,0,0,0,0,0.053959732824427495,0.053972213740457985,524
1700747400000,0,1,0,2187.0,2187.0,1,0.05392162576687113,0.05393322085889545,326
1700747460000,0,0,0,0,0,0,0.05398022670025189,0.05399110831234247,397
1700747520000,0,0,0,0,0,0,0.053886276849642055,0.05389813842482087,419
1700747580000,0,0,0,0,0,0,0.05390776699029106,0.053919572815534,515
1700747640000,0,0,0,0,0,0,0.05388937373737333,0.053900505050504775,495
1700747700000,0,0,0,0,0,0,0.053936926070038964,0.05394774319066145,257
1700747760000,0,0,0,0,0,0,0.05395554585152839,0.05396742358078612,458
1700747820000,0,0,0,0,0,0,0.053948081180812006,0.05395933579335813,271
1700747880000,0,0,0,0,0,0,0.053924779874213825,0.0539355345911949,159
1700747940000,0,0,0,0,0,0,0.05395807560137448,0.05396855670103086,291
1700748000000,0,0,0,0,0,0,0.053955333333333466,0.053966727272727326,165
1700748060000,0,0,0,0,0,0,0.05390224444444457,0.053913622222222325,450
1700748120000,0,0,0,0,0,0,0.05396111627906975,0.0539719767441862,430
1700748180000,0,0,0,0,0,0,0.05405955017301033,0.05406986159169554,289
1700748240000,0,0,0,0,0,0,0.05411382133995011,0.05412498759305166,403
1700748300000,0,0,0,0,0,0,0.0541317218543046,0.054143311258277954,302
1700748360000,0,0,0,0,0,0,0.054149410029498475,0.0541611209439526,339
1700748420000,0,0,0,0,0,0,0.05417846534653462,0.05418886138613861,202
1700748480000,0,0,0,0,0,0,0.05420945736434107,0.05422031007751938,129
1700748540000,0,0,0,0,0,0,0.05423280991735541,0.05424380165289266,121
1700748600000,0,0,0,0,0,0,0.05417215946843846,0.05418342192691018,301
1700748660000,0,0,0,0,0,0,0.05408668122270744,0.054097030567685916,229
1700748720000,0,0,0,0,0,0,0.054095999999999936,0.05410679245283025,265
1700748780000,0,0,0,0,0,0,0.05415415525114142,0.054165342465753524,219
1700748840000,0,0,0,0,0,0,0.05416524096385541,0.05417596385542161,166
1700748900000,0,0,0,0,0,0,0.05417622047244087,0.0541870078740158,127
1700748960000,0,0,0,0,0,0,0.054157846153846174,0.054168653846153846,260
1700749020000,0,0,0,0,0,0,0.05416041474654388,0.05417152073732724,217
1700749080000,0,0,0,0,0,0,0.05422806779661025,0.05423888135593206,295
1700749140000,0,0,0,0,0,0,0.054221800947867466,0.05423298578199066,211
1700749200000,0,0,0,0,0,0,0.05416142076502741,0.05417213114754102,183
1700749260000,0,0,0,0,0,0,0.054128557919621414,0.05413914893616999,423
1700749320000,0,0,0,0,0,0,0.0539715588235293,0.05398426470588234,340
1700749380000,0,0,0,0,0,0,0.053989756097560904,0.054003739837398174,369
1700749440000,0,0,0,0,0,0,0.05397752969121132,0.05398888361045119,421
1700749500000,0,0,0,0,0,0,0.05398939866369703,0.054000289532293674,449
1700749560000,0,0,0,0,0,0,0.053974098360655816,0.05398478688524589,305
1700749620000,0,0,0,0,0,0,0.05397615094339619,0.0539869811320755,265
1700749680000,0,0,0,0,0,0,0.05401648854961843,0.054027290076335756,262
1700749740000,0,0,0,0,0,0,0.05401072847682128,0.05402218543046357,151
1700749800000,0,0,0,0,0,0,0.05394693989071045,0.053958360655737746,183
1700749860000,0,0,0,0,0,0,0.05399956632653055,0.05401112244897985,392
1700749920000,0,0,0,0,0,0,0.053949736842105286,0.053960625,304
1700749980000,0,0,0,0,0,0,0.053950375939849596,0.05396304511278198,266
1700750040000,0,0,0,0,0,0,0.05395315363881408,0.05396619946091631,371
1700750100000,0,0,0,0,0,0,0.0540030677290836,0.05401509960159347,251
1700750160000,0,0,0,0,0,0,0.054010487804878174,0.05402166666666664,246
1700750220000,0,0,0,0,0,0,0.05397416666666658,0.05398470238095246,168
1700750280000,0,0,0,0,0,0,0.054005590551181024,0.05401625984251968,254
1700750340000,0,0,0,0,0,0,0.05406459854014602,0.05407554744525546,137
1700750400000,0,0,0,0,0,0,0.0540724299065421,0.054083317757009426,214
1700750460000,0,0,0,0,0,0,0.0540178908188583,0.054028486352357,403
1700750520000,0,0,0,0,0,0,0.05396222222222222,0.0539734444444444,90
1700750580000,0,0,0,0,0,0,0.05392661904761889,0.05393704761904758,210
1700750640000,0,0,0,0,0,0,0.05395112033195012,0.05396174273858922,241
1700750700000,0,0,0,0,0,0,0.053929863013698724,0.053940821917808114,73
1700750760000,0,0,0,0,0,0,0.05386545012165458,0.053876520681265305,411
1700750820000,0,0,0,0,0,0,0.05390636363636363,0.05391827272727257,330
1700750880000,0,0,0,0,0,0,0.053924555873925556,0.0539358452722063,349
1700750940000,0,0,0,0,0,0,0.0539755492957745,0.05398619718309851,355
1700751000000,0,0,0,0,0,0,0.054013552631578865,0.0540242982456139,228
1700751060000,0,0,0,0,0,0,0.053948545454545534,0.05395923636363636,275
1700751120000,0,1,0,13696.0,13696.0,1,0.053800167130919146,0.053814373259052875,359
1700751180000,0,0,0,0,0,0,0.05368346808510657,0.05369785106382971,470
1700751240000,0,0,0,0,0,0,0.053677241379310306,0.05368819923371629,261
1700751300000,0,0,0,0,0,0,0.05371762376237623,0.05372851485148529,303
1700751360000,0,0,0,0,0,0,0.05374569476082,0.05375706150341687,439
1700751420000,0,0,0,0,0,0,0.05380948717948721,0.05382072649572649,234
1700751480000,0,0,0,0,0,0,0.05378764705882359,0.053798758169934645,153
1700751540000,0,0,0,0,0,0,0.05381269005847958,0.05382403508771926,171
1700751600000,0,0,0,0,0,0,0.053837956204379527,0.05385058394160586,137
1700751660000,0,0,0,0,0,0,0.05379077669902913,0.053801553398058186,103
1700751720000,0,0,0,0,0,0,0.05380570093457934,0.05381635514018675,214
1700751780000,0,0,0,0,0,0,0.05386596566523596,0.05387716738197418,233
1700751840000,0,0,0,0,0,0,0.05384125698324004,0.053852150837988985,358
1700751900000,0,0,0,0,0,0,0.053860405405405445,0.05387135135135133,74
1700751960000,0,0,0,0,0,0,0.05388346153846159,0.05389423076923065,260
1700752020000,0,0,0,0,0,0,0.053931311475409846,0.0539414754098361,122
1700752080000,0,0,0,0,0,0,0.05386289655172413,0.053873586206896515,145
1700752140000,0,0,0,0,0,0,0.05385880952380954,0.053871309523809495,84
1700752200000,0,0,0,0,0,0,0.05381585714285709,0.05382671428571427,70
1700752260000,0,0,0,0,0,0,0.05377942028985515,0.05378985507246368,207
1700752320000,0,0,0,0,0,0,0.05373370731707318,0.05374458536585357,205
1700752380000,0,0,0,0,0,0,0.05366632183908047,0.05367844827586204,174
1700752440000,0,0,0,0,0,0,0.0536128458498024,0.05362521739130451,253
1700752500000,0,0,0,0,0,0,0.05359247933884302,0.053603388429752055,121
1700752560000,0,0,0,0,0,0,0.053628478260869555,0.05363995652173908,230
1700752620000,0,0,0,0,0,0,0.05364279411764704,0.05365357843137264,204
1700752680000,0,0,0,0,0,0,0.05367000000000004,0.053684923076923095,130
1700752740000,0,1,0,3229.0,3229.0,1,0.05357023474178391,0.05358370892018779,213
1700752800000,0,0,0,0,0,0,0.053515626598465406,0.0535275959079282,391
1700752860000,0,0,0,0,0,0,0.053481359223301016,0.05349330097087379,103
1700752920000,0,0,0,0,0,0,0.05333005847953219,0.05334570175438602,342
1700752980000,0,0,0,0,0,0,0.05332311778290973,0.05333556581986107,433
1700753040000,0,0,0,0,0,0,0.05331813648293952,0.053330367454068515,381
1700753100000,0,0,0,0,0,0,0.05335322147651015,0.05336409395973153,298
1700753160000,0,0,0,0,0,0,0.05330650349650353,0.05331794871794896,429
1700753220000,0,1,0,6409.0,6409.0,1,0.05320672055427228,0.05321999999999982,433
1700753280000,0,0,0,0,0,0,0.053198767441860285,0.05321195348837208,430
1700753340000,0,0,0,0,0,0,0.053301610576923106,0.05331237980769228,416
1700753400000,0,0,0,0,0,0,0.05333826086956512,0.053349734299516546,414
1700753460000,0,0,0,0,0,0,0.05328840445269024,0.05329970315398895,539
1700753520000,0,0,0,0,0,0,0.05315938775510208,0.05317230320699701,343
1700753580000,0,0,0,0,0,0,0.053289223057644074,0.053300601503759384,399
1700753640000,0,0,0,0,0,0,0.053412044534412804,0.05342489878542492,494
1700753700000,0,0,0,0,0,0,0.0534912925170068,0.05350408163265319,294
1700753760000,0,0,0,0,0,0,0.05349559498956139,0.05350655532359088,479
1700753820000,0,0,0,0,0,0,0.05356334558823534,0.053574834558823725,544
1700753880000,0,0,0,0,0,0,0.05349730569948172,0.05350826424870462,386
1700753940000,0,0,0,0,0,0,0.05350447552447557,0.05351793706293704,286
1700754000000,0,0,0,0,0,0,0.053430092879256985,0.053442941176470804,323
1700754060000,0,0,0,0,0,0,0.05344851963746231,0.05345993957703938,331
1700754120000,0,0,0,0,0,0,0.05350895522388075,0.05352079601990052,603
1700754180000,0,0,0,0,0,0,0.053536888888888905,0.05354811111111101,180
1700754240000,0,0,0,0,0,0,0.05351444933920698,0.05352590308370044,227
1700754300000,0,0,0,0,0,0,0.053479449541284536,0.053490458715596344,218
1700754360000,0,0,0,0,0,0,0.05345832826747703,0.053469027355622985,329
1700754420000,0,0,0,0,0,0,0.053396836734693934,0.05340840136054415,294
1700754480000,0,0,0,0,0,0,0.053395398773006024,0.05340653374233104,326
1700754540000,0,0,0,0,0,0,0.05337760479041922,0.053388502994011974,167
1700754600000,0,0,0,0,0,0,0.05339459244532804,0.05340695825049683,503
1700754660000,0,0,0,0,0,0,0.05340794212218634,0.05341877813504829,622
1700754720000,0,0,0,0,0,0,0.05334253333333334,0.05335296666666663,300
1700754780000,0,0,0,0,0,0,0.053286312056737575,0.05329702127659567,141
1700754840000,0,0,0,0,0,0,0.05322697247706431,0.05323978593272164,327
1700754900000,0,0,0,0,0,0,0.05321173913043486,0.053223236714975856,207
1700754960000,0,0,0,0,0,0,0.05323708333333355,0.05324952777777793,360
1700755020000,0,0,0,0,0,0,0.05323150793650794,0.053245238095238,504
1700755080000,0,0,0,0,0,0,0.05323315175097279,0.05324451361867707,257
1700755140000,0,0,0,0,0,0,0.053296029411764596,0.05330696078431369,204
1700755200000,0,0,0,0,0,0,0.05330468000000004,0.05331652000000019,250
1700755260000,0,0,0,0,0,0,0.05329227848101256,0.053303987341772364,316
1700755320000,0,0,0,0,0,0,0.05327045977011497,0.05328266666666659,435
1700755380000,0,0,0,0,0,0,0.053408211678832015,0.05342029197080297,274
1700755440000,0,0,0,0,0,0,0.05344607913669053,0.053456798561151105,278
1700755500000,0,0,0,0,0,0,0.05350653923541253,0.05351839034205214,497
1700755560000,0,0,0,0,0,0,0.05352462650602386,0.05353568674698806,415
1700755620000,0,0,0,0,0,0,0.05357393643031765,0.053585305623471594,409
1700755680000,0,0,0,0,0,0,0.05364277566539937,0.05365418250950564,263
1700755740000,1,0,2454.0,0,2454.0,1,0.053708035714285784,0.053720035714285796,280
1700756100000,0,0,0,0,0,0,0.0537,0.05371,1
1700756160000,0,0,0,0,0,0,0.05369999999999998,0.05371000000000001,19
1700756220000,0,0,0,0,0,0,0.053765292207792074,0.05377746753246748,308
1700756280000,0,0,0,0,0,0,0.05377599009900987,0.0537869306930693,202
1700756340000,0,0,0,0,0,0,0.05378492012779542,0.05379565495207678,313
1700756400000,0,0,0,0,0,0,0.05377201298701301,0.05378383116883108,154
1700756460000,0,0,0,0,0,0,0.05374461928934052,0.05375553299492406,394
1700756520000,0,0,0,0,0,0,0.053782792452830325,0.053794075471698156,265
1700756580000,0,0,0,0,0,0,0.05385122950819676,0.05386184426229522,244
1700756640000,0,0,0,0,0,0,0.05391361809045239,0.05392437185929645,199
1700756700000,0,0,0,0,0,0,0.05389964370546336,0.05391045130641325,421
1700756760000,0,0,0,0,0,0,0.053857544378698274,0.05386852071005912,338
1700756820000,0,0,0,0,0,0,0.053822922636103394,0.053833495702005726,349
1700756880000,0,0,0,0,0,0,0.053827760416666676,0.053838229166666474,192
1700756940000,0,0,0,0,0,0,0.05385662420382164,0.05386840764331214,157
1700757000000,0,0,0,0,0,0,0.053875072463768166,0.05388758454106302,207
1700757060000,0,0,0,0,0,0,0.05385766497461972,0.053868502538071295,394
1700757120000,0,0,0,0,0,0,0.05380862162162174,0.05382172972973002,370
1700757180000,0,0,0,0,0,0,0.05377727047146388,0.053788709677419014,403
1700757240000,0,0,0,0,0,0,0.05380789808917204,0.053818917197452236,314
1700757300000,0,0,0,0,0,0,0.053819596412556105,0.05383201793721971,223
1700757360000,0,0,0,0,0,0,0.05377603524229071,0.05378781938325998,454
1700757420000,0,0,0,0,0,0,0.0538235807860261,0.05383449781659386,229
1700757480000,0,0,0,0,0,0,0.05377106382978719,0.05378267477203652,329
1700757540000,0,0,0,0,0,0,0.05369104972375689,0.053701767955801116,181
1700757600000,0,0,0,0,0,0,0.05369850340136047,0.05370972789115648,147
1700757660000,0,0,0,0,0,0,0.05367833992094853,0.053689011857707296,253
1700757720000,0,0,0,0,0,0,0.053644355932203173,0.053655932203389683,590
1700757780000,0,0,0,0,0,0,0.053691839762611084,0.053703264094955676,337
1700757840000,0,0,0,0,0,0,0.05364347368421009,0.0536543578947371,475
1700757900000,0,0,0,0,0,0,0.05358918465227812,0.05360028776978382,417
1700757960000,0,0,0,0,0,0,0.05357115681233954,0.05358213367609275,389
1700758020000,0,0,0,0,0,0,0.053555918367346834,0.05356697278911563,294
1700758080000,0,0,0,0,0,0,0.05367908474576273,0.053690915254237186,590
1700758140000,0,0,0,0,0,0,0.05374558983666082,0.05375758620689666,551
1700758200000,0,0,0,0,0,0,0.05369331877729266,0.0537046288209607,229
1700758260000,0,0,0,0,0,0,0.0536973913043479,0.0537087198067633,414
1700758320000,0,0,0,0,0,0,0.05363618421052627,0.053648552631578944,304
1700758380000,0,0,0,0,0,0,0.05357927312775368,0.05358984581497822,454
1700758440000,0,0,0,0,0,0,0.053588393351800274,0.05359930747922441,361
1700758500000,0,0,0,0,0,0,0.05365065292096225,0.05366326460481097,291
1700758560000,0,0,0,0,0,0,0.053668625429553196,0.05367920962199312,291
1700758620000,0,0,0,0,0,0,0.05365807817589577,0.0536687296416939,307
1700758680000,0,0,0,0,0,0,0.053643736263736516,0.05365478021978038,364
1700758740000,0,0,0,0,0,0,0.053593463687151,0.05360488826815652,358
1700758800000,0,0,0,0,0,0,0.05355806153846146,0.05357067692307693,325
1700758860000,0,0,0,0,0,0,0.05357219834710746,0.053583123966942155,605
1700758920000,0,0,0,0,0,0,0.05360163972286389,0.05361309468822165,433
1700758980000,0,0,0,0,0,0,0.05363684210526307,0.05364747368421062,285
1700759040000,0,0,0,0,0,0,0.0536770056497172,0.053687824858757026,354
1700759100000,0,0,0,0,0,0,0.05369935483870964,0.05370983870967742,186
1700759160000,0,0,0,0,0,0,0.0538030687022902,0.05381424427480971,655
1700759220000,0,0,0,0,0,0,0.053860691823899354,0.05387128930817603,318
1700759280000,0,0,0,0,0,0,0.0538254980842915,0.05383693486590062,522
1700759340000,0,0,0,0,0,0,0.053853576642336205,0.0538658759124089,548
1700759400000,0,0,0,0,0,0,0.0538510288065842,0.053862633744855996,243
1700759460000,0,0,0,0,0,0,0.05382044642857118,0.05383187500000003,336
1700759520000,0,0,0,0,0,0,0.05382443396226411,0.05383603773584911,318
1700759580000,0,0,0,0,0,0,0.05382453846153831,0.05383569230769214,390
1700759640000,0,0,0,0,0,0,0.05390880636604797,0.05391957559681714,377
1700759700000,0,0,0,0,0,0,0.05393929487179489,0.053950192307692345,312
1700759760000,0,0,0,0,0,0,0.05393689567430071,0.053948193384224186,393
1700759820000,0,0,0,0,0,0,0.05392471124620086,0.05393620060790288,329
1700759880000,0,0,0,0,0,0,0.05394867346938785,0.053959047619047545,294
1700759940000,0,0,0,0,0,0,0.05399127371273703,0.054001951219511866,369
1700760000000,0,0,0,0,0,0,0.05399511811023638,0.05400598425196847,254
1700760060000,0,0,0,0,0,0,0.05395514018691613,0.05396641744548293,321
1700760120000,0,0,0,0,0,0,0.053973679775280656,0.05398508426966288,356
1700760180000,0,0,0,0,0,0,0.05399040229885042,0.0540008620689655,174
1700760240000,0,0,0,0,0,0,0.05394877729257649,0.053960043668122175,229
1700760300000,0,0,0,0,0,0,0.053985868055555615,0.053996493055555636,288
1700760360000,0,0,0,0,0,0,0.05401465725806444,0.05402502016129019,496
1700760420000,0,0,0,0,0,0,0.054000540540540494,0.05401127027027018,370
1700760480000,0,0,0,0,0,0,0.053996878980891734,0.054010000000000086,314
1700760540000,0,0,0,0,0,0,0.05395542452830192,0.05396641509433949,212
1700760600000,0,0,0,0,0,0,0.05398128787878783,0.053991969696969566,264
1700760660000,0,0,0,0,0,0,0.05398280487804874,0.053993130081300605,246
1700760720000,0,0,0,0,0,0,0.05392626506024082,0.05393674698795186,249
1700760780000,0,0,0,0,0,0,0.053980506912442425,0.05399142857142882,434
1700760840000,0,0,0,0,0,0,0.05401608910891105,0.05402752475247528,202
1700760900000,0,0,0,0,0,0,0.05401754658385061,0.05402795031055918,322
1700760960000,0,0,0,0,0,0,0.053978269662921304,0.053988584269662805,445
1700761020000,0,0,0,0,0,0,0.0539557894736842,0.053966456140350866,285
1700761080000,0,0,0,0,0,0,0.0539199456521739,0.05393038043478269,184
1700761140000,0,0,0,0,0,0,0.05391320945945941,0.05392418918918926,296
1700761200000,0,0,0,0,0,0,0.05397704318936888,0.05398867109634554,301
1700761260000,0,0,0,0,0,0,0.053945644444444656,0.05395655555555577,450
1700761320000,0,0,0,0,0,0,0.053977500000000074,0.05398779166666668,480
1700761380000,0,0,0,0,0,0,0.05394228947368403,0.05395292105263127,380
1700761440000,0,0,0,0,0,0,0.05387023622047242,0.053880629921259846,127
1700761500000,0,0,0,0,0,0,0.05385808641975305,0.053868518518518635,162
1700761560000,0,0,0,0,0,0,0.05392685937500001,0.05393735937499986,640
1700761620000,0,0,0,0,0,0,0.0539915151515152,0.054002121212121196,231
1700761680000,0,0,0,0,0,0,0.0540051452282156,0.05401556016597482,241
1700761740000,0,0,0,0,0,0,0.05402687500000004,0.05403697916666652,192
1700761800000,0,0,0,0,0,0,0.05402554054054061,0.05403621621621626,148
1700761860000,0,0,0,0,0,0,0.05395483296213827,0.05396518930957719,449
1700761920000,0,0,0,0,0,0,0.05388985815602843,0.05390014184397169,141
1700761980000,0,0,0,0,0,0,0.05389038297872351,0.05390148936170208,235
1700762040000,0,0,0,0,0,0,0.053856963350785214,0.05386727748691109,191
1700762100000,0,0,0,0,0,0,0.053888982456140495,0.0538993333333333,285
1700762160000,0,0,0,0,0,0,0.05387435087719308,0.05388466666666681,285
1700762220000,0,0,0,0,0,0,0.05383227848101255,0.053842753164556834,316
1700762280000,0,0,0,0,0,0,0.05380498039215677,0.053815725490196094,255
1700762340000,0,0,0,0,0,0,0.05385341991342003,0.05386376623376615,231
1700762400000,0,0,0,0,0,0,0.05384602209944757,0.053856795580110466,181
1700762460000,0,0,0,0,0,0,0.05383211991434681,0.053842526766595386,467
1700762520000,0,0,0,0,0,0,0.053850265780730835,0.05386199335548185,301
1700762580000,0,0,0,0,0,0,0.05385851632047477,0.05387169139465868,337
1700762640000,0,0,0,0,0,0,0.05386193452380949,0.05387476190476197,336
1700762700000,0,0,0,0,0,0,0.053912839285714394,0.05392332142857132,560
1700762760000,0,0,0,0,0,0,0.05397981868898166,0.053991087866108727,717
1700762820000,0,0,0,0,0,0,0.0541533206106874,0.05416357506361281,786
1700762880000,0,0,0,0,0,0,0.054227247191011074,0.05423856741573027,712
1700762940000,0,0,0,0,0,0,0.05418829025844915,0.05419890656063584,503
1700763000000,0,0,0,0,0,0,0.05418126361655722,0.05419167755991238,459
1700763060000,0,0,0,0,0,0,0.054205265423242464,0.05421560975609792,697
1700763120000,0,0,0,0,0,0,0.05419373029772309,0.05420472854640968,571
1700763180000,0,0,0,0,0,0,0.05423713250517579,0.05424862318840657,966
1700763240000,0,0,0,0,0,0,0.05424706257982102,0.05425735632183866,783
1700763300000,0,0,0,0,0,0,0.05424583650190091,0.05425608365018962,526
1700763360000,0,0,0,0,0,0,0.05425709677419345,0.0542682133995036,403
1700763420000,0,0,0,0,0,0,0.05426310344827594,0.054274827586206824,203
1700763480000,0,0,0,0,0,0,0.054280182926829144,0.0542920121951218,164
1700763540000,0,0,0,0,0,0,0.05429869281045748,0.05430930283224436,459
1700763600000,0,0,0,0,0,0,0.0542935185185183,0.05430439814814805,216
1700763660000,0,0,0,0,0,0,0.054262263610315165,0.05427346704871058,349
1700763720000,0,0,0,0,0,0,0.054224385964912254,0.05423502923976614,171
1700763780000,0,0,0,0,0,0,0.05420819999999989,0.05421870000000022,200
1700763840000,0,0,0,0,0,0,0.05420664893617021,0.05421840425531927,188
1700763900000,0,0,0,0,0,0,0.05417161616161634,0.05418282828282836,198
1700763960000,0,0,0,0,0,0,0.054190182481751704,0.05420087591240878,274
1700764020000,0,0,0,0,0,0,0.0541251111111111,0.05413537777777768,225
1700764080000,0,0,0,0,0,0,0.05409913793103438,0.05410982758620695,174
1700764140000,0,0,0,0,0,0,0.054123765182186256,0.05413461538461538,247
1700764200000,0,0,0,0,0,0,0.05401440397350972,0.054028178807947046,302
1700764260000,0,0,0,0,0,0,0.05401537974683568,0.054025822784810294,474
1700764320000,0,0,0,0,0,0,0.054023076923076695,0.054033891402714786,221
1700764380000,0,0,0,0,0,0,0.05405518072289138,0.054065518072289244,415
1700764440000,0,0,0,0,0,0,0.05401287878787881,0.05402398989899002,198
1700764500000,0,0,0,0,0,0,0.05401517361111102,0.054027222222222226,288
1700764560000,0,0,0,0,0,0,0.054021666666666836,0.054032124999999945,240
1700764620000,0,0,0,0,0,0,0.05403126984126972,0.05404190476190469,189
1700764680000,0,0,0,0,0,0,0.05401604982206406,0.054026832740213464,281
1700764740000,0,0,0,0,0,0,0.05403386996904036,0.054044117647058826,323
1700764800000,0,0,0,0,0,0,0.054017270114942305,0.05402787356321801,348
1700764860000,0,0,0,0,0,0,0.05396286604361379,0.0539733333333334,321
1700764920000,0,1,0,3240.0,3240.0,1,0.053911081967213226,0.053921803278688514,305
1700764980000,0,0,0,0,0,0,0.05385160839160851,0.053865034965035016,286
1700765040000,0,0,0,0,0,0,0.05384417840375589,0.053855117370891985,213
1700765100000,0,0,0,0,0,0,0.053893534482758604,0.05390517241379298,232
1700765160000,0,0,0,0,0,0,0.05392329365079365,0.05393408730158728,252
1700765220000,0,0,0,0,0,0,0.05393494252873568,0.053945517241379234,174
1700765280000,0,0,0,0,0,0,0.0539596335078533,0.05397083769633493,191
1700765340000,0,0,0,0,0,0,0.05398408536585367,0.05399481707317071,164
1700765400000,0,0,0,0,0,0,0.05404342465753413,0.054054566210045764,219
1700765460000,0,0,0,0,0,0,0.054015155555555694,0.05402582222222221,225
1700765520000,0,0,0,0,0,0,0.053998945578231324,0.054012721088435314,294
1700765580000,0,0,0,0,0,0,0.05396742574257427,0.053978811881188124,101
1700765640000,0,0,0,0,0,0,0.053952289156626594,0.053964939759036115,166
1700765700000,0,0,0,0,0,0,0.05397870646766176,0.05399114427860694,201
1700765760000,0,0,0,0,0,0,0.05398945859872615,0.05400041401273879,314
1700765820000,0,0,0,0,0,0,0.05393776357827487,0.0539497124600639,313
1700765880000,0,0,0,0,0,0,0.053953920454545494,0.0539644318181819,176
1700765940000,0,0,0,0,0,0,0.05392546511627908,0.05393622093023268,172
1700766000000,0,0,0,0,0,0,0.05393530487804881,0.053945670731707446,164
1700766060000,0,0,0,0,0,0,0.05397327639751524,0.0539843633540371,644
1700766120000,0,0,0,0,0,0,0.05392308724832217,0.053933926174496605,298
1700766180000,0,0,0,0,0,0,0.05391355140186922,0.05392473520249239,321
1700766240000,0,0,0,0,0,0,0.053875499999999896,0.05388647500000025,400
1700766300000,0,0,0,0,0,0,0.05379162499999992,0.05380265624999988,320
1700766360000,0,0,0,0,0,0,0.053777834394904335,0.05378794055201667,471
1700766420000,0,0,0,0,0,0,0.053765092592592774,0.05377587962962958,432
1700766480000,0,0,0,0,0,0,0.05375605555555567,0.05376688888888902,180
1700766540000,0,0,0,0,0,0,0.053665858123569624,0.05367787185354686,437
1700766600000,0,0,0,0,0,0,0.053625395948434525,0.05363839779005533,543
1700766660000,0,0,0,0,0,0,0.05370619289340119,0.05371868020304574,394
1700766720000,0,0,0,0,0,0,0.053687783132530066,0.0536999036144576,415
1700766780000,0,0,0,0,0,0,0.05370322784810129,0.05371411392405054,158
1700766840000,0,0,0,0,0,0,0.05373597560975614,0.05374701219512205,164
1700766900000,0,0,0,0,0,0,0.053721040723982004,0.0537328506787331,221
1700766960000,0,0,0,0,0,0,0.05375006230529599,0.053760591900311405,321
1700767020000,0,0,0,0,0,0,0.05378885294117667,0.053799176470588336,340
1700767080000,0,0,0,0,0,0,0.05384086666666678,0.053851566666666704,300
1700767140000,0,0,0,0,0,0,0.053894904632152456,0.05390629427792881,367
1700767200000,0,0,0,0,0,0,0.05387987704918021,0.053890819672131204,244
1700767260000,0,0,0,0,0,0,0.05383231182795709,0.05384363799283163,558
1700767320000,0,0,0,0,0,0,0.05383858846918511,0.05385021868787303,503
1700767380000,0,0,0,0,0,0,0.05382015317286664,0.05383080962800876,457
1700767440000,0,0,0,0,0,0,0.05385419354838713,0.05386491935483868,248
1700767500000,0,0,0,0,0,0,0.05380146853146858,0.05381167832167826,143
1700767560000,0,0,0,0,0,0,0.05377394849785396,0.05378467811158793,233
1700767620000,0,0,0,0,0,0,0.05381874769797401,0.053830497237569545,543
1700767680000,0,0,0,0,0,0,0.05384717431192633,0.05385730275229357,545
1700767740000,0,0,0,0,0,0,0.05383905940594047,0.053850099009900725,202
1700767800000,0,0,0,0,0,0,0.05385088408644447,0.053861060903732924,509
1700767860000,0,0,0,0,0,0,0.05383883771929874,0.05384895833333275,912
1700767920000,0,0,0,0,0,0,0.05383281167108739,0.053843209549071874,377
1700767980000,0,0,0,0,0,0,0.05383878086419833,0.05384929012345703,648
1700768040000,0,0,0,0,0,0,0.053844664310954075,0.053855724381625406,283
1700768100000,0,0,0,0,0,0,0.05388839552238808,0.053898992537313645,268
1700768160000,0,0,0,0,0,0,0.053875345744680614,0.053886781914893815,376
1700768220000,0,0,0,0,0,0,0.05388128342246004,0.05389219251336911,187
1700768280000,0,0,0,0,0,0,0.05382500000000002,0.053835381355932105,236
1700768340000,0,0,0,0,0,0,0.053833673469387756,0.05384394557823128,147
1700768400000,0,0,0,0,0,0,0.053796067796610135,0.05380674576271188,295
1700768460000,0,0,0,0,0,0,0.05379994520547967,0.05381150684931526,365
1700768520000,0,0,0,0,0,0,0.053781630434782755,0.05379307971014488,276
1700768580000,0,0,0,0,0,0,0.05375208333333337,0.053763249999999915,120
1700768640000,0,0,0,0,0,0,0.05375904347826079,0.053769565217391346,115
1700768700000,0,0,0,0,0,0,0.053776306306306414,0.05378675675675671,111
1700768760000,0,0,0,0,0,0,0.0538390666666666,0.05384979999999996,300
1700768820000,0,0,0,0,0,0,0.05385957264957256,0.053873119658119625,234
1700768880000,0,0,0,0,0,0,0.053866519337016625,0.0538811049723756,181
1700768940000,0,0,0,0,0,0,0.05382897058823525,0.05383999999999991,204
1700769000000,0,0,0,0,0,0,0.05384126582278479,0.05385350210970467,237
1700769060000,0,0,0,0,0,0,0.05391824503311316,0.0539292715231791,604
1700769120000,0,0,0,0,0,0,0.05395613168724273,0.053966687242798114,486
1700769180000,0,0,0,0,0,0,0.0539770866141733,0.0539879724409447,508
1700769240000,0,0,0,0,0,0,0.05393338383838395,0.053943888888888805,198
1700769300000,0,0,0,0,0,0,0.05391477707006375,0.053925477707006335,157
1700769360000,0,0,0,0,0,0,0.053861980519480546,0.053872954545454564,308
1700769420000,0,0,0,0,0,0,0.053826599999999857,0.05383704999999987,200
1700769480000,0,0,0,0,0,0,0.05382475000000005,0.05383562500000002,160
1700769540000,0,0,0,0,0,0,0.05378558823529413,0.05379582352941171,170
1700769600000,0,0,0,0,0,0,0.053761284046692816,0.05377276264591459,257
1700769660000,0,0,0,0,0,0,0.05380297297297345,0.05381396396396407,777
1700769720000,0,0,0,0,0,0,0.05382797979797983,0.053838646464646624,495
1700769780000,0,0,0,0,0,0,0.05380768867924528,0.05381818396226398,424
1700769840000,0,0,0,0,0,0,0.05385621262458471,0.05386694352159492,301
1700769900000,0,0,0,0,0,0,0.05390311531841658,0.05391328743545679,581
1700769960000,0,0,0,0,0,0,0.053960686274509694,0.05397184313725465,510
1700770020000,0,0,0,0,0,0,0.05401253456221176,0.05402317972350241,217
1700770080000,0,0,0,0,0,0,0.05404263698630146,0.0540532534246575,584
1700770140000,0,0,0,0,0,0,0.05406895595432249,0.054079265905382735,613
1700770200000,0,0,0,0,0,0,0.05403283582089537,0.05404354477611908,268
1700770260000,0,0,0,0,0,0,0.05401457286432176,0.05402477386934678,199
1700770320000,0,0,0,0,0,0,0.05396169491525441,0.05397189830508477,295
1700770380000,0,0,0,0,0,0,0.05393685039370071,0.05394755905511821,254
1700770440000,0,0,0,0,0,0,0.05393836633663359,0.053948861386138657,202
1700770500000,0,0,0,0,0,0,0.05397554347826086,0.053989347826086796,276
1700770560000,0,0,0,0,0,0,0.053957368421052775,0.05396825657894747,304
1700770620000,0,0,0,0,0,0,0.053997446808510756,0.054008652482269506,141
1700770680000,0,0,0,0,0,0,0.05406743243243248,0.05407783783783786,148
1700770740000,0,0,0,0,0,0,0.0540388669950737,0.054049162561576165,203
1700770800000,0,0,0,0,0,0,0.05405927835051543,0.05407020618556714,194
1700770860000,0,0,0,0,0,0,0.054057621359223346,0.05406893203883496,206
1700770920000,0,0,0,0,0,0,0.05409445859872619,0.05410528662420393,157
1700770980000,0,0,0,0,0,0,0.05405211864406807,0.05406242937853118,354
1700771040000,0,0,0,0,0,0,0.05412153846153834,0.05413387096774161,403
1700771100000,0,0,0,0,0,0,0.05413666666666664,0.054147652173913145,345
1700771160000,0,0,0,0,0,0,0.054160340909090894,0.05417088068181813,352
1700771220000,0,0,0,0,0,0,0.05412956249999991,0.05414043750000005,160
1700771280000,0,0,0,0,0,0,0.05410502762430956,0.054115469613259574,181
1700771340000,0,0,0,0,0,0,0.05407846560846544,0.05408857142857173,189
1700771400000,0,0,0,0,0,0,0.05406674242424229,0.054077272727272814,132
1700771460000,0,0,0,0,0,0,0.05403861027190313,0.05404921450151051,331
1700771520000,0,0,0,0,0,0,0.05403046511627901,0.05404096899224797,258
1700771580000,0,0,0,0,0,0,0.05397647058823526,0.05398733031674202,221
1700771640000,0,0,0,0,0,0,0.05392229797979814,0.05393391414141433,396
1700771700000,0,0,0,0,0,0,0.05394569343065698,0.05395613138686119,137
1700771760000,0,0,0,0,0,0,0.05392489270386273,0.053935193133047184,233
1700771820000,0,0,0,0,0,0,0.05390773195876285,0.053918350515463995,97
1700771880000,0,0,0,0,0,0,0.05384933333333329,0.053860200000000066,300
1700771940000,0,0,0,0,0,0,0.05385301829268292,0.053863567073170644,328
1700772000000,0,0,0,0,0,0,0.05389945205479452,0.05390999999999999,146
1700772060000,0,0,0,0,0,0,0.05390100890207717,0.05391175074183961,337
1700772120000,0,0,0,0,0,0,0.05389792134831451,0.05390853932584277,178
1700772180000,0,0,0,0,0,0,0.05394074866310166,0.05395112299465227,187
1700772240000,0,0,0,0,0,0,0.05388875968992256,0.05389984496124031,129
1700772300000,0,0,0,0,0,0,0.053893630136986365,0.053904657534246746,292
1700772360000,0,0,0,0,0,0,0.053863639774859445,0.053874427767354884,533
1700772420000,0,0,0,0,0,0,0.053847711670480095,0.05385805491990829,437
1700772480000,0,0,0,0,0,0,0.05391234042553183,0.053922978723404034,235
1700772540000,0,0,0,0,0,0,0.05393710359408084,0.05394720930232588,473
1700772600000,0,0,0,0,0,0,0.05393694352159474,0.053949601328903855,301
1700772660000,0,0,0,0,0,0,0.05388280966767366,0.053893746223565075,331
1700772720000,0,0,0,0,0,0,0.05390403433476398,0.053914849785407754,233
1700772780000,0,0,0,0,0,0,0.05393335483870962,0.05394438709677425,155
1700772840000,0,0,0,0,0,0,0.05391108910891087,0.05392158415841595,101
1700772900000,0,0,0,0,0,0,0.0539489723320159,0.05395928853754929,253
1700772960000,0,0,0,0,0,0,0.0539586090225563,0.05396890977443572,266
1700773020000,0,0,0,0,0,0,0.05396334645669287,0.05397362204724404,254
1700773080000,0,0,0,0,0,0,0.05397037558685432,0.05398051643192483,213
1700773140000,0,0,0,0,0,0,0.05397142857142834,0.05398184210526287,266
1700773200000,0,0,0,0,0,0,0.053929206349206484,0.053939714285714306,315
1700773260000,0,0,0,0,0,0,0.053955800344234105,0.05396607573149711,581
1700773320000,0,0,0,0,0,0,0.05397719869706851,0.05398807817589566,307
1700773380000,0,0,0,0,0,0,0.053997730061349725,0.05400858895705528,326
1700773440000,0,0,0,0,0,0,0.05399137795275593,0.05400287401574794,254
1700773500000,0,0,0,0,0,0,0.05404802690582962,0.05405834080717493,223
1700773560000,0,0,0,0,0,0,0.05410042160737771,0.05411084321475614,759
1700773620000,0,0,0,0,0,0,0.054184347826087005,0.054194849498327695,299
1700773680000,0,0,0,0,0,0,0.054200915254237036,0.0542111864406783,295
1700773740000,0,0,0,0,0,0,0.05422443502824865,0.054234548022598854,354
1700773800000,0,0,0,0,0,0,0.05427060669456026,0.054280899581590575,478
1700773860000,0,0,0,0,0,0,0.054273744221880124,0.054283990755007665,649
1700773920000,0,0,0,0,0,0,0.05424317919075173,0.05425371387283245,692
1700773980000,0,0,0,0,0,0,0.054254904761904955,0.0542653095238098,420
1700774040000,0,0,0,0,0,0,0.05419177966101693,0.05420237288135591,118
1700774100000,0,0,0,0,0,0,0.05419180555555563,0.05420256944444433,288
1700774160000,0,0,0,0,0,0,0.05410833574529631,0.054120593342980625,691
1700774220000,0,0,0,0,0,0,0.05412259708737854,0.05413371359223279,412
1700774280000,0,0,0,0,0,0,0.05415351428571432,0.05416434285714272,350
1700774340000,0,0,0,0,0,0,0.05410066929133884,0.054111141732283555,254
1700774400000,0,0,0,0,0,0,0.05406492805755394,0.05407579136690634,278
1700774460000,0,0,0,0,0,0,0.05407671706263496,0.05408764578833709,463
1700774520000,0,0,0,0,0,0,0.054102487804878155,0.054113317073170755,205
1700774580000,0,0,0,0,0,0,0.05410852517985606,0.054119244604316594,278
1700774640000,0,0,0,0,0,0,0.05415661921708175,0.05416750889679726,281
1700774700000,0,0,0,0,0,0,0.054157061068702356,0.054167328244274685,262
1700774760000,0,0,0,0,0,0,0.054176212424849754,0.05418703406813662,499
1700774820000,0,0,0,0,0,0,0.05412542918454962,0.05413641630901311,466
1700774880000,0,0,0,0,0,0,0.054159042253521215,0.05417022535211264,355
1700774940000,0,0,0,0,0,0,0.054132768166090105,0.05414387543252606,289
1700775000000,0,0,0,0,0,0,0.05413399999999993,0.054144434782608705,115
1700775060000,0,0,0,0,0,0,0.054118437500000276,0.05412911057692315,416
1700775120000,0,0,0,0,0,0,0.054080194174757255,0.05409106796116507,309
1700775180000,0,0,0,0,0,0,0.054054158075601454,0.054065704467353884,291
1700775240000,0,0,0,0,0,0,0.05401874999999998,0.054030202702702534,296
1700775300000,0,0,0,0,0,0,0.05405488549618319,0.05406572519083971,131
1700775360000,0,0,0,0,0,0,0.054095344827585955,0.05410630541871914,406
1700775420000,0,0,0,0,0,0,0.05405573248407643,0.054066496815286594,314
1700775480000,0,0,0,0,0,0,0.05408518716577517,0.05409601604278057,374
1700775540000,0,0,0,0,0,0,0.054077276422764275,0.054088414634146355,246
1700775600000,0,0,0,0,0,0,0.054025318181818126,0.0540360909090909,220
1700775660000,0,0,0,0,0,0,0.05403680693069297,0.05404735148514865,404
1700775720000,0,0,0,0,0,0,0.05401091743119277,0.054021467889908234,109
1700775780000,0,0,0,0,0,0,0.05403342105263161,0.0540436842105263,152
1700775840000,0,0,0,0,0,0,0.054035849582172696,0.0540468802228412,359
1700775900000,0,0,0,0,0,0,0.05407344594594593,0.05408405405405406,148
1700775960000,0,0,0,0,0,0,0.0540485981308409,0.05406004672897187,214
1700776020000,0,0,0,0,0,0,0.05404945121951225,0.05405987804878057,328
1700776080000,0,0,0,0,0,0,0.05409624233128866,0.054107131901840404,652
1700776140000,0,0,0,0,0,0,0.05413910643889643,0.05414922470433561,761
1700776200000,0,0,0,0,0,0,0.054135464480874446,0.054146284153005514,183
1700776260000,0,0,0,0,0,0,0.05413937360178987,0.0541522595078299,447
1700776320000,0,0,0,0,0,0,0.054190597269625045,0.05420170648464222,586
1700776380000,0,0,0,0,0,0,0.05419838427947587,0.054209781659388716,229
1700776440000,0,0,0,0,0,0,0.05417239669421502,0.05418421487603312,121
1700776500000,0,0,0,0,0,0,0.05412688796680487,0.0541403734439836,241
1700776560000,0,0,0,0,0,0,0.054145241935483854,0.054157096774193336,248
1700776620000,0,0,0,0,0,0,0.054115887096774166,0.054128790322580576,124
1700776680000,0,0,0,0,0,0,0.05414394117647054,0.05415588235294093,340
1700776740000,0,0,0,0,0,0,0.05413927536231884,0.05415130434782614,138
1700776800000,0,0,0,0,0,0,0.05413515957446811,0.05414808510638286,188
1700776860000,0,0,0,0,0,0,0.05415552706552697,0.05416649572649534,351
1700776920000,0,0,0,0,0,0,0.05413357429718864,0.05414783132530124,249
1700776980000,0,0,0,0,0,0,0.0541189795918368,0.05413132653061214,98
1700777040000,0,0,0,0,0,0,0.05410662790697671,0.054121279069767325,172
1700777100000,0,0,0,0,0,0,0.05408496774193561,0.05409677419354844,155
1700777160000,0,0,0,0,0,0,0.05412633870967761,0.05413780645161271,620
1700777220000,0,0,0,0,0,0,0.05417394463667793,0.05418396770472845,867
1700777280000,0,0,0,0,0,0,0.054216733870968044,0.05423038306451648,496
1700777340000,0,0,0,0,0,0,0.05418374558303866,0.054197703180212095,283
1700777400000,0,0,0,0,0,0,0.05415129629629633,0.05416277777777787,108
1700777460000,0,0,0,0,0,0,0.054150786516853885,0.0541614606741574,89
1700777520000,0,0,0,0,0,0,0.05411829629629632,0.05413111111111107,135
1700777580000,0,0,0,0,0,0,0.05411350877192981,0.05412473684210524,114
1700777640000,0,0,0,0,0,0,0.05409679487179496,0.05410852564102562,156
1700777700000,0,0,0,0,0,0,0.05413367187499998,0.054144921875000064,128
1700777760000,0,0,0,0,0,0,0.054153881578947384,0.05416703947368419,152
1700777820000,0,0,0,0,0,0,0.05417204545454554,0.054183409090909136,88
1700777880000,0,0,0,0,0,0,0.05413999999999997,0.054152839506172785,81
1700777940000,0,0,0,0,0,0,0.05414147826086957,0.054153304347826135,115
1700778000000,0,0,0,0,0,0,0.05414403225806449,0.054158387096774174,62
1700778060000,0,0,0,0,0,0,0.05418438423645318,0.05419507389162549,203
1700778120000,0,0,0,0,0,0,0.05419569892473112,0.05420666666666663,93
1700778180000,0,0,0,0,0,0,0.054225912408759167,0.05423605839416045,137
1700778240000,0,0,0,0,0,0,0.054209311594202905,0.05422014492753606,276
1700778300000,0,0,0,0,0,0,0.05414015015015011,0.05415081081081089,333
1700778360000,0,0,0,0,0,0,0.05415676240208898,0.05416718015665804,383
1700778420000,0,0,0,0,0,0,0.054130769230769184,0.054141307692307815,130
1700778480000,0,0,0,0,0,0,0.05419442060085852,0.05420463519313327,233
1700778540000,0,0,0,0,0,0,0.05424093495934953,0.05425142276422768,246
1700778600000,0,0,0,0,0,0,0.05427362880886418,0.054283961218836996,361
1700778660000,0,0,0,0,0,0,0.05430767295597472,0.05431770440251592,318
1700778720000,0,0,0,0,0,0,0.054348333333333616,0.054358873873873934,222
1700778780000,0,0,0,0,0,0,0.05430418848167522,0.0543170157068064,191
1700778840000,0,0,0,0,0,0,0.054325641711229715,0.0543363101604276,374
1700778900000,0,0,0,0,0,0,0.05432965517241373,0.05434078817733979,203
1700778960000,0,0,0,0,0,0,0.05429200000000004,0.05430200000000001,90
1700779020000,0,0,0,0,0,0,0.05428000000000004,0.05428999999999996,30
1700779080000,0,0,0,0,0,0,0.054285454545454505,0.0542964935064935,77
1700779140000,0,0,0,0,0,0,0.054296578947368404,0.054307500000000036,76
1700779200000,0,0,0,0,0,0,0.05432879807692313,0.05433918269230749,208
1700779260000,0,0,0,0,0,0,0.054325533980582506,0.054335825242718454,103
1700779320000,0,0,0,0,0,0,0.05432740740740747,0.05433796296296289,54
1700779380000,0,0,0,0,0,0,0.054344958677685996,0.05435504132231406,121
1700779440000,0,0,0,0,0,0,0.054328205128205215,0.054338717948717946,78
1700779500000,0,0,0,0,0,0,0.054338999999999985,0.05434899999999994,50
1700779560000,0,0,0,0,0,0,0.054354700854700816,0.05436495726495711,117
1700779620000,0,0,0,0,0,0,0.054359999999999985,0.05437000000000002,23
1700779680000,0,0,0,0,0,0,0.05437462500000005,0.05438475000000007,80
1700779740000,0,0,0,0,0,0,0.05438000000000005,0.05439,42
1700779800000,0,0,0,0,0,0,0.05438000000000006,0.05439000000000002,47
1700779860000,0,0,0,0,0,0,0.054385964912280704,0.054396140350877226,114
1700779920000,0,0,0,0,0,0,0.0544,0.05441000000000002,33
1700779980000,0,0,0,0,0,0,0.05440195238095239,0.054413619047619224,210
1700780040000,0,0,0,0,0,0,0.054410000000000014,0.05441999999999999,27
1700780100000,0,0,0,0,0,0,0.05441533333333336,0.054425888888888864,90
1700780160000,0,0,0,0,0,0,0.05443270114942511,0.05444287356321825,174
1700780220000,0,0,0,0,0,0,0.054439999999999975,0.054450000000000075,85
1700780280000,1,0,23054.0,0,23054.0,1,0.05445748407643341,0.05446767515923563,314
1700780340000,0,0,0,0,0,0,0.05443978142076491,0.054450273224043645,183
1700780400000,0,0,0,0,0,0,0.054475078740157654,0.054485787401575,254
1700780460000,0,0,0,0,0,0,0.05463915465898141,0.054655629202689654,1041
1700780520000,0,0,0,0,0,0,0.05471061728395054,0.05472120987654313,405
1700780580000,0,0,0,0,0,0,0.05475663414634155,0.05476817073170764,410
1700780640000,0,0,0,0,0,0,0.054781220556745024,0.05479357601713031,467
1700780700000,0,0,0,0,0,0,0.054813860103627245,0.054825077720207345,386
1700780760000,0,0,0,0,0,0,0.05476934131736527,0.054780928143712576,334
1700780820000,0,0,0,0,0,0,0.05482359102244419,0.05483541147132204,401
1700780880000,0,0,0,0,0,0,0.05486604606525925,0.054877792706334236,521
1700780940000,0,0,0,0,0,0,0.05482108374384256,0.05483236453201977,203
1700781000000,0,0,0,0,0,0,0.054846455696202515,0.054857784810126646,316
1700781060000,0,0,0,0,0,0,0.05486668730650152,0.054877058823529216,323
1700781120000,0,0,0,0,0,0,0.05479721830985896,0.05480742957746479,284
1700781180000,0,0,0,0,0,0,0.05475515463917548,0.054765773195876395,291
1700781240000,0,0,0,0,0,0,0.05475166666666676,0.05476272222222229,180
1700781300000,0,0,0,0,0,0,0.054747419354838664,0.05475854838709672,62
1700781360000,0,0,0,0,0,0,0.05471477528089908,0.05472516853932597,356
1700781420000,0,0,0,0,0,0,0.05467830508474573,0.05468898305084746,118
1700781480000,0,0,0,0,0,0,0.05466354838709684,0.0546756451612904,186
1700781540000,0,0,0,0,0,0,0.05469890510948914,0.054709343065693535,137
1700781600000,0,0,0,0,0,0,0.054646149068322845,0.054657732919254444,322
1700781660000,0,0,0,0,0,0,0.05461906976744189,0.05462958656330735,387
1700781720000,0,0,0,0,0,0,0.054614139194139266,0.05462520146520131,273
1700781780000,0,0,0,0,0,0,0.05461992907801429,0.054630141843971636,141
1700781840000,0,0,0,0,0,0,0.054609473684210486,0.05462010526315782,285
1700781900000,0,0,0,0,0,0,0.054579124087591205,0.0545891970802919,137
1700781960000,0,0,0,0,0,0,0.054563999999999814,0.054574240963855034,415
1700782020000,0,0,0,0,0,0,0.05454226851851861,0.0545525462962964,216
1700782080000,0,0,0,0,0,0,0.05451618279569918,0.05452701612903227,372
1700782140000,0,0,0,0,0,0,0.054505948275862186,0.05451754310344826,232
1700782200000,0,0,0,0,0,0,0.054545877192982456,0.054556666666666656,114
1700782260000,0,0,0,0,0,0,0.05457590747330953,0.05458686832740207,281
1700782320000,0,0,0,0,0,0,0.05458417624521052,0.05459559386973181,261
1700782380000,0,0,0,0,0,0,0.05454290598290584,0.054553376068376166,234
1700782440000,0,0,0,0,0,0,0.05458265060240955,0.05459497991967862,249
1700782500000,0,0,0,0,0,0,0.054559036144578264,0.05457006024096399,166
1700782560000,0,0,0,0,0,0,0.054534593175853165,0.05454517060367466,381
1700782620000,0,0,0,0,0,0,0.0545240677966102,0.054534406779660934,295
1700782680000,0,0,0,0,0,0,0.05449643717728111,0.054506695352840584,581
1700782740000,0,0,0,0,0,0,0.05446329113924056,0.05447329113924043,79
1700782800000,0,0,0,0,0,0,0.05444182044887775,0.05445231920199477,401
1700782860000,0,0,0,0,0,0,0.05447546341463405,0.05448590243902456,205
1700782920000,0,0,0,0,0,0,0.054472054794520657,0.05448226027397261,146
1700782980000,0,0,0,0,0,0,0.054489793103448286,0.054502103448276135,290
1700783040000,0,0,0,0,0,0,0.05445311188811163,0.05446370629370633,286
1700783100000,0,0,0,0,0,0,0.05443855263157895,0.054448815789473734,76
1700783160000,0,0,0,0,0,0,0.054405837104072374,0.05441633484162916,221
1700783220000,0,0,0,0,0,0,0.05441088235294123,0.0544211764705882,102
1700783280000,0,0,0,0,0,0,0.05443387499999998,0.05444450000000006,80
1700783340000,0,0,0,0,0,0,0.05444784946236559,0.05445887096774191,186
1700783400000,0,0,0,0,0,0,0.054471685393258355,0.054482471910112386,89
1700783460000,0,0,0,0,0,0,0.05450319999999987,0.054515066666666764,150
1700783520000,0,0,0,0,0,0,0.05448485074626874,0.054495373134328326,134
1700783580000,0,0,0,0,0,0,0.054472214285714235,0.05448242857142859,140
1700783640000,0,0,0,0,0,0,0.05444741935483866,0.054457741935483944,93
1700783700000,0,0,0,0,0,0,0.05444606299212598,0.054456692913385736,127
1700783760000,0,0,0,0,0,0,0.05442080701754405,0.05443101754385966,285
1700783820000,0,0,0,0,0,0,0.05447033333333349,0.05448108333333347,240
1700783880000,0,0,0,0,0,0,0.05449644736842104,0.05450697368421052,76
1700783940000,0,0,0,0,0,0,0.05448252100840335,0.05449336134453783,119
1700784000000,0,0,0,0,0,0,0.054478163265306016,0.05448836734693891,147
1700784060000,0,0,0,0,0,0,0.054507999999999876,0.054520078651685476,890
1700784120000,0,0,0,0,0,0,0.05447465045592638,0.05448676291793346,658
1700784180000,0,0,0,0,0,0,0.05453748603351953,0.05454843575418995,179
1700784240000,0,0,0,0,0,0,0.05454256983240216,0.054553296089385625,179
1700784300000,0,0,0,0,0,0,0.05455520000000007,0.05456571428571427,175
1700784360000,0,0,0,0,0,0,0.054572252964426894,0.054582529644268844,253
1700784420000,0,0,0,0,0,0,0.054576820512820534,0.05458743589743581,195
1700784480000,0,0,0,0,0,0,0.054524930747922334,0.054535318559556574,361
1700784540000,0,0,0,0,0,0,0.05448721544715413,0.054498475609756014,492
1700784600000,0,0,0,0,0,0,0.054427056962025405,0.05443832278481019,316
1700784660000,0,0,0,0,0,0,0.054422530973451205,0.05443359292035375,565
1700784720000,0,0,0,0,0,0,0.0544173601398604,0.0544287237762238,572
1700784780000,0,0,0,0,0,0,0.054406853658536904,0.05441863414634163,410
1700784840000,0,0,0,0,0,0,0.054404110032362556,0.05441844660194175,309
1700784900000,0,0,0,0,0,0,0.05432182194616987,0.05433438923395443,483
1700784960000,0,0,0,0,0,0,0.05438457345971583,0.05439637440758295,422
1700785020000,0,0,0,0,0,0,0.054405406360424,0.0544162544169612,283
1700785080000,0,0,0,0,0,0,0.054445387931034366,0.054456077586206936,232
1700785140000,0,0,0,0,0,0,0.054553268765132966,0.05456430992736052,413
1700785200000,0,0,0,0,0,0,0.05450056603773616,0.05451178197065006,477
1700785260000,0,0,0,0,0,0,0.05452254132231403,0.05453392561983453,484
1700785320000,0,0,0,0,0,0,0.05461769953051622,0.05463014084507031,426
1700785380000,1,0,2078.0,0,2078.0,1,0.054697142857142764,0.054708038740919805,413
1700785440000,0,0,0,0,0,0,0.054779561752988024,0.054791035856573495,502
1700785500000,0,0,0,0,0,0,0.05486017156862727,0.05487169117647052,408
1700785560000,0,0,0,0,0,0,0.05482380102040802,0.05483494897959199,392
1700785620000,0,0,0,0,0,0,0.054899790940766455,0.054910592334494655,287
1700785680000,0,0,0,0,0,0,0.05488858843537402,0.05489947278911561,588
1700785740000,0,0,0,0,0,0,0.05484521739130442,0.054856908212560465,207
1700785800000,0,0,0,0,0,0,0.05476908212560398,0.05477990338164254,207
1700785860000,0,0,0,0,0,0,0.054762390350877516,0.05477368421052646,456
1700785920000,0,0,0,0,0,0,0.054723280632411005,0.05473442687747033,253
1700785980000,0,0,0,0,0,0,0.054803498871331804,0.05481507900677191,443
1700786040000,0,0,0,0,0,0,0.05485425702811224,0.05486485943775111,249
1700786100000,0,0,0,0,0,0,0.05488461538461532,0.05489557692307661,364
1700786160000,0,0,0,0,0,0,0.05484308026030339,0.05485479392624702,461
1700786220000,0,0,0,0,0,0,0.05483981981982001,0.05485246246246252,333
1700786280000,0,0,0,0,0,0,0.05481791569086646,0.054830070257611066,427
1700786340000,0,0,0,0,0,0,0.05482265714285701,0.05483537142857125,350
1700786400000,0,0,0,0,0,0,0.05486167721518997,0.05487303797468355,316
1700786460000,0,0,0,0,0,0,0.05487701456310658,0.05489089805825251,412
1700786520000,0,0,0,0,0,0,0.05480204022988512,0.05481448275862058,348
1700786580000,0,0,0,0,0,0,0.05480239726027403,0.05481328767123291,146
1700786640000,0,0,0,0,0,0,0.05484633522727267,0.05485812499999978,352
1700786700000,0,0,0,0,0,0,0.054767622377622414,0.0547786713286713,286
1700786760000,0,0,0,0,0,0,0.05476265306122438,0.05477350340136052,294
1700786820000,0,0,0,0,0,0,0.05476842767295601,0.05477893081760999,159
1700786880000,0,0,0,0,0,0,0.05476232227488152,0.054774597156398104,211
1700786940000,0,0,0,0,0,0,0.054782660944205926,0.05479497854077248,233
1700787000000,0,0,0,0,0,0,0.054733795620438036,0.05474708029197078,274
1700787060000,0,0,0,0,0,0,0.05468422043010754,0.05469526881720446,372
1700787120000,0,0,0,0,0,0,0.05469069105691069,0.05470154471544719,246
1700787180000,0,0,0,0,0,0,0.05468272727272734,0.05469370629370635,143
1700787240000,0,0,0,0,0,0,0.05467673684210527,0.05468831578947383,285
1700787300000,0,0,0,0,0,0,0.0547361458333332,0.05474692708333337,192
1700787360000,0,0,0,0,0,0,0.054777088607595004,0.0547904641350211,237
1700787420000,0,0,0,0,0,0,0.05481409836065563,0.05482596721311495,305
1700787480000,0,0,0,0,0,0,0.05473802531645555,0.05475020253164543,395
1700787540000,0,0,0,0,0,0,0.054751992031872476,0.05476398406374494,251
1700787600000,0,0,0,0,0,0,0.054785310734463286,0.054799265536723075,177
1700787660000,0,0,0,0,0,0,0.05475045346062063,0.054762195704057236,419
1700787720000,0,0,0,0,0,0,0.05478191066997519,0.054793325062035096,403
1700787780000,0,0,0,0,0,0,0.05473538461538454,0.05474648351648353,182
1700787840000,0,0,0,0,0,0,0.05475328025477702,0.054764554140127396,314
1700787900000,0,0,0,0,0,0,0.05482739393939403,0.054839090909090914,165
1700787960000,0,0,0,0,0,0,0.05486676982591857,0.0548783752417792,517
1700788020000,0,0,0,0,0,0,0.054913715596330244,0.05492527522935771,218
1700788080000,0,0,0,0,0,0,0.054933782234957006,0.05494633237822337,349
1700788140000,0,0,0,0,0,0,0.055003629489603106,0.055016975425331044,529
1700788200000,0,0,0,0,0,0,0.05503615658362996,0.055048398576512406,281
1700788260000,0,0,0,0,0,0,0.05505125000000026,0.05506328431372557,408
1700788320000,0,0,0,0,0,0,0.055009872448979494,0.05502362244897946,392
1700788380000,0,0,0,0,0,0,0.0550486440677965,0.05506110169491519,236
1700788440000,0,0,0,0,0,0,0.05505729007633589,0.055069312977099064,262
1700788500000,0,0,0,0,0,0,0.0550661842105263,0.05507798245614039,228
1700788560000,0,0,0,0,0,0,0.055159847972973124,0.055173057432432455,592
1700788620000,0,0,0,0,0,0,0.05523351916376313,0.0552455923344949,574
1700788680000,0,0,0,0,0,0,0.05513984555984544,0.055152760617760456,518
1700788740000,0,0,0,0,0,0,0.05512849889624723,0.05514041942604869,453
1700788800000,0,0,0,0,0,0,0.055132507552870094,0.055145347432024275,331
1700788860000,0,0,0,0,0,0,0.055087417218543266,0.05509909492273739,453
1700788920000,0,0,0,0,0,0,0.05512417218543051,0.05513609271523184,302
1700788980000,0,0,0,0,0,0,0.05512822822822818,0.055139219219219215,333
1700789040000,0,0,0,0,0,0,0.055150846905537745,0.05516140065146592,307
1700789100000,0,0,0,0,0,0,0.05514449591280669,0.0551564850136242,367
1700789160000,0,0,0,0,0,0,0.05515387755102052,0.05516454081632655,196
