Open Time,Open,High,Low,Close,Volume,Close Time,Quote Asset Volume,Number of Trades,Taker buy base asset volume,Taker buy quote asset volume,Ignore,Open Interest
1700733300000,0.14316,0.14326,0.14316,0.14326,57193,1700733359999,8188.75918,86,39200,5612.54519,0,92902939
1700733360000,0.14326,0.14338,0.14323,0.14336,214789,1700733419999,30779.27064,189,177493,25435.04178,0,92811989
1700733420000,0.14337,0.14339,0.14327,0.14338,265842,1700733479999,38107.76489,219,193839,27788.42969,0,92774777
1700733480000,0.14336,0.14347,0.14331,0.14346,465870,1700733539999,66799.37155,295,400666,57452.73927,0,92949121
1700733540000,0.14347,0.14364,0.14344,0.14362,332188,1700733599999,47686.85503,309,268477,38540.87259,0,92722571
1700733600000,0.14359,0.14379,0.14313,0.14332,1532115,1700733659999,219886.68771,948,553420,79460.95503,0,92853195
1700733660000,0.14335,0.14342,0.14320,0.14327,327525,1700733719999,46935.78653,423,139887,20049.76764,0,92771269
1700733720000,0.14324,0.14335,0.14320,0.14331,253341,1700733779999,36296.80045,294,152377,21832.16526,0,92712606
1700733780000,0.14332,0.14341,0.14327,0.14328,217952,1700733839999,31240.28398,286,77541,11114.97017,0,92605432
1700733840000,0.14327,0.14328,0.14311,0.14320,246866,1700733899999,35348.95196,252,106460,15243.34835,0,92752168
1700733900000,0.14320,0.14326,0.14268,0.14301,1056412,1700733959999,151024.54392,792,332799,47582.04496,0,92680089
1700733960000,0.14299,0.14306,0.14281,0.14281,275751,1700734019999,39413.10328,306,54959,7857.68026,0,92643790
1700734020000,0.14283,0.14293,0.14281,0.14285,180884,1700734079999,25842.31755,231,108206,15460.27208,0,92616427
1700734080000,0.14287,0.14304,0.14287,0.14299,197756,1700734139999,28265.47519,178,131440,18789.14696,0,92532358
1700734140000,0.14299,0.14300,0.14268,0.14274,167815,1700734199999,23963.51796,220,46940,6703.96695,0,92495786
1700734200000,0.14272,0.14281,0.14253,0.14258,171004,1700734259999,24392.51032,210,24683,3522.96844,0,92416300
1700734260000,0.14258,0.14267,0.14258,0.14263,113808,1700734319999,16231.50605,147,45314,6462.88325,0,92370548
1700734320000,0.14263,0.14277,0.14256,0.14277,180820,1700734379999,25792.77729,162,147360,21021.18350,0,92331127
1700734380000,0.14278,0.14292,0.14275,0.14284,150670,1700734439999,21519.29039,170,102949,14703.30634,0,92315067
1700734440000,0.14284,0.14284,0.14281,0.14284,44078,1700734499999,6295.60971,62,28300,4042.01874,0,92330979
1700734500000,0.14284,0.14284,0.14267,0.14268,318814,1700734559999,45513.41215,211,21692,3096.65055,0,92381565
1700734560000,0.14268,0.14268,0.14258,0.14261,92980,1700734619999,13260.25988,153,40613,5792.18230,0,92350585
1700734620000,0.14262,0.14269,0.14254,0.14258,202638,1700734679999,28900.49508,186,73192,10438.67595,0,92334969
1700734680000,0.14257,0.14261,0.14255,0.14258,52026,1700734739999,7418.30095,71,31126,4438.26799,0,92297466
1700734740000,0.14257,0.14260,0.14250,0.14260,122005,1700734799999,17391.14885,129,53207,7584.97914,0,92270157
1700734800000,0.14260,0.14265,0.14244,0.14244,89674,1700734859999,12784.38446,139,36707,5233.84755,0,92245914
1700734860000,0.14243,0.14263,0.14243,0.14261,83299,1700734919999,11869.46444,116,58873,8388.19129,0,92230888
1700734920000,0.14261,0.14274,0.14261,0.14268,87624,1700734979999,12502.58865,108,75973,10840.11599,0,92207229
1700734980000,0.14268,0.14271,0.14264,0.14265,53231,1700735039999,7595.01565,64,3542,505.42763,0,92252060
1700735040000,0.14263,0.14263,0.14238,0.14239,150021,1700735099999,21376.94418,122,19983,2846.75759,0,92280529
1700735100000,0.14239,0.14240,0.14219,0.14234,260000,1700735159999,36998.64019,248,58297,8297.76953,0,92256242
1700735160000,0.14233,0.14240,0.14225,0.14233,40204,1700735219999,5723.57620,77,18679,2658.91086,0,92235894
1700735220000,0.14235,0.14246,0.14229,0.14246,113701,1700735279999,16193.26274,117,100863,14365.69984,0,92243365
1700735280000,0.14245,0.14245,0.14229,0.14235,34752,1700735339999,4946.80077,78,9366,1333.22639,0,92236941
1700735340000,0.14234,0.14238,0.14230,0.14234,43567,1700735399999,6201.03065,75,21003,2989.76660,0,92212565
1700735400000,0.14236,0.14243,0.14231,0.14231,105726,1700735459999,15052.13888,167,47734,6796.91075,0,92191823
1700735460000,0.14234,0.14241,0.14234,0.14241,8793,1700735519999,1251.99705,44,5035,716.86391,0,92153009
1700735520000,0.14240,0.14243,0.14227,0.14234,117272,1700735579999,16694.35905,151,73728,10496.36753,0,92159975
1700735580000,0.14233,0.14236,0.14225,0.14227,48202,1700735639999,6860.09791,91,27149,3863.97728,0,92215389
1700735640000,0.14227,0.14235,0.14211,0.14212,139953,1700735699999,19910.87030,119,28695,4082.21591,0,92195649
1700735700000,0.14211,0.14212,0.14189,0.14193,113547,1700735759999,16123.18720,164,35354,5019.84067,0,92048846
1700735760000,0.14190,0.14191,0.14161,0.14173,554195,1700735819999,78555.78362,543,220604,31280.32032,0,91988857
1700735820000,0.14175,0.14185,0.14175,0.14185,58660,1700735879999,8318.04819,81,39095,5544.10679,0,91975662
1700735880000,0.14187,0.14201,0.14186,0.14198,170250,1700735939999,24166.73659,172,101641,14427.57470,0,91982762
1700735940000,0.14198,0.14198,0.14187,0.14195,93548,1700735999999,13278.59551,91,59448,8438.32749,0,91906121
1700736000000,0.14197,0.14202,0.14187,0.14202,108426,1700736059999,15390.72614,140,44581,6329.65981,0,91912450
1700736060000,0.14201,0.14202,0.14190,0.14199,130216,1700736119999,18488.61160,112,36293,5153.37035,0,91939996
1700736120000,0.14197,0.14199,0.14187,0.14187,28212,1700736179999,4005.14925,62,15266,2167.34120,0,91946582
1700736180000,0.14185,0.14185,0.14168,0.14177,180590,1700736239999,25599.46792,140,66754,9462.10187,0,91966465
1700736240000,0.14179,0.14187,0.14179,0.14182,48998,1700736299999,6949.69348,53,40892,5800.00644,0,91944341
1700736300000,0.14182,0.14182,0.14170,0.14170,125154,1700736359999,17742.66319,174,50492,7158.25052,0,91882069
1700736360000,0.14171,0.14175,0.14159,0.14174,225892,1700736419999,32001.97469,200,108519,15377.73356,0,91880411
1700736420000,0.14173,0.14174,0.14168,0.14172,42492,1700736479999,6021.54208,87,16592,2351.28562,0,91876013
1700736480000,0.14171,0.14171,0.14165,0.14166,34261,1700736539999,4853.85901,60,11724,1660.81382,0,91894768
1700736540000,0.14166,0.14170,0.14159,0.14169,53446,1700736599999,7570.88951,71,26610,3769.63628,0,91885387
1700736600000,0.14169,0.14169,0.14157,0.14160,116751,1700736659999,16535.26542,135,86352,12229.96813,0,91951355
1700736660000,0.14158,0.14161,0.14146,0.14146,145939,1700736719999,20657.74565,173,62520,8851.79102,0,92099603
1700736720000,0.14146,0.14156,0.14138,0.14156,410553,1700736779999,58080.52326,316,299198,42331.29604,0,92145791
1700736780000,0.14152,0.14160,0.14142,0.14149,264802,1700736839999,37480.07732,235,196122,27758.06694,0,92142935
1700736840000,0.14150,0.14164,0.14150,0.14162,70413,1700736899999,9970.31097,83,56983,8068.36947,0,92156787
1700736900000,0.14163,0.14164,0.14149,0.14149,123533,1700736959999,17488.25113,121,27177,3846.87086,0,92166487
1700736960000,0.14150,0.14153,0.14142,0.14144,93614,1700737019999,13244.17142,106,35129,4970.24676,0,92173740
1700737020000,0.14144,0.14154,0.14144,0.14149,116817,1700737079999,16529.14550,100,51266,7254.30168,0,92137257
1700737080000,0.14152,0.14158,0.14145,0.14147,38801,1700737139999,5491.59222,80,16660,2358.20347,0,92084998
1700737140000,0.14147,0.14152,0.14135,0.14147,113950,1700737199999,16114.72436,177,36056,5100.90853,0,92035175
1700737200000,0.14148,0.14148,0.14130,0.14132,307192,1700737259999,43427.78344,308,137660,19462.13375,0,92096690
1700737260000,0.14133,0.14144,0.14132,0.14143,104299,1700737319999,14747.42244,136,40130,5674.83294,0,92096911
1700737320000,0.14144,0.14145,0.14141,0.14143,37418,1700737379999,5291.94068,68,8802,1244.91296,0,91739693
1700737380000,0.14142,0.14144,0.14080,0.14105,1220473,1700737439999,172139.78804,802,210785,29741.12491,0,91735582
1700737440000,0.14105,0.14111,0.14081,0.14102,512942,1700737499999,72295.63302,435,205218,28932.92192,0,91887224
1700737500000,0.14103,0.14109,0.14093,0.14097,171168,1700737559999,24140.12683,213,74093,10450.00880,0,91842073
1700737560000,0.14098,0.14102,0.14071,0.14096,379269,1700737619999,53412.87422,431,132566,18672.80951,0,91842158
1700737620000,0.14096,0.14101,0.14082,0.14092,160066,1700737679999,22562.14210,170,66279,9342.25727,0,91927793
1700737680000,0.14091,0.14097,0.14078,0.14092,249711,1700737739999,35175.66657,226,57759,8139.24446,0,91933687
1700737740000,0.14092,0.14103,0.14086,0.14088,239282,1700737799999,33724.07263,256,92007,12968.66887,0,91967113
1700737800000,0.14096,0.14100,0.14075,0.14092,753185,1700737859999,106099.84036,512,478905,67470.26049,0,92120772
1700737860000,0.14093,0.14095,0.14072,0.14072,237206,1700737919999,33418.75826,139,106524,15009.15366,0,92210591
1700737920000,0.14076,0.14082,0.14050,0.14065,416091,1700737979999,58529.47758,336,165048,23221.24324,0,92215545
1700737980000,0.14064,0.14068,0.14041,0.14048,405996,1700738039999,57051.01214,256,114988,16160.87396,0,91598354
1700738040000,0.14046,0.14046,0.13951,0.14028,2685541,1700738099999,375858.19276,1386,954734,133724.74705,0,91672879
1700738100000,0.14023,0.14028,0.14004,0.14023,748029,1700738159999,104852.09826,542,267791,37546.79103,0,91635538
1700738160000,0.14024,0.14027,0.13996,0.14002,625392,1700738219999,87632.30535,424,149233,20918.70310,0,92051543
1700738220000,0.14003,0.14015,0.13997,0.14005,902242,1700738279999,126346.63808,370,189840,26586.95395,0,92164460
1700738280000,0.14006,0.14012,0.13991,0.14009,521961,1700738339999,73094.42501,395,191273,26785.77758,0,92292387
1700738340000,0.14006,0.14028,0.14001,0.14020,967380,1700738399999,135577.09604,473,627701,87986.36273,0,92405809
1700738400000,0.14020,0.14040,0.14016,0.14040,280398,1700738459999,39335.23323,253,190457,26718.19331,0,92496252
1700738460000,0.14041,0.14053,0.14034,0.14048,516018,1700738519999,72473.32701,351,267533,37578.05692,0,92780007
1700738520000,0.14050,0.14052,0.13959,0.14017,1795098,1700738579999,251132.04462,1052,744760,104173.28616,0,92781741
1700738580000,0.14016,0.14035,0.13975,0.14012,762060,1700738639999,106730.84377,708,302678,42411.16022,0,92904887
1700738640000,0.14010,0.14010,0.13964,0.13998,616420,1700738699999,86198.79923,476,330012,46148.27771,0,92918074
1700738700000,0.13997,0.14009,0.13979,0.14009,688064,1700738759999,96292.78117,474,224596,31434.69600,0,92997487
1700738760000,0.14011,0.14021,0.13983,0.14005,658998,1700738819999,92269.02977,438,170111,23834.12202,0,93308347
1700738820000,0.14006,0.14015,0.13988,0.14014,507220,1700738879999,71023.22829,400,226100,31665.45166,0,93248772
1700738880000,0.14014,0.14037,0.14014,0.14029,291147,1700738939999,40837.05061,254,134914,18925.51927,0,93185429
1700738940000,0.14029,0.14053,0.14021,0.14040,654382,1700738999999,91870.07132,526,350682,49236.07545,0,93242491
1700739000000,0.14040,0.14067,0.14039,0.14067,383392,1700739059999,53887.27450,358,267275,37568.78033,0,93219411
1700739060000,0.14065,0.14074,0.14051,0.14055,350972,1700739119999,49347.74298,226,73759,10371.34375,0,93379766
1700739120000,0.14052,0.14070,0.14042,0.14069,212500,1700739179999,29878.32221,281,135961,19116.35091,0,93418324
1700739180000,0.14068,0.14068,0.14046,0.14050,230837,1700739239999,32445.17642,224,31387,4411.17840,0,93401363
1700739240000,0.14050,0.14056,0.14040,0.14041,219490,1700739299999,30835.49989,178,48175,6766.45610,0,93553174
1700739300000,0.14042,0.14050,0.14014,0.14028,387563,1700739359999,54381.17936,312,109362,15349.12607,0,93562822
1700739360000,0.14029,0.14048,0.14029,0.14036,263225,1700739419999,36958.56604,225,166379,23363.35108,0,93629332
1700739420000,0.14036,0.14044,0.14025,0.14028,234728,1700739479999,32951.94061,132,72838,10225.86716,0,93718649
1700739480000,0.14025,0.14045,0.14022,0.14042,97111,1700739539999,13626.82274,117,65993,9259.83255,0,93753664
1700739540000,0.14044,0.14048,0.14042,0.14046,128511,1700739599999,18048.91283,111,53872,7566.52075,0,93819048
1700739600000,0.14046,0.14046,0.14029,0.14044,200104,1700739659999,28096.05848,128,107322,15067.99315,0,93774730
1700739660000,0.14044,0.14053,0.14044,0.14051,148544,1700739719999,20869.97204,109,37847,5316.76577,0,93857159
1700739720000,0.14049,0.14051,0.14025,0.14030,113230,1700739779999,15894.65823,168,33019,4634.96815,0,93826280
1700739780000,0.14026,0.14037,0.14017,0.14020,348835,1700739839999,48939.65041,192,160374,22507.43752,0,93773122
1700739840000,0.14027,0.14027,0.13990,0.13998,586921,1700739899999,82172.37222,420,110616,15488.78830,0,93722209
1700739900000,0.13999,0.14019,0.13992,0.13992,231441,1700739959999,32416.32075,202,91475,12813.33503,0,93733585
1700739960000,0.13992,0.14000,0.13989,0.13993,122320,1700740019999,17115.46964,182,28820,4032.86130,0,93772128
1700740020000,0.13992,0.14002,0.13977,0.13986,163676,1700740079999,22904.04109,206,68641,9605.97165,0,93812277
1700740080000,0.13986,0.13993,0.13963,0.13993,207927,1700740139999,29064.49297,239,76530,10699.00212,0,93797646
1700740140000,0.13988,0.13993,0.13976,0.13985,203795,1700740199999,28497.61950,193,80676,11282.67237,0,93873148
1700740200000,0.13983,0.13999,0.13973,0.13997,262735,1700740259999,36744.83996,266,152961,21398.39747,0,93971445
1700740260000,0.13997,0.14003,0.13983,0.13986,354619,1700740319999,49627.38412,267,105521,14766.51724,0,93942739
1700740320000,0.13984,0.13988,0.13973,0.13979,223001,1700740379999,31177.17703,197,53210,7439.65512,0,93906314
1700740380000,0.13977,0.13996,0.13959,0.13994,368806,1700740439999,51536.15307,286,237496,33188.00014,0,93923397
1700740440000,0.13993,0.13994,0.13965,0.13967,155013,1700740499999,21667.43808,159,57587,8049.31981,0,93937188
1700740500000,0.13968,0.13992,0.13968,0.13992,97699,1700740559999,13661.65030,112,63971,8944.84620,0,93957879
1700740560000,0.13992,0.14001,0.13989,0.13990,198171,1700740619999,27732.80393,144,57102,7991.18444,0,94020865
1700740620000,0.13990,0.14001,0.13987,0.13995,250498,1700740679999,35055.96389,241,137159,19197.93172,0,94052211
1700740680000,0.13997,0.14001,0.13992,0.13995,91482,1700740739999,12803.74670,116,25521,3572.22591,0,94065638
1700740740000,0.13995,0.14016,0.13995,0.14010,89435,1700740799999,12529.14288,173,37215,5213.77808,0,94032324
1700740800000,0.14011,0.14016,0.13992,0.13993,238921,1700740859999,33462.27831,223,99375,13920.11169,0,94095106
1700740860000,0.13993,0.14010,0.13988,0.14009,187911,1700740919999,26307.35255,249,115173,16121.93910,0,94119556
1700740920000,0.14008,0.14010,0.13989,0.13991,134216,1700740979999,18795.96567,166,38016,5324.49418,0,94131511
1700740980000,0.13994,0.14007,0.13994,0.14007,105368,1700741039999,14752.72427,154,59185,8286.21471,0,94147054
1700741040000,0.14006,0.14010,0.13993,0.13997,128857,1700741099999,18035.47045,141,65846,9215.23144,0,94101149
1700741100000,0.13997,0.14017,0.13992,0.14014,205101,1700741159999,28728.09883,258,123328,17275.85598,0,94182735
1700741160000,0.14014,0.14032,0.14014,0.14031,159213,1700741219999,22332.75931,181,118326,16598.96650,0,94168332
1700741220000,0.14033,0.14059,0.14033,0.14056,181228,1700741279999,25453.77320,202,148335,20834.03133,0,94133450
1700741280000,0.14056,0.14062,0.14050,0.14052,144471,1700741339999,20304.11986,166,76653,10773.05253,0,94073100
1700741340000,0.14052,0.14057,0.14035,0.14035,269117,1700741399999,37800.89887,200,119985,16854.73478,0,94077808
1700741400000,0.14035,0.14049,0.14021,0.14049,179567,1700741459999,25191.64117,230,124150,17416.36634,0,94065679
1700741460000,0.14046,0.14063,0.14032,0.14056,154678,1700741519999,21735.35709,197,73878,10381.48924,0,94078945
1700741520000,0.14058,0.14062,0.14051,0.14057,247195,1700741579999,34742.94594,195,113761,15990.39513,0,94158069
1700741580000,0.14054,0.14070,0.14048,0.14069,353159,1700741639999,49644.02100,290,222804,31326.66271,0,94208886
1700741640000,0.14067,0.14071,0.14063,0.14066,119073,1700741699999,16750.76058,154,69932,9838.15147,0,94246612
1700741700000,0.14068,0.14068,0.14036,0.14039,273373,1700741759999,38401.53580,227,78257,10992.99943,0,94136415
1700741760000,0.14040,0.14043,0.14035,0.14042,88434,1700741819999,12415.37914,102,48079,6750.11580,0,94137506
1700741820000,0.14041,0.14054,0.14035,0.14035,81587,1700741879999,11458.42065,114,29958,4207.57234,0,94113458
1700741880000,0.14035,0.14052,0.14035,0.14037,72117,1700741939999,10126.91491,111,48193,6766.97697,0,94119771
1700741940000,0.14039,0.14046,0.14037,0.14046,45132,1700741999999,6336.86328,71,27288,3831.70231,0,94086919
1700742000000,0.14046,0.14060,0.14044,0.14060,212627,1700742059999,29878.83317,209,74154,10418.38856,0,94025254
1700742060000,0.14058,0.14067,0.14057,0.14062,176168,1700742119999,24772.41100,160,132212,18592.12186,0,94048514
1700742120000,0.14061,0.14072,0.14052,0.14055,427252,1700742179999,60084.33749,236,278260,39133.27106,0,94022714
1700742180000,0.14057,0.14063,0.14043,0.14049,148134,1700742239999,20815.69609,162,71583,10061.23549,0,94019734
1700742240000,0.14050,0.14058,0.14046,0.14055,84233,1700742299999,11834.54592,111,67124,9430.20092,0,93973288
1700742300000,0.14054,0.14061,0.14043,0.14054,220824,1700742359999,31034.17299,232,138880,19517.03660,0,93938654
1700742360000,0.14053,0.14053,0.14047,0.14051,112432,1700742419999,15796.13908,96,44865,6303.07773,0,93880221
1700742420000,0.14050,0.14085,0.14050,0.14076,227192,1700742479999,31970.71477,273,146202,20570.22565,0,93885025
1700742480000,0.14076,0.14084,0.14060,0.14079,584489,1700742539999,82231.26887,496,409005,57547.37435,0,93815965
1700742540000,0.14080,0.14088,0.14068,0.14082,396026,1700742599999,55756.51119,273,314885,44334.42916,0,93974392
1700742600000,0.14082,0.14086,0.14047,0.14053,736973,1700742659999,103604.55668,502,386659,54356.94407,0,94260882
1700742660000,0.14054,0.14058,0.14049,0.14055,244702,1700742719999,34392.50719,246,209112,29391.17225,0,94237994
1700742720000,0.14056,0.14064,0.14040,0.14064,289531,1700742779999,40682.26875,246,231678,32554.59124,0,94182557
1700742780000,0.14065,0.14065,0.14052,0.14053,80769,1700742839999,11354.50205,136,8082,1136.21350,0,94009156
1700742840000,0.14054,0.14068,0.14053,0.14065,250535,1700742899999,35228.12742,191,190346,26764.20993,0,93988782
1700742900000,0.14064,0.14065,0.14056,0.14064,226338,1700742959999,31823.78801,184,132341,18608.08166,0,93991752
1700742960000,0.14064,0.14064,0.14038,0.14053,422666,1700743019999,59384.22070,275,241699,33955.13414,0,93844616
1700743020000,0.14051,0.14061,0.14051,0.14061,157230,1700743079999,22100.60069,131,108218,15211.56562,0,93801850
1700743080000,0.14060,0.14071,0.14060,0.14069,115842,1700743139999,16293.84826,130,50060,7040.73424,0,93803636
1700743140000,0.14069,0.14078,0.14042,0.14042,121689,1700743199999,17117.69259,165,41738,5871.86803,0,93753037
1700743200000,0.14044,0.14061,0.14044,0.14048,190839,1700743259999,26821.69703,182,116588,16385.54224,0,93767205
1700743260000,0.14051,0.14054,0.14016,0.14024,178288,1700743319999,25020.04944,212,46139,6473.50272,0,93712982
1700743320000,0.14023,0.14048,0.14023,0.14047,121155,1700743379999,17008.57484,116,94783,13305.32289,0,93734387
1700743380000,0.14049,0.14053,0.14035,0.14049,104160,1700743439999,14629.85472,118,42199,5927.22471,0,93741994
1700743440000,0.14049,0.14051,0.14036,0.14041,51143,1700743499999,7183.04895,84,13934,1956.31950,0,93754033
1700743500000,0.14038,0.14051,0.14014,0.14025,406142,1700743559999,56990.83692,373,159007,22311.44849,0,93731260
1700743560000,0.14019,0.14032,0.14016,0.14024,147510,1700743619999,20690.25136,168,75497,10590.58284,0,93786526
1700743620000,0.14024,0.14027,0.14009,0.14026,257035,1700743679999,36029.00465,180,55072,7722.48440,0,93776230
1700743680000,0.14028,0.14041,0.14025,0.14041,94081,1700743739999,13200.36855,138,57885,8121.72481,0,93787927
1700743740000,0.14045,0.14060,0.14038,0.14058,102171,1700743799999,14354.97624,107,55590,7813.42717,0,93778938
1700743800000,0.14058,0.14061,0.14040,0.14042,81048,1700743859999,11387.35494,122,20237,2843.69229,0,93774852
1700743860000,0.14045,0.14048,0.14027,0.14032,105957,1700743919999,14872.20419,145,36220,5082.86363,0,93785009
1700743920000,0.14032,0.14040,0.14016,0.14016,49279,1700743979999,6912.86919,95,24594,3449.84937,0,93766891
1700743980000,0.14015,0.14017,0.14005,0.14005,74822,1700744039999,10483.39818,106,28402,3978.96909,0,93748523
1700744040000,0.14007,0.14015,0.14003,0.14007,113836,1700744099999,15947.79784,103,93287,13069.74004,0,93556858
1700744100000,0.14008,0.14012,0.13991,0.14005,454141,1700744159999,63577.09576,318,130277,18238.15287,0,93544596
1700744160000,0.14005,0.14019,0.13990,0.14012,332850,1700744219999,46616.03445,254,214978,30112.62364,0,93498535
1700744220000,0.14013,0.14028,0.14010,0.14028,141798,1700744279999,19877.14034,116,108252,15175.80774,0,93480735
1700744280000,0.14027,0.14030,0.14013,0.14029,201544,1700744339999,28265.97123,153,140479,19703.40369,0,93637325
1700744340000,0.14029,0.14047,0.14028,0.14041,215272,1700744399999,30216.41916,194,179586,25206.80040,0,93641856
1700744400000,0.14042,0.14049,0.14018,0.14023,149062,1700744459999,20919.14660,174,54219,7609.23731,0,93669936
1700744460000,0.14025,0.14056,0.14023,0.14052,173894,1700744519999,24416.08370,156,104601,14689.32727,0,93686660
1700744520000,0.14052,0.14061,0.14050,0.14058,98663,1700744579999,13867.85521,118,18491,2599.18645,0,93700198
1700744580000,0.14058,0.14058,0.14036,0.14039,156336,1700744639999,21959.96097,210,14946,2099.89162,0,93672073
1700744640000,0.14043,0.14045,0.14032,0.14036,123329,1700744699999,17314.00648,135,56425,7921.32778,0,93615909
1700744700000,0.14035,0.14071,0.14033,0.14060,199717,1700744759999,28073.19380,235,82229,11551.64128,0,93578525
1700744760000,0.14063,0.14063,0.14050,0.14063,180077,1700744819999,25312.97615,218,99153,13937.65960,0,93510056
1700744820000,0.14063,0.14065,0.14050,0.14058,57952,1700744879999,8147.92991,86,9997,1405.56714,0,93493006
1700744880000,0.14057,0.14066,0.14057,0.14065,125555,1700744939999,17656.30048,133,84125,11830.16422,0,93484170
1700744940000,0.14064,0.14064,0.14050,0.14054,82887,1700744999999,11653.03168,111,14763,2075.58211,0,93483719
1700745000000,0.14053,0.14083,0.14051,0.14083,180746,1700745059999,25428.12545,226,108921,15326.96234,0,93246937
1700745060000,0.14081,0.14090,0.14071,0.14076,452629,1700745119999,63728.94968,406,124731,17564.16911,0,93207141
1700745120000,0.14076,0.14090,0.14072,0.14088,174371,1700745179999,24557.34909,175,116168,16360.35706,0,93211073
1700745180000,0.14087,0.14090,0.14078,0.14086,97022,1700745239999,13663.40838,119,30845,4343.50815,0,93244158
1700745240000,0.14087,0.14089,0.14076,0.14076,141416,1700745299999,19914.07449,135,52080,7334.14558,0,93286158
1700745300000,0.14077,0.14086,0.14074,0.14076,80141,1700745359999,11283.14665,118,26036,3665.77382,0,93303588
1700745360000,0.14075,0.14097,0.14075,0.14084,69866,1700745419999,9842.29143,118,28737,4047.52792,0,93317664
1700745420000,0.14085,0.14086,0.14072,0.14083,64409,1700745479999,9067.34064,79,28014,3943.42565,0,93314055
1700745480000,0.14084,0.14093,0.14077,0.14084,71622,1700745539999,10088.20114,119,49203,6930.87283,0,93390132
1700745540000,0.14084,0.14084,0.14074,0.14077,116434,1700745599999,16394.06384,79,9528,1341.83271,0,93371478
1700745600000,0.14077,0.14089,0.14069,0.14083,114703,1700745659999,16145.76385,120,42169,5936.48285,0,93435235
1700745660000,0.14084,0.14098,0.14084,0.14094,231733,1700745719999,32657.63217,179,119398,16828.30536,0,93534660
1700745720000,0.14096,0.14097,0.14079,0.14090,157845,1700745779999,22232.63756,131,27809,3918.01449,0,93516601
1700745780000,0.14087,0.14087,0.14078,0.14079,62737,1700745839999,8834.63090,70,23917,3367.96772,0,93506415
1700745840000,0.14079,0.14086,0.14060,0.14064,282850,1700745899999,39796.79001,207,64045,9015.12645,0,93386066
1700745900000,0.14063,0.14066,0.14056,0.14061,160073,1700745959999,22507.99603,189,73057,10272.54396,0,93340137
1700745960000,0.14061,0.14089,0.14061,0.14076,129108,1700746019999,18174.52845,189,83595,11767.65229,0,93338903
1700746020000,0.14076,0.14084,0.14045,0.14048,318148,1700746079999,44712.07411,200,44137,6205.98282,0,93107489
1700746080000,0.14054,0.14054,0.14040,0.14053,198904,1700746139999,27934.81825,138,33512,4706.44092,0,93091077
1700746140000,0.14055,0.14061,0.14049,0.14049,50498,1700746199999,7098.26260,94,27095,3809.11067,0,93082387
1700746200000,0.14050,0.14062,0.14046,0.14058,106668,1700746259999,14992.97170,159,57963,8147.27358,0,93070521
1700746260000,0.14056,0.14060,0.14048,0.14059,153778,1700746319999,21610.38500,150,105457,14820.77196,0,93048689
1700746320000,0.14058,0.14059,0.14039,0.14040,59763,1700746379999,8394.72387,117,18431,2588.35549,0,92972953
1700746380000,0.14042,0.14065,0.14036,0.14062,179877,1700746439999,25274.32064,251,59943,8424.83547,0,92979733
1700746440000,0.14063,0.14063,0.14043,0.14044,61928,1700746499999,8703.25616,85,21362,3002.14090,0,92966874
1700746500000,0.14045,0.14054,0.14042,0.14042,71922,1700746559999,10103.32827,125,34999,4916.70578,0,92966284
1700746560000,0.14043,0.14046,0.14033,0.14038,121583,1700746619999,17069.09379,167,31066,4361.96397,0,92993011
1700746620000,0.14037,0.14044,0.14029,0.14043,122273,1700746679999,17159.85256,121,51774,7267.04428,0,92981423
1700746680000,0.14044,0.14049,0.14040,0.14043,47851,1700746739999,6721.43225,84,24393,3426.57347,0,93033562
1700746740000,0.14044,0.14052,0.14042,0.14051,88675,1700746799999,12457.30351,90,79771,11206.68644,0,93017893
1700746800000,0.14047,0.14049,0.14022,0.14025,74968,1700746859999,10521.33294,116,11757,1650.65527,0,93000936
1700746860000,0.14027,0.14028,0.14010,0.14010,70790,1700746919999,9925.11551,100,20588,2886.37350,0,93262966
1700746920000,0.14011,0.14015,0.13990,0.13999,783061,1700746979999,109632.42708,428,248084,34739.76612,0,93303700
1700746980000,0.13999,0.14005,0.13992,0.13992,124748,1700747039999,17461.28073,143,46833,6556.46154,0,93330769
1700747040000,0.13993,0.13993,0.13990,0.13990,31921,1700747099999,4466.18564,49,6016,841.81508,0,93346013
1700747100000,0.13991,0.14019,0.13990,0.14017,237875,1700747159999,33322.56385,191,216655,30349.57866,0,93329367
1700747160000,0.14017,0.14022,0.13988,0.14004,184793,1700747219999,25876.24795,216,116427,16302.50947,0,93316376
1700747220000,0.14004,0.14004,0.13987,0.13995,158262,1700747279999,22146.77843,141,56615,7921.24606,0,93323654
1700747280000,0.13995,0.13995,0.13954,0.13954,207819,1700747339999,29043.40984,239,55534,7757.31834,0,93288342
1700747340000,0.13955,0.13959,0.13922,0.13951,741437,1700747399999,103359.36852,609,210587,29365.48112,0,93323596
1700747400000,0.13953,0.13966,0.13950,0.13950,264401,1700747459999,36912.91344,207,91624,12790.78072,0,93412137
1700747460000,0.13950,0.13958,0.13936,0.13937,293810,1700747519999,40978.95465,271,157227,21931.28905,0,93423092
1700747520000,0.13938,0.13961,0.13937,0.13956,250480,1700747579999,34946.08835,288,183662,25624.10093,0,93484819
1700747580000,0.13954,0.13962,0.13951,0.13959,214196,1700747639999,29893.40629,188,144536,20172.61813,0,93504527
1700747640000,0.13961,0.13985,0.13961,0.13983,187766,1700747699999,26240.50968,162,104005,14536.44571,0,93519248
1700747700000,0.13985,0.13992,0.13957,0.13981,248251,1700747759999,34687.22205,261,112036,15653.91374,0,93515699
1700747760000,0.13980,0.13980,0.13952,0.13961,235533,1700747819999,32894.99526,176,34051,4756.08888,0,93504691
1700747820000,0.13962,0.13962,0.13952,0.13957,61941,1700747879999,8645.62586,84,19658,2743.90550,0,93523263
1700747880000,0.13960,0.13974,0.13960,0.13970,137775,1700747939999,19243.28977,126,82391,11507.00276,0,93542559
1700747940000,0.13971,0.13973,0.13953,0.13962,72639,1700747999999,10142.33678,103,26217,3660.34285,0,93476510
1700748000000,0.13963,0.13973,0.13944,0.13973,257306,1700748059999,35913.71952,256,70954,9904.57532,0,93473480
1700748060000,0.13970,0.13987,0.13956,0.13981,209744,1700748119999,29315.63766,227,121800,17025.68387,0,93513887
1700748120000,0.13983,0.13994,0.13975,0.13985,251527,1700748179999,35180.68496,299,108625,15194.16454,0,93553987
1700748180000,0.13985,0.13993,0.13979,0.13981,169100,1700748239999,23648.59542,202,72916,10197.37874,0,93557745
1700748240000,0.13985,0.13996,0.13980,0.13992,98519,1700748299999,13782.91035,130,68209,9543.07290,0,93486073
1700748300000,0.13993,0.13993,0.13978,0.13985,210416,1700748359999,29426.37600,194,116140,16241.58926,0,93487738
1700748360000,0.13985,0.13989,0.13981,0.13986,57897,1700748419999,8097.57646,90,24078,3367.36277,0,93443670
1700748420000,0.13986,0.13992,0.13984,0.13992,123411,1700748479999,17259.93853,127,76972,10765.13167,0,93425726
1700748480000,0.13990,0.14001,0.13985,0.13995,144442,1700748539999,20212.44868,171,85569,11975.21274,0,93482461
1700748540000,0.13995,0.13995,0.13964,0.13966,261544,1700748599999,36554.23581,253,85907,12002.53189,0,93491327
1700748600000,0.13967,0.13973,0.13932,0.13938,456602,1700748659999,63674.95388,386,73697,10278.12775,0,93725079
1700748660000,0.13940,0.13940,0.13915,0.13933,400448,1700748719999,55769.02687,355,112653,15691.08495,0,93745756
1700748720000,0.13932,0.13944,0.13930,0.13940,166794,1700748779999,23249.18468,118,113781,15860.76151,0,93734475
1700748780000,0.13939,0.13949,0.13934,0.13942,201906,1700748839999,28148.02646,171,95987,13382.06520,0,93750734
1700748840000,0.13943,0.13949,0.13933,0.13937,168161,1700748899999,23441.42687,144,74127,10333.13428,0,93742052
1700748900000,0.13936,0.13947,0.13925,0.13929,193529,1700748959999,26970.01577,225,61321,8546.89319,0,93744147
1700748960000,0.13936,0.13945,0.13929,0.13945,97894,1700749019999,13641.34043,89,44275,6168.96458,0,93756892
1700749020000,0.13948,0.13957,0.13948,0.13953,141394,1700749079999,19729.01287,152,83086,11593.01747,0,93716485
1700749080000,0.13953,0.13965,0.13952,0.13965,213117,1700749139999,29746.48421,188,152524,21289.81397,0,93651370
1700749140000,0.13964,0.13964,0.13929,0.13930,203862,1700749199999,28419.31603,182,42448,5914.37586,0,93671732
1700749200000,0.13928,0.13928,0.13857,0.13878,1460857,1700749259999,202885.43629,960,219403,30463.78761,0,93817602
1700749260000,0.13878,0.13887,0.13862,0.13883,946938,1700749319999,131395.38488,586,400508,55578.64172,0,93874616
1700749320000,0.13884,0.13892,0.13877,0.13889,608213,1700749379999,84448.82925,301,335971,46651.81055,0,93882750
1700749380000,0.13890,0.13907,0.13887,0.13903,437010,1700749439999,60716.09679,260,276144,38369.63704,0,93850145
1700749440000,0.13903,0.13910,0.13868,0.13884,239584,1700749499999,33282.61393,192,114052,15837.70926,0,93895386
1700749500000,0.13885,0.13893,0.13876,0.13889,229037,1700749559999,31801.52189,189,118067,16392.95612,0,93937083
1700749560000,0.13889,0.13892,0.13877,0.13877,168070,1700749619999,23341.94662,138,104047,14451.11655,0,93920859
1700749620000,0.13878,0.13889,0.13859,0.13864,232897,1700749679999,32317.88447,163,40617,5639.43926,0,93932531
1700749680000,0.13866,0.13881,0.13864,0.13878,100585,1700749739999,13955.31499,93,39134,5429.13140,0,93931858
1700749740000,0.13880,0.13885,0.13871,0.13884,216603,1700749799999,30061.16424,157,144195,20011.81153,0,93949040
1700749800000,0.13885,0.13912,0.13878,0.13909,273384,1700749859999,37986.94381,244,171433,23823.98285,0,93990809
1700749860000,0.13910,0.13913,0.13887,0.13907,229516,1700749919999,31911.27791,242,130635,18162.89329,0,93979183
1700749920000,0.13909,0.13919,0.13898,0.13906,179165,1700749979999,24924.84315,206,110190,15328.26320,0,93935165
1700749980000,0.13906,0.13924,0.13903,0.13924,203984,1700750039999,28387.46062,232,143127,19918.07127,0,93942828
1700750040000,0.13923,0.13951,0.13923,0.13949,189441,1700750099999,26408.23546,234,163142,22740.99414,0,93957714
1700750100000,0.13949,0.13950,0.13925,0.13930,230506,1700750159999,32123.08239,304,96445,13438.05974,0,93989912
1700750160000,0.13928,0.13943,0.13926,0.13943,130951,1700750219999,18249.80026,223,105098,14647.34877,0,93991107
1700750220000,0.13941,0.13945,0.13937,0.13941,121463,1700750279999,16933.29194,173,67214,9370.24350,0,94011981
1700750280000,0.13942,0.13950,0.13939,0.13950,363618,1700750339999,50716.31056,231,343546,47917.66555,0,94163734
1700750340000,0.13950,0.13950,0.13927,0.13930,292549,1700750399999,40799.33902,243,205055,28599.09706,0,94159576
1700750400000,0.13931,0.13936,0.13907,0.13911,214530,1700750459999,29865.90215,241,64936,9043.51368,0,94140002
1700750460000,0.13911,0.13911,0.13901,0.13904,107821,1700750519999,14993.10505,122,79182,11010.69712,0,94147872
1700750520000,0.13904,0.13904,0.13887,0.13888,131814,1700750579999,18312.25782,140,65417,9086.51050,0,94110777
1700750580000,0.13889,0.13917,0.13889,0.13915,211682,1700750639999,29444.62047,174,191039,26572.58111,0,94036534
1700750640000,0.13916,0.13918,0.13910,0.13916,52400,1700750699999,7291.84028,81,18321,2549.56653,0,94010834
1700750700000,0.13916,0.13916,0.13883,0.13895,126956,1700750759999,17642.29048,222,64952,9025.35375,0,94032715
1700750760000,0.13898,0.13905,0.13898,0.13898,100537,1700750819999,13976.72507,114,68801,9564.65983,0,94024347
1700750820000,0.13899,0.13903,0.13887,0.13902,79808,1700750879999,11091.96489,120,24593,3417.81485,0,94032095
1700750880000,0.13903,0.13907,0.13901,0.13905,66620,1700750939999,9263.49018,115,35018,4869.27420,0,94063437
1700750940000,0.13906,0.13920,0.13906,0.13914,126202,1700750999999,17563.34714,154,50009,6958.79942,0,94065601
1700751000000,0.13916,0.13918,0.13904,0.13904,82057,1700751059999,11415.14634,151,40844,5682.18181,0,94019449
1700751060000,0.13904,0.13906,0.13890,0.13894,153746,1700751119999,21370.59421,204,71867,9989.71223,0,93981670
1700751120000,0.13893,0.13893,0.13872,0.13879,191643,1700751179999,26606.04129,214,90128,12513.36448,0,94101414
1700751180000,0.13878,0.13882,0.13852,0.13863,561734,1700751239999,77872.45015,421,153640,21302.13310,0,94077238
1700751240000,0.13865,0.13885,0.13861,0.13883,172981,1700751299999,23999.76908,144,114835,15932.68722,0,94034927
1700751300000,0.13878,0.13902,0.13875,0.13902,183802,1700751359999,25527.55752,151,156329,21713.40798,0,93977367
1700751360000,0.13902,0.13909,0.13895,0.13901,179788,1700751419999,24996.91060,114,46720,6495.57095,0,94009699
1700751420000,0.13900,0.13908,0.13895,0.13908,41451,1700751479999,5762.48387,66,32370,4500.26980,0,94003781
1700751480000,0.13907,0.13908,0.13904,0.13904,57806,1700751539999,8038.89492,59,18604,2587.12240,0,94019546
1700751540000,0.13904,0.13909,0.13894,0.13894,39051,1700751599999,5430.04985,68,15552,2162.65265,0,94016607
1700751600000,0.13895,0.13908,0.13892,0.13908,103138,1700751659999,14335.00445,198,54111,7521.40119,0,94045458
1700751660000,0.13907,0.13920,0.13906,0.13920,65599,1700751719999,9124.54456,121,54428,7570.62011,0,94023660
1700751720000,0.13920,0.13938,0.13920,0.13921,115589,1700751779999,16104.66930,193,66333,9242.91903,0,93966862
1700751780000,0.13921,0.13941,0.13914,0.13938,102681,1700751839999,14301.39198,144,79836,11119.62315,0,93975063
1700751840000,0.13939,0.13941,0.13900,0.13901,312754,1700751899999,43537.13489,288,49073,6834.31340,0,93918479
1700751900000,0.13906,0.13915,0.13901,0.13908,193876,1700751959999,26968.21375,225,164704,22911.09376,0,93904855
1700751960000,0.13909,0.13915,0.13903,0.13909,198802,1700752019999,27654.95064,203,97892,13618.06288,0,93532946
1700752020000,0.13910,0.13930,0.13903,0.13905,807038,1700752079999,112302.61033,242,755499,105130.48548,0,93639579
1700752080000,0.13905,0.13908,0.13869,0.13888,682321,1700752139999,94744.96308,388,181149,25157.13791,0,93562153
1700752140000,0.13887,0.13891,0.13883,0.13885,245550,1700752199999,34098.37541,185,161672,22450.26130,0,93544109
1700752200000,0.13883,0.13888,0.13881,0.13885,63018,1700752259999,8749.70304,86,19546,2714.09783,0,93538980
1700752260000,0.13885,0.13885,0.13869,0.13869,116793,1700752319999,16210.79453,139,40712,5651.51079,0,93512716
1700752320000,0.13870,0.13871,0.13832,0.13846,637175,1700752379999,88232.86164,501,144877,20066.96045,0,93558319
1700752380000,0.13846,0.13850,0.13843,0.13845,138062,1700752439999,19116.82061,126,71767,9936.47784,0,93637812
1700752440000,0.13845,0.13845,0.13825,0.13841,210919,1700752499999,29186.87071,206,95152,13167.30551,0,93628455
1700752500000,0.13839,0.13860,0.13839,0.13842,262827,1700752559999,36401.58848,252,140616,19475.46141,0,93654828
1700752560000,0.13842,0.13863,0.13840,0.13863,140910,1700752619999,19522.05051,158,75866,10511.07033,0,93660815
1700752620000,0.13862,0.13872,0.13848,0.13851,215015,1700752679999,29811.96726,181,122831,17031.70030,0,93728151
1700752680000,0.13851,0.13856,0.13837,0.13841,141927,1700752739999,19653.52505,158,71039,9838.18646,0,93783362
1700752740000,0.13841,0.13841,0.13816,0.13827,260167,1700752799999,35981.20089,230,77524,10720.12210,0,93753457
1700752800000,0.13829,0.13829,0.13772,0.13797,948276,1700752859999,130885.09949,781,417909,57674.64554,0,93303951
1700752860000,0.13794,0.13801,0.13750,0.13798,1362695,1700752919999,187822.27853,948,607867,83821.72331,0,93280627
1700752920000,0.13798,0.13803,0.13785,0.13797,520588,1700752979999,71812.45788,375,296831,40949.92969,0,93200406
1700752980000,0.13796,0.13800,0.13785,0.13791,371794,1700753039999,51270.37378,264,174039,24000.75183,0,93225624
1700753040000,0.13791,0.13799,0.13781,0.13783,375573,1700753099999,51794.23409,327,165648,22846.58051,0,93359897
1700753100000,0.13784,0.13794,0.13772,0.13782,395562,1700753159999,54532.81577,312,169115,23316.33426,0,93351703
1700753160000,0.13784,0.13790,0.13743,0.13756,719014,1700753219999,98994.17831,584,242622,33409.34020,0,93394201
1700753220000,0.13756,0.13774,0.13730,0.13750,1540779,1700753279999,211890.75916,1160,750204,103204.26287,0,93588237
1700753280000,0.13750,0.13793,0.13750,0.13793,538641,1700753339999,74135.45378,376,298967,41156.72148,0,93623778
1700753340000,0.13795,0.13808,0.13778,0.13789,448437,1700753399999,61870.95303,326,232389,32063.86074,0,93711159
1700753400000,0.13789,0.13789,0.13761,0.13764,446061,1700753459999,61467.00724,358,112551,15506.93139,0,93804444
1700753460000,0.13761,0.13789,0.13745,0.13787,373309,1700753519999,51385.57067,394,230350,31720.45510,0,93814961
1700753520000,0.13787,0.13841,0.13785,0.13838,471649,1700753579999,65161.93211,567,345538,47739.36261,0,93782090
1700753580000,0.13839,0.13878,0.13835,0.13874,384202,1700753639999,53234.11598,413,251799,34892.06047,0,93930545
1700753640000,0.13874,0.13884,0.13872,0.13872,372092,1700753699999,51641.02570,295,121730,16895.40277,0,93875387
1700753700000,0.13873,0.13908,0.13866,0.13905,481817,1700753759999,66889.94332,347,354551,49226.11728,0,93818808
1700753760000,0.13905,0.13905,0.13876,0.13876,276073,1700753819999,38347.62357,395,123035,17085.96509,0,93806706
1700753820000,0.13875,0.13880,0.13865,0.13875,115363,1700753879999,16006.86273,200,75271,10444.23661,0,93858927
1700753880000,0.13875,0.13886,0.13862,0.13875,162370,1700753939999,22533.43775,158,77677,10779.08607,0,93824324
1700753940000,0.13874,0.13875,0.13857,0.13863,174136,1700753999999,24144.58049,180,123572,17134.15339,0,93829932
1700754000000,0.13862,0.13869,0.13852,0.13869,231089,1700754059999,32028.14899,233,123108,17063.14528,0,93757165
1700754060000,0.13870,0.13894,0.13863,0.13878,597956,1700754119999,83016.86814,374,220487,30609.97704,0,93985067
1700754120000,0.13884,0.13891,0.13881,0.13887,142043,1700754179999,19723.91979,129,82911,11512.60870,0,93984752
1700754180000,0.13887,0.13891,0.13872,0.13872,211029,1700754239999,29291.93692,200,110391,15323.08870,0,93917569
1700754240000,0.13873,0.13878,0.13869,0.13872,123800,1700754299999,17175.01635,93,89783,12456.41581,0,93908867
1700754300000,0.13871,0.13879,0.13855,0.13858,111265,1700754359999,15430.64436,186,67365,9344.38667,0,93930679
1700754360000,0.13859,0.13859,0.13815,0.13815,201850,1700754419999,27927.56996,190,18948,2621.05639,0,93965195
1700754420000,0.13815,0.13845,0.13810,0.13843,98550,1700754479999,13622.93796,123,66129,9143.10921,0,94009010
1700754480000,0.13845,0.13859,0.13817,0.13822,211694,1700754539999,29303.16460,187,137378,19018.97176,0,93994389
1700754540000,0.13821,0.13850,0.13821,0.13847,108827,1700754599999,15059.59304,154,62695,8675.17425,0,93989162
1700754600000,0.13849,0.13855,0.13839,0.13840,68892,1700754659999,9539.51619,126,27919,3865.87625,0,94009198
1700754660000,0.13841,0.13841,0.13809,0.13828,155843,1700754719999,21541.78928,181,83505,11538.65595,0,94022886
1700754720000,0.13828,0.13833,0.13782,0.13794,487358,1700754779999,67266.11302,869,283706,39161.37343,0,93952719
1700754780000,0.13794,0.13796,0.13777,0.13794,349278,1700754839999,48163.28636,352,199483,27508.90635,0,93993913
1700754840000,0.13794,0.13797,0.13769,0.13797,301064,1700754899999,41495.07791,230,139405,19217.38363,0,94052258
1700754900000,0.13795,0.13810,0.13779,0.13793,475707,1700754959999,65613.04207,376,258421,35646.03985,0,94067733
1700754960000,0.13794,0.13810,0.13777,0.13785,240552,1700755019999,33183.52100,225,115212,15892.38164,0,94059055
1700755020000,0.13780,0.13792,0.13772,0.13786,127136,1700755079999,17519.91691,168,68954,9502.63608,0,94045023
1700755080000,0.13788,0.13812,0.13788,0.13812,235845,1700755139999,32552.14164,172,190288,26264.65879,0,93984072
1700755140000,0.13813,0.13816,0.13795,0.13795,168273,1700755199999,23235.22068,183,81497,11256.69172,0,93958570
1700755200000,0.13800,0.13803,0.13783,0.13785,216966,1700755259999,29930.31049,221,74617,10294.73461,0,93913438
1700755260000,0.13784,0.13803,0.13769,0.13803,380963,1700755319999,52526.31754,351,236533,32622.93708,0,93907289
1700755320000,0.13804,0.13833,0.13804,0.13831,151961,1700755379999,21003.04741,211,99194,13709.53300,0,93892529
1700755380000,0.13830,0.13854,0.13830,0.13854,328066,1700755439999,45418.02638,278,245597,34002.74384,0,93831419
1700755440000,0.13855,0.13863,0.13846,0.13851,189227,1700755499999,26216.55399,218,101643,14081.72559,0,93733144
1700755500000,0.13853,0.13853,0.13841,0.13849,189248,1700755559999,26203.46935,189,115503,15992.79914,0,93743537
1700755560000,0.13850,0.13863,0.13842,0.13863,217094,1700755619999,30064.82228,189,123016,17036.51172,0,93747387
1700755620000,0.13860,0.13877,0.13856,0.13875,173257,1700755679999,24022.30590,172,134025,18583.02367,0,93704359
1700755680000,0.13877,0.13914,0.13873,0.13913,615795,1700755739999,85609.30390,431,520919,72421.80927,0,93537528
1700756100000,0.13913,0.13913,0.13900,0.13911,198724,1700756159999,27633.47427,225,60256,8379.01087,0,93883439
1700756160000,0.13911,0.13922,0.13911,0.13918,158029,1700756219999,21994.65874,150,85989,11967.23596,0,93918375
1700756220000,0.13918,0.13918,0.13905,0.13906,111433,1700756279999,15501.90055,122,35446,4931.63951,0,93829015
1700756280000,0.13906,0.13906,0.13899,0.13904,128865,1700756339999,17914.51992,117,52166,7251.94771,0,93792266
1700756340000,0.13903,0.13908,0.13894,0.13894,79641,1700756399999,11070.61501,114,33629,4674.76972,0,93776646
1700756400000,0.13894,0.13899,0.13890,0.13890,72549,1700756459999,10079.52746,106,30147,4188.89634,0,93752950
1700756460000,0.13890,0.13898,0.13888,0.13898,141511,1700756519999,19658.77520,109,89742,12467.72411,0,93744374
1700756520000,0.13897,0.13936,0.13897,0.13913,563863,1700756579999,78492.24653,366,126307,17588.58176,0,93861941
1700756580000,0.13916,0.13916,0.13909,0.13911,134770,1700756639999,18749.59318,123,46852,6518.33886,0,93878066
1700756640000,0.13910,0.13918,0.13896,0.13896,139088,1700756699999,19342.62755,116,9760,1357.92892,0,93876862
1700756700000,0.13896,0.13898,0.13889,0.13892,90420,1700756759999,12562.49836,132,53273,7401.96893,0,93866163
1700756760000,0.13891,0.13895,0.13886,0.13894,77085,1700756819999,10707.29490,73,48591,6749.46884,0,93861423
1700756820000,0.13892,0.13897,0.13882,0.13883,134977,1700756879999,18747.57342,120,67305,9349.09712,0,93895260
1700756880000,0.13883,0.13889,0.13882,0.13889,27082,1700756939999,3760.25587,55,21936,3045.85978,0,93929403
1700756940000,0.13891,0.13898,0.13885,0.13890,98308,1700756999999,13654.83691,113,52618,7308.84669,0,93919600
1700757000000,0.13891,0.13894,0.13877,0.13880,122426,1700757059999,16998.15179,159,48590,6746.32749,0,93958534
1700757060000,0.13878,0.13882,0.13871,0.13871,68027,1700757119999,9438.60944,100,23028,3195.43450,0,93928113
1700757120000,0.13870,0.13870,0.13854,0.13869,140896,1700757179999,19535.16345,195,38886,5391.31861,0,93923898
1700757180000,0.13868,0.13873,0.13852,0.13873,158115,1700757239999,21914.94006,187,60584,8398.08264,0,93872144
1700757240000,0.13872,0.13874,0.13861,0.13863,43565,1700757299999,6041.00603,104,10819,1500.28683,0,93885567
1700757300000,0.13864,0.13878,0.13854,0.13874,134080,1700757359999,18589.04759,154,73188,10149.21963,0,93850253
1700757360000,0.13874,0.13878,0.13869,0.13869,49228,1700757419999,6830.33262,94,14957,2075.29461,0,93860944
1700757420000,0.13869,0.13875,0.13855,0.13860,86761,1700757479999,12029.46404,141,53214,7377.51539,0,93853840
1700757480000,0.13859,0.13867,0.13856,0.13866,42355,1700757539999,5871.08738,64,25220,3496.39962,0,93882421
1700757540000,0.13866,0.13872,0.13851,0.13852,219727,1700757599999,30457.04678,188,63348,8781.60479,0,93907573
1700757600000,0.13852,0.13853,0.13846,0.13849,149156,1700757659999,20656.54838,131,68957,9549.44652,0,93941000
1700757660000,0.13850,0.13860,0.13822,0.13834,170014,1700757719999,23533.92674,182,63162,8740.77197,0,93858293
