1700694600000,1.4740,0.5958,0.4042,1.3226,0.5695,0.4305,1.7579,0.6374,0.3626,0.4236,33312.5000,78647.8700
1700694900000,1.4673,0.5947,0.4053,1.3244,0.5698,0.4302,1.8177,0.6451,0.3549,0.4236,33312.5000,78647.8700
1700695200000,1.4728,0.5956,0.4044,1.3271,0.5703,0.4297,1.8114,0.6443,0.3557,0.4236,33312.5000,78647.8700
1700695500000,1.5233,0.6037,0.3963,1.3222,0.5694,0.4306,1.8114,0.6443,0.3557,0.4236,33312.5000,78647.8700
1700695800000,1.5202,0.6032,0.3968,1.3360,0.5719,0.4281,1.8050,0.6435,0.3565,0.4236,33312.5000,78647.8700
1700696100000,1.5253,0.6040,0.3960,1.3393,0.5725,0.4275,1.8027,0.6432,0.3568,0.4236,33312.5000,78647.8700
1700696400000,1.5195,0.6031,0.3969,1.3399,0.5726,0.4274,1.8058,0.6436,0.3564,0.4236,33312.5000,78647.8700
1700696700000,1.5208,0.6033,0.3967,1.3397,0.5726,0.4274,1.8106,0.6442,0.3558,0.4236,33312.5000,78647.8700
1700697000000,1.5202,0.6032,0.3968,1.3397,0.5726,0.4274,1.8177,0.6451,0.3549,0.4236,33312.5000,78647.8700
1700697300000,1.5221,0.6035,0.3965,1.3388,0.5724,0.4276,1.8217,0.6456,0.3544,0.4236,33312.5000,78647.8700
1700697600000,1.5304,0.6048,0.3952,1.3365,0.5720,0.4280,1.8401,0.6479,0.3521,0.4236,33312.5000,78647.8700
1700697900000,1.5400,0.6063,0.3937,1.3349,0.5717,0.4283,1.8441,0.6484,0.3516,0.4236,33312.5000,78647.8700
1700698200000,1.5497,0.6078,0.3922,1.3333,0.5714,0.4286,1.8321,0.6469,0.3531,0.4236,33312.5000,78647.8700
1700698500000,1.5582,0.6091,0.3909,1.3387,0.5724,0.4276,1.8297,0.6466,0.3534,0.4236,33312.5000,78647.8700
1700698800000,1.5497,0.6078,0.3922,1.3416,0.5729,0.4271,1.8241,0.6459,0.3541,0.4236,33312.5000,78647.8700
1700699100000,1.5419,0.6066,0.3934,1.3410,0.5728,0.4272,1.8281,0.6464,0.3536,0.4236,33312.5000,78647.8700
1700699400000,1.5419,0.6066,0.3934,1.3431,0.5732,0.4268,1.8377,0.6476,0.3524,0.4236,33312.5000,78647.8700
1700699700000,1.5484,0.6076,0.3924,1.3449,0.5735,0.4265,1.8385,0.6477,0.3523,0.4236,33312.5000,78647.8700
1700700000000,1.5589,0.6092,0.3908,1.3456,0.5737,0.4263,1.8441,0.6484,0.3516,0.4236,33312.5000,78647.8700
1700700300000,1.5589,0.6092,0.3908,1.3455,0.5736,0.4264,1.8450,0.6485,0.3515,0.4236,33312.5000,78647.8700
1700700600000,1.5608,0.6095,0.3905,1.3464,0.5738,0.4262,1.8490,0.6490,0.3510,0.4236,33312.5000,78647.8700
1700700900000,1.5582,0.6091,0.3909,1.3440,0.5734,0.4266,1.8417,0.6481,0.3519,0.4236,33312.5000,78647.8700
1700701200000,1.5615,0.6096,0.3904,1.3435,0.5733,0.4267,1.8441,0.6484,0.3516,0.4236,33312.5000,78647.8700
1700701500000,1.5615,0.6096,0.3904,1.3447,0.5735,0.4265,1.8401,0.6479,0.3521,0.4236,33312.5000,78647.8700
1700701800000,1.5654,0.6102,0.3898,1.3464,0.5738,0.4262,1.8393,0.6478,0.3522,0.4236,33312.5000,78647.8700
1700702100000,1.5575,0.6090,0.3910,1.3438,0.5733,0.4267,1.8425,0.6482,0.3518,0.4236,33312.5000,78647.8700
1700702400000,1.5575,0.6090,0.3910,1.3456,0.5737,0.4263,1.8361,0.6474,0.3526,0.4236,33312.5000,78647.8700
1700702700000,1.5615,0.6096,0.3904,1.3454,0.5736,0.4264,1.8337,0.6471,0.3529,0.4236,33312.5000,78647.8700
1700703000000,1.5523,0.6082,0.3918,1.3440,0.5734,0.4266,1.8297,0.6466,0.3534,0.4236,33312.5000,78647.8700
1700703300000,1.5543,0.6085,0.3915,1.3451,0.5736,0.4264,1.8369,0.6475,0.3525,0.4236,33312.5000,78647.8700
1700703600000,1.5549,0.6086,0.3914,1.3453,0.5736,0.4264,1.8425,0.6482,0.3518,0.4236,33312.5000,78647.8700
1700703900000,1.5608,0.6095,0.3905,1.3440,0.5734,0.4266,1.8482,0.6489,0.3511,0.4236,33312.5000,78647.8700
1700704200000,1.5621,0.6097,0.3903,1.3419,0.5730,0.4270,1.8596,0.6503,0.3497,0.4236,33312.5000,78647.8700
1700704500000,1.5667,0.6104,0.3896,1.3424,0.5731,0.4269,1.8555,0.6498,0.3502,0.4236,33312.5000,78647.8700
1700704800000,1.5773,0.6120,0.3880,1.3418,0.5730,0.4270,1.8620,0.6506,0.3494,0.4236,33312.5000,78647.8700
1700705100000,1.5767,0.6119,0.3881,1.3442,0.5734,0.4266,1.8629,0.6507,0.3493,0.4236,33312.5000,78647.8700
1700705400000,1.5806,0.6125,0.3875,1.3996,0.5833,0.4167,1.8539,0.6496,0.3504,0.4236,33312.5000,78647.8700
1700705700000,1.6624,0.6244,0.3756,1.4027,0.5838,0.4162,1.8531,0.6495,0.3505,0.4236,33312.5000,78647.8700
1700706000000,1.6553,0.6234,0.3766,1.4037,0.5840,0.4160,1.8612,0.6505,0.3495,0.4236,33312.5000,78647.8700
1700706300000,1.6490,0.6225,0.3775,1.4085,0.5848,0.4152,1.8588,0.6502,0.3498,0.4236,33312.5000,78647.8700
1700706600000,1.6553,0.6234,0.3766,1.4067,0.5845,0.4155,1.8514,0.6493,0.3507,0.4236,33312.5000,78647.8700
1700706900000,1.6525,0.6230,0.3770,1.4078,0.5847,0.4153,1.8539,0.6496,0.3504,0.4236,33312.5000,78647.8700
1700707200000,1.6462,0.6221,0.3779,1.4064,0.5844,0.4156,1.8523,0.6494,0.3506,0.4236,33312.5000,78647.8700
1700707500000,1.6476,0.6223,0.3777,1.4054,0.5843,0.4157,1.8555,0.6498,0.3502,0.4236,33312.5000,78647.8700
1700707800000,1.6469,0.6222,0.3778,1.4027,0.5838,0.4162,1.8563,0.6499,0.3501,0.4236,33312.5000,78647.8700
1700708100000,1.6483,0.6224,0.3776,1.4027,0.5838,0.4162,1.8474,0.6488,0.3512,0.4236,33312.5000,78647.8700
1700708400000,1.6483,0.6224,0.3776,1.4018,0.5837,0.4163,1.8539,0.6496,0.3504,0.4236,33312.5000,78647.8700
1700708700000,1.6406,0.6213,0.3787,1.4021,0.5837,0.4163,1.8514,0.6493,0.3507,0.4236,33312.5000,78647.8700
1700709000000,1.6462,0.6221,0.3779,1.4015,0.5836,0.4164,1.8514,0.6493,0.3507,0.4236,33312.5000,78647.8700
1700709300000,1.6434,0.6217,0.3783,1.3989,0.5831,0.4169,1.8531,0.6495,0.3505,0.4236,33312.5000,78647.8700
1700709600000,1.6441,0.6218,0.3782,1.3995,0.5833,0.4167,1.8458,0.6486,0.3514,0.4236,33312.5000,78647.8700
1700709900000,1.6427,0.6216,0.3784,1.3993,0.5832,0.4168,1.8377,0.6476,0.3524,0.4236,33312.5000,78647.8700
1700710200000,1.6364,0.6207,0.3793,1.4079,0.5847,0.4153,1.8450,0.6485,0.3515,0.4236,33312.5000,78647.8700
1700710500000,1.6288,0.6196,0.3804,1.4019,0.5837,0.4163,1.8441,0.6484,0.3516,0.4236,33312.5000,78647.8700
1700710800000,1.6274,0.6194,0.3806,1.3906,0.5817,0.4183,1.8441,0.6484,0.3516,0.4236,33312.5000,78647.8700
1700711100000,1.6295,0.6197,0.3803,1.3918,0.5819,0.4181,1.8401,0.6479,0.3521,0.4236,33312.5000,78647.8700
1700712300000,1.6344,0.6204,0.3796,1.3928,0.5821,0.4179,1.8514,0.6493,0.3507,0.4236,33312.5000,78647.8700
1700712600000,1.6399,0.6212,0.3788,1.3864,0.5810,0.4190,1.8523,0.6494,0.3506,0.4236,33312.5000,78647.8700
1700712900000,1.6469,0.6222,0.3778,1.3873,0.5811,0.4189,1.8506,0.6492,0.3508,0.4236,33312.5000,78647.8700
1700713200000,1.6448,0.6219,0.3781,1.3883,0.5813,0.4187,1.8514,0.6493,0.3507,0.4236,33312.5000,78647.8700
1700713500000,1.6413,0.6214,0.3786,1.3896,0.5815,0.4185,1.8498,0.6491,0.3509,0.4236,33312.5000,78647.8700
1700713800000,1.6427,0.6216,0.3784,1.3896,0.5815,0.4185,1.8514,0.6493,0.3507,0.4236,33312.5000,78647.8700
1700714100000,1.6434,0.6217,0.3783,1.3884,0.5813,0.4187,1.8580,0.6501,0.3499,0.4236,33312.5000,78647.8700
1700714400000,1.6546,0.6233,0.3767,1.3877,0.5812,0.4188,1.8620,0.6506,0.3494,0.4236,33312.5000,78647.8700
1700714700000,1.6539,0.6232,0.3768,1.3865,0.5810,0.4190,1.8653,0.6510,0.3490,0.4236,33312.5000,78647.8700
1700715000000,1.6546,0.6233,0.3767,1.3870,0.5811,0.4189,1.8678,0.6513,0.3487,0.4236,33312.5000,78647.8700
1700715300000,1.6525,0.6230,0.3770,1.3882,0.5813,0.4187,1.8637,0.6508,0.3492,0.4236,33312.5000,78647.8700
1700715600000,1.6525,0.6230,0.3770,1.3880,0.5812,0.4188,1.8645,0.6509,0.3491,0.4236,33312.5000,78647.8700
1700715900000,1.6504,0.6227,0.3773,1.3873,0.5811,0.4189,1.8629,0.6507,0.3493,0.4236,33312.5000,78647.8700
1700716200000,1.6483,0.6224,0.3776,1.3862,0.5809,0.4191,1.8637,0.6508,0.3492,0.4236,33312.5000,78647.8700
1700716500000,1.6497,0.6226,0.3774,1.3875,0.5812,0.4188,1.8752,0.6522,0.3478,0.4236,33312.5000,78647.8700
1700716800000,1.6575,0.6237,0.3763,1.3844,0.5806,0.4194,1.8694,0.6515,0.3485,0.4236,33312.5000,78647.8700
1700717100000,1.6546,0.6233,0.3767,1.3859,0.5809,0.4191,1.8694,0.6515,0.3485,0.4236,33312.5000,78647.8700
1700717400000,1.6553,0.6234,0.3766,1.3860,0.5809,0.4191,1.8637,0.6508,0.3492,0.4236,33312.5000,78647.8700
1700717700000,1.6504,0.6227,0.3773,1.3907,0.5817,0.4183,1.8637,0.6508,0.3492,0.4236,33312.5000,78647.8700
1700718000000,1.6497,0.6226,0.3774,1.3917,0.5819,0.4181,1.8678,0.6513,0.3487,0.4236,33312.5000,78647.8700
1700718300000,1.6490,0.6225,0.3775,1.3896,0.5815,0.4185,1.8645,0.6509,0.3491,0.4236,33312.5000,78647.8700
1700718600000,1.6469,0.6222,0.3778,1.3838,0.5805,0.4195,1.8670,0.6512,0.3488,0.4236,33312.5000,78647.8700
1700718900000,1.6469,0.6222,0.3778,1.3859,0.5809,0.4191,1.8711,0.6517,0.3483,0.4236,33312.5000,78647.8700
1700719200000,1.6518,0.6229,0.3771,1.3913,0.5818,0.4182,1.8604,0.6504,0.3496,0.4236,33312.5000,78647.8700
1700719500000,1.6434,0.6217,0.3783,1.3894,0.5815,0.4185,1.8686,0.6514,0.3486,0.4236,33312.5000,78647.8700
1700719800000,1.6511,0.6228,0.3772,1.3856,0.5808,0.4192,1.8736,0.6520,0.3480,0.4236,33312.5000,78647.8700
1700720100000,1.6575,0.6237,0.3763,1.3847,0.5807,0.4193,1.8736,0.6520,0.3480,0.4236,33312.5000,78647.8700
1700720400000,1.6539,0.6232,0.3768,1.3756,0.5791,0.4209,1.8769,0.6524,0.3476,0.4236,33312.5000,78647.8700
1700720700000,1.6582,0.6238,0.3762,1.3770,0.5793,0.4207,1.8736,0.6520,0.3480,0.4236,33312.5000,78647.8700
1700721000000,1.6532,0.6231,0.3769,1.3757,0.5791,0.4209,1.8818,0.6530,0.3470,0.4236,33312.5000,78647.8700
1700721300000,1.6575,0.6237,0.3763,1.3811,0.5800,0.4200,1.8852,0.6534,0.3466,0.4236,33312.5000,78647.8700
1700721600000,1.6575,0.6237,0.3763,1.3778,0.5794,0.4206,1.8818,0.6530,0.3470,0.4236,33312.5000,78647.8700
1700721900000,1.6560,0.6235,0.3765,1.3797,0.5798,0.4202,1.8802,0.6528,0.3472,0.4236,33312.5000,78647.8700
1700722200000,1.6567,0.6236,0.3764,1.3771,0.5793,0.4207,1.8794,0.6527,0.3473,0.4236,33312.5000,78647.8700
1700722500000,1.6589,0.6239,0.3761,1.3817,0.5801,0.4199,1.8777,0.6525,0.3475,0.4236,33312.5000,78647.8700
1700722800000,1.6546,0.6233,0.3767,1.3828,0.5803,0.4197,1.8785,0.6526,0.3474,0.4236,33312.5000,78647.8700
1700723100000,1.6525,0.6230,0.3770,1.3816,0.5801,0.4199,1.8752,0.6522,0.3478,0.4236,33312.5000,78647.8700
1700723400000,1.6490,0.6225,0.3775,1.3820,0.5802,0.4198,1.8450,0.6485,0.3515,0.4236,33312.5000,78647.8700
1700723700000,1.6441,0.6218,0.3782,1.3848,0.5807,0.4193,1.8450,0.6485,0.3515,0.4236,33312.5000,78647.8700
1700724000000,1.6455,0.6220,0.3780,1.3865,0.5810,0.4190,1.8393,0.6478,0.3522,0.4236,33312.5000,78647.8700
1700724300000,1.6399,0.6212,0.3788,1.3902,0.5816,0.4184,1.8441,0.6484,0.3516,0.4236,33312.5000,78647.8700
1700724600000,1.6434,0.6217,0.3783,1.3908,0.5817,0.4183,1.8337,0.6471,0.3529,0.4236,33312.5000,78647.8700
1700724900000,1.6371,0.6208,0.3792,1.3891,0.5814,0.4186,1.8377,0.6476,0.3524,0.4236,33312.5000,78647.8700
1700725200000,1.6364,0.6207,0.3793,1.3846,0.5806,0.4194,1.8353,0.6473,0.3527,0.4236,33312.5000,78647.8700
1700725500000,1.6385,0.6210,0.3790,1.3853,0.5808,0.4192,1.8321,0.6469,0.3531,0.4236,33312.5000,78647.8700
1700725800000,1.6378,0.6209,0.3791,1.3857,0.5808,0.4192,1.8321,0.6469,0.3531,0.4236,33312.5000,78647.8700
1700726100000,1.6385,0.6210,0.3790,1.3863,0.5809,0.4191,1.8361,0.6474,0.3526,0.4236,33312.5000,78647.8700
1700726400000,1.6427,0.6216,0.3784,1.3895,0.5815,0.4185,1.8401,0.6479,0.3521,0.4236,33312.5000,78647.8700
1700726700000,1.6420,0.6215,0.3785,1.3902,0.5816,0.4184,1.8345,0.6472,0.3528,0.4236,33312.5000,78647.8700
1700727000000,1.6392,0.6211,0.3789,1.3913,0.5818,0.4182,1.8337,0.6471,0.3529,0.4236,33312.5000,78647.8700
1700727300000,1.6385,0.6210,0.3790,1.3906,0.5817,0.4183,1.8305,0.6467,0.3533,0.4236,33312.5000,78647.8700
1700727600000,1.6330,0.6202,0.3798,1.3869,0.5810,0.4190,1.8297,0.6466,0.3534,0.4236,33312.5000,78647.8700
1700727900000,1.6323,0.6201,0.3799,1.3850,0.5807,0.4193,1.8305,0.6467,0.3533,0.4236,33312.5000,78647.8700
1700728200000,1.6337,0.6203,0.3797,1.3844,0.5806,0.4194,1.8289,0.6465,0.3535,0.4236,33312.5000,78647.8700
1700728500000,1.6302,0.6198,0.3802,1.3828,0.5803,0.4197,1.8225,0.6457,0.3543,0.4236,33312.5000,78647.8700
1700728800000,1.6178,0.6180,0.3820,1.3796,0.5798,0.4202,1.8145,0.6447,0.3553,0.4236,33312.5000,78647.8700
1700729100000,1.6055,0.6162,0.3838,1.3780,0.5795,0.4205,1.8177,0.6451,0.3549,0.4236,33312.5000,78647.8700
1700729400000,1.6089,0.6167,0.3833,1.3779,0.5795,0.4205,1.8265,0.6462,0.3538,0.4236,33312.5000,78647.8700
1700729700000,1.6123,0.6172,0.3828,1.3755,0.5790,0.4210,1.8225,0.6457,0.3543,0.4236,33312.5000,78647.8700
1700730000000,1.6123,0.6172,0.3828,1.3743,0.5788,0.4212,1.7988,0.6427,0.3573,0.4236,33312.5000,78647.8700
1700730300000,1.5900,0.6139,0.3861,1.3939,0.5823,0.4177,1.7996,0.6428,0.3572,0.4236,33312.5000,78647.8700
1700730600000,1.5913,0.6141,0.3859,1.3931,0.5821,0.4179,1.7972,0.6425,0.3575,0.4236,33312.5000,78647.8700
1700730900000,1.5927,0.6143,0.3857,1.3935,0.5822,0.4178,1.8106,0.6442,0.3558,0.4236,33312.5000,78647.8700
1700731200000,1.6042,0.6160,0.3840,1.3888,0.5814,0.4186,1.8225,0.6457,0.3543,0.4236,33312.5000,78647.8700
1700731500000,1.6226,0.6187,0.3813,1.3812,0.5801,0.4199,1.8225,0.6457,0.3543,0.4236,33312.5000,78647.8700
1700731800000,1.6199,0.6183,0.3817,1.3803,0.5799,0.4201,1.8185,0.6452,0.3548,0.4236,33312.5000,78647.8700
1700732100000,1.6144,0.6175,0.3825,1.3807,0.5800,0.4200,1.8177,0.6451,0.3549,0.4236,33312.5000,78647.8700
1700732400000,1.6164,0.6178,0.3822,1.3847,0.5807,0.4193,1.8193,0.6453,0.3547,0.4236,33312.5000,78647.8700
1700732700000,1.6171,0.6179,0.3821,1.3836,0.5805,0.4195,1.8265,0.6462,0.3538,0.4236,33312.5000,78647.8700
1700733000000,1.6199,0.6183,0.3817,1.3818,0.5801,0.4199,1.8193,0.6453,0.3547,0.4236,33312.5000,78647.8700
1700733300000,1.6185,0.6181,0.3819,1.3848,0.5807,0.4193,1.8241,0.6459,0.3541,0.4236,33312.5000,78647.8700
1700733600000,1.6171,0.6179,0.3821,1.3849,0.5807,0.4193,1.8281,0.6464,0.3536,0.4236,33312.5000,78647.8700
1700733900000,1.6199,0.6183,0.3817,1.3792,0.5797,0.4203,1.8257,0.6461,0.3539,0.4236,33312.5000,78647.8700
1700734200000,1.6178,0.6180,0.3820,1.3776,0.5794,0.4206,1.8145,0.6447,0.3553,0.4236,33312.5000,78647.8700
1700734500000,1.6096,0.6168,0.3832,1.3786,0.5796,0.4204,1.8098,0.6441,0.3559,0.4236,33312.5000,78647.8700
1700734800000,1.6035,0.6159,0.3841,1.3794,0.5797,0.4203,1.8050,0.6435,0.3565,0.4236,33312.5000,78647.8700
1700735100000,1.6048,0.6161,0.3839,1.3829,0.5803,0.4197,1.8058,0.6436,0.3564,0.4236,33312.5000,78647.8700
1700735400000,1.6069,0.6164,0.3836,1.3816,0.5801,0.4199,1.8106,0.6442,0.3558,0.4236,33312.5000,78647.8700
1700735700000,1.6103,0.6169,0.3831,1.3806,0.5799,0.4201,1.8129,0.6445,0.3555,0.4236,33312.5000,78647.8700
1700736000000,1.6082,0.6166,0.3834,1.3797,0.5798,0.4202,1.8177,0.6451,0.3549,0.4236,33312.5000,78647.8700
1700736300000,1.6116,0.6171,0.3829,1.3801,0.5799,0.4201,1.8201,0.6454,0.3546,0.4236,33312.5000,78647.8700
1700736600000,1.6110,0.6170,0.3830,1.3791,0.5797,0.4203,1.8161,0.6449,0.3551,0.4236,33312.5000,78647.8700
1700736900000,1.6110,0.6170,0.3830,1.3828,0.5803,0.4197,1.8161,0.6449,0.3551,0.4236,33312.5000,78647.8700
1700737200000,1.6144,0.6175,0.3825,1.3839,0.5805,0.4195,1.8098,0.6441,0.3559,0.4236,33312.5000,78647.8700
1700737500000,1.6089,0.6167,0.3833,1.3826,0.5803,0.4197,1.8129,0.6445,0.3555,0.4236,33312.5000,78647.8700
1700737800000,1.6116,0.6171,0.3829,1.3757,0.5791,0.4209,1.8153,0.6448,0.3552,0.4236,33312.5000,78647.8700
1700738100000,1.6144,0.6175,0.3825,1.3842,0.5806,0.4194,1.8201,0.6454,0.3546,0.4236,33312.5000,78647.8700
1700738400000,1.6171,0.6179,0.3821,1.3890,0.5814,0.4186,1.8233,0.6458,0.3542,0.4236,33312.5000,78647.8700
1700738700000,1.6462,0.6221,0.3779,1.4039,0.5840,0.4160,1.8137,0.6446,0.3554,0.4236,33312.5000,78647.8700
1700739000000,1.6323,0.6201,0.3799,1.4012,0.5835,0.4165,1.8193,0.6453,0.3547,0.4236,33312.5000,78647.8700
1700739300000,1.6323,0.6201,0.3799,1.3942,0.5823,0.4177,1.8193,0.6453,0.3547,0.4236,33312.5000,78647.8700
1700739600000,1.6344,0.6204,0.3796,1.3963,0.5827,0.4173,1.8225,0.6457,0.3543,0.4236,33312.5000,78647.8700
1700739900000,1.6378,0.6209,0.3791,1.3974,0.5829,0.4171,1.8257,0.6461,0.3539,0.4236,33312.5000,78647.8700
1700740200000,1.6364,0.6207,0.3793,1.3986,0.5831,0.4169,1.8090,0.6440,0.3560,0.4236,33312.5000,78647.8700
1700740500000,1.6205,0.6184,0.3816,1.3945,0.5824,0.4176,1.8137,0.6446,0.3554,0.4236,33312.5000,78647.8700
1700740800000,1.6185,0.6181,0.3819,1.3948,0.5824,0.4176,1.8177,0.6451,0.3549,0.4236,33312.5000,78647.8700
1700741100000,1.6192,0.6182,0.3818,1.3944,0.5824,0.4176,1.7980,0.6426,0.3574,0.4236,33312.5000,78647.8700
1700741400000,1.6062,0.6163,0.3837,1.4011,0.5835,0.4165,1.8050,0.6435,0.3565,0.4236,33312.5000,78647.8700
1700741700000,1.6116,0.6171,0.3829,1.4044,0.5841,0.4159,1.8090,0.6440,0.3560,0.4236,33312.5000,78647.8700
1700742000000,1.6192,0.6182,0.3818,1.4055,0.5843,0.4157,1.8185,0.6452,0.3548,0.4236,33312.5000,78647.8700
1700742300000,1.6205,0.6184,0.3816,1.3986,0.5831,0.4169,1.8121,0.6444,0.3556,0.4236,33312.5000,78647.8700
1700742600000,1.6205,0.6184,0.3816,1.4008,0.5835,0.4165,1.8209,0.6455,0.3545,0.4236,33312.5000,78647.8700
1700742900000,1.6344,0.6204,0.3796,1.3954,0.5825,0.4175,1.8177,0.6451,0.3549,0.4236,33312.5000,78647.8700
1700743200000,1.6261,0.6192,0.3808,1.3934,0.5822,0.4178,1.8369,0.6475,0.3525,0.4236,33312.5000,78647.8700
1700743500000,1.6316,0.6200,0.3800,1.3917,0.5819,0.4181,1.8265,0.6462,0.3538,0.4236,33312.5000,78647.8700
1700743800000,1.6261,0.6192,0.3808,1.3967,0.5828,0.4172,1.8257,0.6461,0.3539,0.4236,33312.5000,78647.8700
1700744100000,1.6309,0.6199,0.3801,1.3966,0.5827,0.4173,1.8090,0.6440,0.3560,0.4236,33312.5000,78647.8700
1700744400000,1.6219,0.6186,0.3814,1.3943,0.5823,0.4177,1.8074,0.6438,0.3562,0.4236,33312.5000,78647.8700
1700744700000,1.6247,0.6190,0.3810,1.3911,0.5818,0.4182,1.8066,0.6437,0.3563,0.4236,33312.5000,78647.8700
1700745000000,1.6288,0.6196,0.3804,1.3904,0.5817,0.4183,1.8035,0.6433,0.3567,0.4236,33312.5000,78647.8700
1700745300000,1.6274,0.6194,0.3806,1.3916,0.5819,0.4181,1.8011,0.6430,0.3570,0.4236,33312.5000,78647.8700
1700745600000,1.6281,0.6195,0.3805,1.3920,0.5819,0.4181,1.7996,0.6428,0.3572,0.4236,33312.5000,78647.8700
1700745900000,1.6364,0.6207,0.3793,1.3943,0.5823,0.4177,1.8019,0.6431,0.3569,0.4236,33312.5000,78647.8700
1700746200000,1.6427,0.6216,0.3784,1.3967,0.5828,0.4172,1.8058,0.6436,0.3564,0.4236,33312.5000,78647.8700
1700746500000,1.6483,0.6224,0.3776,1.3974,0.5829,0.4171,1.8058,0.6436,0.3564,0.4236,33312.5000,78647.8700
1700746800000,1.6490,0.6225,0.3775,1.3978,0.5830,0.4170,1.7933,0.6420,0.3580,0.4236,33312.5000,78647.8700
1700747100000,1.6385,0.6210,0.3790,1.3975,0.5829,0.4171,1.7972,0.6425,0.3575,0.4236,33312.5000,78647.8700
1700747400000,1.6392,0.6211,0.3789,1.3934,0.5822,0.4178,1.8177,0.6451,0.3549,0.4236,33312.5000,78647.8700
1700747700000,1.6546,0.6233,0.3767,1.3941,0.5823,0.4177,1.8121,0.6444,0.3556,0.4236,33312.5000,78647.8700
1700748000000,1.6553,0.6234,0.3766,1.3966,0.5828,0.4172,1.8121,0.6444,0.3556,0.4236,33312.5000,78647.8700
1700748300000,1.6553,0.6234,0.3766,1.3953,0.5825,0.4175,1.8121,0.6444,0.3556,0.4236,33312.5000,78647.8700
1700748600000,1.6553,0.6234,0.3766,1.3983,0.5830,0.4170,1.8082,0.6439,0.3561,0.4236,33312.5000,78647.8700
1700748900000,1.6525,0.6230,0.3770,1.3986,0.5831,0.4169,1.8066,0.6437,0.3563,0.4236,33312.5000,78647.8700
1700749200000,1.6511,0.6228,0.3772,1.3977,0.5829,0.4171,1.8050,0.6435,0.3565,0.4236,33312.5000,78647.8700
1700749500000,1.6483,0.6224,0.3776,1.3991,0.5832,0.4168,1.8050,0.6435,0.3565,0.4236,33312.5000,78647.8700
1700749800000,1.6448,0.6219,0.3781,1.3981,0.5830,0.4170,1.8043,0.6434,0.3566,0.4236,33312.5000,78647.8700
1700750100000,1.6448,0.6219,0.3781,1.3959,0.5826,0.4174,1.7996,0.6428,0.3572,0.4236,33312.5000,78647.8700
1700750400000,1.6420,0.6215,0.3785,1.3918,0.5819,0.4181,1.8121,0.6444,0.3556,0.4236,33312.5000,78647.8700
1700750700000,1.6497,0.6226,0.3774,1.3865,0.5810,0.4190,1.8145,0.6447,0.3553,0.4236,33312.5000,78647.8700
1700751000000,1.6511,0.6228,0.3772,1.3830,0.5804,0.4196,1.8185,0.6452,0.3548,0.4236,33312.5000,78647.8700
1700751300000,1.6567,0.6236,0.3764,1.3831,0.5804,0.4196,1.8161,0.6449,0.3551,0.4236,33312.5000,78647.8700
1700751600000,1.6582,0.6238,0.3762,1.3877,0.5812,0.4188,1.8257,0.6461,0.3539,0.4236,33312.5000,78647.8700
1700751900000,1.6652,0.6248,0.3752,1.3889,0.5814,0.4186,1.8305,0.6467,0.3533,0.4236,33312.5000,78647.8700
1700752200000,1.6695,0.6254,0.3746,1.3893,0.5815,0.4185,1.8249,0.6460,0.3540,0.4236,33312.5000,78647.8700
1700752500000,1.6652,0.6248,0.3752,1.3896,0.5815,0.4185,1.8185,0.6452,0.3548,0.4236,33312.5000,78647.8700
1700752800000,1.6532,0.6231,0.3769,1.3873,0.5811,0.4189,1.8217,0.6456,0.3544,0.4236,33312.5000,78647.8700
1700753100000,1.6645,0.6247,0.3753,1.3882,0.5813,0.4187,1.8337,0.6471,0.3529,0.4236,33312.5000,78647.8700
1700753400000,1.6560,0.6235,0.3765,1.3825,0.5803,0.4197,1.8490,0.6490,0.3510,0.4236,33312.5000,78647.8700
1700753700000,1.6738,0.6260,0.3740,1.3830,0.5804,0.4196,1.8571,0.6500,0.3500,0.4236,33312.5000,78647.8700
1700754000000,1.6867,0.6278,0.3722,1.3842,0.5806,0.4194,1.8547,0.6497,0.3503,0.4236,33312.5000,78647.8700
1700754300000,1.6896,0.6282,0.3718,1.3880,0.5812,0.4188,1.8345,0.6472,0.3528,0.4236,33312.5000,78647.8700
1700754600000,1.6681,0.6252,0.3748,1.3929,0.5821,0.4179,1.8313,0.6468,0.3532,0.4236,33312.5000,78647.8700
1700754900000,1.6674,0.6251,0.3749,1.3901,0.5816,0.4184,1.8313,0.6468,0.3532,0.4236,33312.5000,78647.8700
1700755200000,1.6645,0.6247,0.3753,1.3852,0.5807,0.4193,1.8361,0.6474,0.3526,0.4236,33312.5000,78647.8700
1700755500000,1.6688,0.6253,0.3747,1.3816,0.5801,0.4199,1.8612,0.6505,0.3495,0.4236,33312.5000,78647.8700
1700755800000,1.7005,0.6297,0.3703,1.3806,0.5799,0.4201,1.8571,0.6500,0.3500,0.4236,33312.5000,78647.8700
1700756100000,1.7020,0.6299,0.3701,1.3817,0.5801,0.4199,1.8588,0.6502,0.3498,0.4236,33312.5000,78647.8700
1700756400000,1.7042,0.6302,0.3698,1.3837,0.5805,0.4195,1.8785,0.6526,0.3474,0.4236,33312.5000,78647.8700
1700756700000,1.7203,0.6324,0.3676,1.3832,0.5804,0.4196,1.8827,0.6531,0.3469,0.4236,33312.5000,78647.8700
1700757000000,1.7203,0.6324,0.3676,1.3813,0.5801,0.4199,1.8818,0.6530,0.3470,0.4236,33312.5000,78647.8700
1700757300000,1.7218,0.6326,0.3674,1.3800,0.5798,0.4202,1.8827,0.6531,0.3469,0.4236,33312.5000,78647.8700
1700757600000,1.7263,0.6332,0.3668,1.3822,0.5802,0.4198,1.8785,0.6526,0.3474,0.4236,33312.5000,78647.8700
1700757900000,1.7144,0.6316,0.3684,1.3797,0.5798,0.4202,1.8877,0.6537,0.3463,0.4236,33312.5000,78647.8700
1700758200000,1.7226,0.6327,0.3673,1.3834,0.5804,0.4196,1.8927,0.6543,0.3457,0.4236,33312.5000,78647.8700
1700758500000,1.7263,0.6332,0.3668,1.3833,0.5804,0.4196,1.8827,0.6531,0.3469,0.4236,33312.5000,78647.8700
1700758800000,1.7255,0.6331,0.3669,1.3822,0.5802,0.4198,1.8744,0.6521,0.3479,0.4236,33312.5000,78647.8700
1700759100000,1.7233,0.6328,0.3672,1.3817,0.5801,0.4199,1.8571,0.6500,0.3500,0.4236,33312.5000,78647.8700
1700759400000,1.7115,0.6312,0.3688,1.3831,0.5804,0.4196,1.8620,0.6506,0.3494,0.4236,33312.5000,78647.8700
1700759700000,1.7108,0.6311,0.3689,1.3851,0.5807,0.4193,1.8727,0.6519,0.3481,0.4236,33312.5000,78647.8700
1700760000000,1.7211,0.6325,0.3675,1.3868,0.5810,0.4190,1.8686,0.6514,0.3486,0.4236,33312.5000,78647.8700
1700760300000,1.7174,0.6320,0.3680,1.3864,0.5810,0.4190,1.8678,0.6513,0.3487,0.4236,33312.5000,78647.8700
1700760600000,1.7159,0.6318,0.3682,1.3868,0.5810,0.4190,1.8662,0.6511,0.3489,0.4236,33312.5000,78647.8700
1700760900000,1.7144,0.6316,0.3684,1.3870,0.5811,0.4189,1.8637,0.6508,0.3492,0.4236,33312.5000,78647.8700
1700761200000,1.7152,0.6317,0.3683,1.3862,0.5809,0.4191,1.8620,0.6506,0.3494,0.4236,33312.5000,78647.8700
1700761500000,1.7137,0.6315,0.3685,1.3852,0.5808,0.4192,1.8523,0.6494,0.3506,0.4236,33312.5000,78647.8700
1700761800000,1.7064,0.6305,0.3695,1.3852,0.5807,0.4193,1.8450,0.6485,0.3515,0.4236,33312.5000,78647.8700
1700762100000,1.6991,0.6295,0.3705,1.3875,0.5811,0.4189,1.8490,0.6490,0.3510,0.4236,33312.5000,78647.8700
1700762400000,1.7020,0.6299,0.3701,1.3885,0.5813,0.4187,1.8523,0.6494,0.3506,0.4236,33312.5000,78647.8700
1700762700000,1.7027,0.6300,0.3700,1.3839,0.5805,0.4195,1.8490,0.6490,0.3510,0.4236,33312.5000,78647.8700
1700763000000,1.6911,0.6284,0.3716,1.3851,0.5807,0.4193,1.8531,0.6495,0.3505,0.4236,33312.5000,78647.8700
1700763300000,1.6947,0.6289,0.3711,1.3857,0.5808,0.4192,1.8490,0.6490,0.3510,0.4236,33312.5000,78647.8700
1700763600000,1.6932,0.6287,0.3713,1.3874,0.5811,0.4189,1.8514,0.6493,0.3507,0.4236,33312.5000,78647.8700
1700763900000,1.6940,0.6288,0.3712,1.3880,0.5812,0.4188,1.8531,0.6495,0.3505,0.4236,33312.5000,78647.8700
1700764200000,1.6940,0.6288,0.3712,1.3879,0.5812,0.4188,1.8539,0.6496,0.3504,0.4236,33312.5000,78647.8700
1700764500000,1.6947,0.6289,0.3711,1.3894,0.5815,0.4185,1.8531,0.6495,0.3505,0.4236,33312.5000,78647.8700
1700764800000,1.6954,0.6290,0.3710,1.3907,0.5817,0.4183,1.8498,0.6491,0.3509,0.4236,33312.5000,78647.8700
1700765100000,1.6918,0.6285,0.3715,1.3888,0.5814,0.4186,1.8523,0.6494,0.3506,0.4236,33312.5000,78647.8700
1700765400000,1.6896,0.6282,0.3718,1.3862,0.5809,0.4191,1.8506,0.6492,0.3508,0.4236,33312.5000,78647.8700
1700765700000,1.6903,0.6283,0.3717,1.3886,0.5814,0.4186,1.8539,0.6496,0.3504,0.4236,33312.5000,78647.8700
1700766000000,1.6940,0.6288,0.3712,1.3853,0.5808,0.4192,1.8482,0.6489,0.3511,0.4236,33312.5000,78647.8700
1700766300000,1.6947,0.6289,0.3711,1.3879,0.5812,0.4188,1.8393,0.6478,0.3522,0.4236,33312.5000,78647.8700
1700766600000,1.6860,0.6277,0.3723,1.3867,0.5810,0.4190,1.8433,0.6483,0.3517,0.4236,33312.5000,78647.8700
1700766900000,1.6846,0.6275,0.3725,1.3849,0.5807,0.4193,1.8337,0.6471,0.3529,0.4236,33312.5000,78647.8700
1700767200000,1.6831,0.6273,0.3727,1.3873,0.5811,0.4189,1.8321,0.6469,0.3531,0.4236,33312.5000,78647.8700
1700767500000,1.6810,0.6270,0.3730,1.3907,0.5817,0.4183,1.8329,0.6470,0.3530,0.4236,33312.5000,78647.8700
1700767800000,1.6838,0.6274,0.3726,1.3910,0.5818,0.4182,1.8321,0.6469,0.3531,0.4236,33312.5000,78647.8700
1700768100000,1.6810,0.6270,0.3730,1.3913,0.5818,0.4182,1.8345,0.6472,0.3528,0.4236,33312.5000,78647.8700
1700768400000,1.6824,0.6272,0.3728,1.3919,0.5819,0.4181,1.8337,0.6471,0.3529,0.4236,33312.5000,78647.8700
1700768700000,1.6788,0.6267,0.3733,1.3920,0.5819,0.4181,1.8249,0.6460,0.3540,0.4236,33312.5000,78647.8700
1700769000000,1.6702,0.6255,0.3745,1.3924,0.5820,0.4180,1.8273,0.6463,0.3537,0.4236,33312.5000,78647.8700
1700769300000,1.6709,0.6256,0.3744,1.3936,0.5822,0.4178,1.8281,0.6464,0.3536,0.4236,33312.5000,78647.8700
1700769600000,1.6745,0.6261,0.3739,1.3938,0.5823,0.4177,1.8417,0.6481,0.3519,0.4236,33312.5000,78647.8700
1700769900000,1.6838,0.6274,0.3726,1.3921,0.5820,0.4180,1.8385,0.6477,0.3523,0.4236,33312.5000,78647.8700
1700770200000,1.6824,0.6272,0.3728,1.3905,0.5817,0.4183,1.8385,0.6477,0.3523,0.4236,33312.5000,78647.8700
1700770500000,1.6838,0.6274,0.3726,1.3906,0.5817,0.4183,1.8385,0.6477,0.3523,0.4236,33312.5000,78647.8700
1700770800000,1.6802,0.6269,0.3731,1.3882,0.5813,0.4187,1.8401,0.6479,0.3521,0.4236,33312.5000,78647.8700
1700771100000,1.6896,0.6282,0.3718,1.3891,0.5814,0.4186,1.8385,0.6477,0.3523,0.4236,33312.5000,78647.8700
1700771400000,1.6867,0.6278,0.3722,1.3896,0.5815,0.4185,1.8425,0.6482,0.3518,0.4236,33312.5000,78647.8700
1700771700000,1.6911,0.6284,0.3716,1.3891,0.5814,0.4186,1.8425,0.6482,0.3518,0.4236,33312.5000,78647.8700
1700772000000,1.6896,0.6282,0.3718,1.3892,0.5815,0.4185,1.8401,0.6479,0.3521,0.4236,33312.5000,78647.8700
1700772300000,1.6918,0.6285,0.3715,1.3903,0.5816,0.4184,1.8441,0.6484,0.3516,0.4236,33312.5000,78647.8700
1700772600000,1.6896,0.6282,0.3718,1.3907,0.5817,0.4183,1.8433,0.6483,0.3517,0.4236,33312.5000,78647.8700
1700772900000,1.6911,0.6284,0.3716,1.3905,0.5817,0.4183,1.8482,0.6489,0.3511,0.4236,33312.5000,78647.8700
1700773200000,1.6932,0.6287,0.3713,1.3900,0.5816,0.4184,1.8531,0.6495,0.3505,0.4236,33312.5000,78647.8700
1700773500000,1.7034,0.6301,0.3699,1.3900,0.5816,0.4184,1.8539,0.6496,0.3504,0.4236,33312.5000,78647.8700
1700773800000,1.7100,0.6310,0.3690,1.3910,0.5818,0.4182,1.8571,0.6500,0.3500,0.4236,33312.5000,78647.8700
1700774100000,1.7086,0.6308,0.3692,1.3930,0.5821,0.4179,1.8498,0.6491,0.3509,0.4236,33312.5000,78647.8700
1700774400000,1.7071,0.6306,0.3694,1.3967,0.5828,0.4172,1.8498,0.6491,0.3509,0.4236,33312.5000,78647.8700
1700774700000,1.7049,0.6303,0.3697,1.3973,0.5829,0.4171,1.8506,0.6492,0.3508,0.4236,33312.5000,78647.8700
1700775000000,1.7042,0.6302,0.3698,1.3986,0.5831,0.4169,1.8506,0.6492,0.3508,0.4236,33312.5000,78647.8700
1700775300000,1.7020,0.6299,0.3701,1.3994,0.5832,0.4168,1.8604,0.6504,0.3496,0.4236,33312.5000,78647.8700
1700775600000,1.7042,0.6302,0.3698,1.3979,0.5830,0.4170,1.8612,0.6505,0.3495,0.4236,33312.5000,78647.8700
1700775900000,1.7108,0.6311,0.3689,1.3984,0.5831,0.4169,1.8604,0.6504,0.3496,0.4236,33312.5000,78647.8700
1700776200000,1.7115,0.6312,0.3688,1.3969,0.5828,0.4172,1.8588,0.6502,0.3498,0.4236,33312.5000,78647.8700
1700776500000,1.7122,0.6313,0.3687,1.3971,0.5828,0.4172,1.8612,0.6505,0.3495,0.4236,33312.5000,78647.8700
1700776800000,1.7130,0.6314,0.3686,1.3933,0.5822,0.4178,1.8653,0.6510,0.3490,0.4236,33312.5000,78647.8700
1700777100000,1.7144,0.6316,0.3684,1.3922,0.5820,0.4180,1.8662,0.6511,0.3489,0.4236,33312.5000,78647.8700
1700777400000,1.7137,0.6315,0.3685,1.3929,0.5821,0.4179,1.8678,0.6513,0.3487,0.4236,33312.5000,78647.8700
1700777700000,1.7152,0.6317,0.3683,1.3938,0.5823,0.4177,1.8645,0.6509,0.3491,0.4236,33312.5000,78647.8700
1700778000000,1.7122,0.6313,0.3687,1.3932,0.5821,0.4179,1.8662,0.6511,0.3489,0.4236,33312.5000,78647.8700
1700778300000,1.7167,0.6319,0.3681,1.3948,0.5824,0.4176,1.8670,0.6512,0.3488,0.4236,33312.5000,78647.8700
1700778600000,1.7144,0.6316,0.3684,1.3930,0.5821,0.4179,1.8670,0.6512,0.3488,0.4236,33312.5000,78647.8700
1700778900000,1.7137,0.6315,0.3685,1.3929,0.5821,0.4179,1.8662,0.6511,0.3489,0.4236,33312.5000,78647.8700
1700779200000,1.7152,0.6317,0.3683,1.3939,0.5823,0.4177,1.8670,0.6512,0.3488,0.4236,33312.5000,78647.8700
1700779500000,1.7159,0.6318,0.3682,1.3930,0.5821,0.4179,1.8653,0.6510,0.3490,0.4236,33312.5000,78647.8700
1700779800000,1.7130,0.6314,0.3686,1.3925,0.5820,0.4180,1.8653,0.6510,0.3490,0.4236,33312.5000,78647.8700
1700780100000,1.7108,0.6311,0.3689,1.3920,0.5819,0.4181,1.8637,0.6508,0.3492,0.4236,33312.5000,78647.8700
1700780400000,1.7071,0.6306,0.3694,1.3910,0.5818,0.4182,1.8620,0.6506,0.3494,0.4236,33312.5000,78647.8700
1700780700000,1.7086,0.6308,0.3692,1.3911,0.5818,0.4182,1.8686,0.6514,0.3486,0.4236,33312.5000,78647.8700
1700781000000,1.7137,0.6315,0.3685,1.3886,0.5813,0.4187,1.8678,0.6513,0.3487,0.4236,33312.5000,78647.8700
1700781300000,1.7144,0.6316,0.3684,1.3905,0.5817,0.4183,1.8620,0.6506,0.3494,0.4236,33312.5000,78647.8700
1700781600000,1.7130,0.6314,0.3686,1.3931,0.5821,0.4179,1.8604,0.6504,0.3496,0.4236,33312.5000,78647.8700
1700781900000,1.7086,0.6308,0.3692,1.3919,0.5819,0.4181,1.8580,0.6501,0.3499,0.4236,33312.5000,78647.8700
1700782200000,1.7130,0.6314,0.3686,1.3931,0.5821,0.4179,1.8604,0.6504,0.3496,0.4236,33312.5000,78647.8700
1700782500000,1.7100,0.6310,0.3690,1.3939,0.5823,0.4177,1.8645,0.6509,0.3491,0.4236,33312.5000,78647.8700
1700782800000,1.7144,0.6316,0.3684,1.3959,0.5826,0.4174,1.8612,0.6505,0.3495,0.4236,33312.5000,78647.8700
1700783100000,1.7122,0.6313,0.3687,1.3962,0.5827,0.4173,1.8612,0.6505,0.3495,0.4236,33312.5000,78647.8700
1700783400000,1.7152,0.6317,0.3683,1.3952,0.5825,0.4175,1.8703,0.6516,0.3484,0.4236,33312.5000,78647.8700
1700783700000,1.7174,0.6320,0.3680,1.3952,0.5825,0.4175,1.8777,0.6525,0.3475,0.4236,33312.5000,78647.8700
1700784000000,1.7352,0.6344,0.3656,1.3953,0.5825,0.4175,1.8960,0.6547,0.3453,0.4236,33312.5000,78647.8700
1700784300000,1.7450,0.6357,0.3643,1.3904,0.5817,0.4183,1.8944,0.6545,0.3455,0.4236,33312.5000,78647.8700
1700784600000,1.7495,0.6363,0.3637,1.3941,0.5823,0.4177,1.8952,0.6546,0.3454,0.4236,33312.5000,78647.8700
1700784900000,1.7465,0.6359,0.3641,1.3920,0.5819,0.4181,1.8960,0.6547,0.3453,0.4236,33312.5000,78647.8700
1700785200000,1.7480,0.6361,0.3639,1.3927,0.5821,0.4179,1.8885,0.6538,0.3462,0.4236,33312.5000,78647.8700
1700785500000,1.7397,0.6350,0.3650,1.3923,0.5820,0.4180,1.8868,0.6536,0.3464,0.4236,33312.5000,78647.8700
1700785800000,1.7427,0.6354,0.3646,1.3928,0.5821,0.4179,1.8877,0.6537,0.3463,0.4236,33312.5000,78647.8700
1700786100000,1.7420,0.6353,0.3647,1.3932,0.5821,0.4179,1.8843,0.6533,0.3467,0.4236,33312.5000,78647.8700
1700786400000,1.7412,0.6352,0.3648,1.3955,0.5826,0.4174,1.8852,0.6534,0.3466,0.4236,33312.5000,78647.8700
1700786700000,1.7412,0.6352,0.3648,1.3957,0.5826,0.4174,1.8760,0.6523,0.3477,0.4236,33312.5000,78647.8700
1700787000000,1.7315,0.6339,0.3661,1.3944,0.5824,0.4176,1.8827,0.6531,0.3469,0.4236,33312.5000,78647.8700
1700787300000,1.7352,0.6344,0.3656,1.3913,0.5818,0.4182,1.8835,0.6532,0.3468,0.4236,33312.5000,78647.8700
1700787600000,1.7375,0.6347,0.3653,1.3925,0.5820,0.4180,1.8868,0.6536,0.3464,0.4236,33312.5000,78647.8700
1700787900000,1.7382,0.6348,0.3652,1.3914,0.5818,0.4182,1.8785,0.6526,0.3474,0.4236,33312.5000,78647.8700
1700788200000,1.7337,0.6342,0.3658,1.3887,0.5814,0.4186,1.8794,0.6527,0.3473,0.4236,33312.5000,78647.8700
1700788500000,1.7330,0.6341,0.3659,1.3914,0.5818,0.4182,1.8612,0.6505,0.3495,0.4236,33312.5000,78647.8700
1700788800000,1.7322,0.6340,0.3660,1.3937,0.5822,0.4178,1.8490,0.6490,0.3510,0.4236,33312.5000,78647.8700
1700789100000,1.7226,0.6327,0.3673,1.3937,0.5822,0.4178,1.8498,0.6491,0.3509,0.4236,33312.5000,78647.8700
1700789400000,1.7248,0.6330,0.3670,1.3937,0.5822,0.4178,1.8736,0.6520,0.3480,0.4236,33312.5000,78647.8700
1700789700000,1.7233,0.6328,0.3672,1.3962,0.5827,0.4173,1.8736,0.6520,0.3480,0.4236,33312.5000,78647.8700
1700790000000,1.7218,0.6326,0.3674,1.3952,0.5825,0.4175,1.8794,0.6527,0.3473,0.4236,33312.5000,78647.8700
1700790300000,1.7255,0.6331,0.3669,1.3927,0.5821,0.4179,1.8777,0.6525,0.3475,0.4236,33312.5000,78647.8700
1700790600000,1.7241,0.6329,0.3671,1.3921,0.5820,0.4180,1.8810,0.6529,0.3471,0.4236,33312.5000,78647.8700
1700790900000,1.7255,0.6331,0.3669,1.3825,0.5803,0.4197,1.8794,0.6527,0.3473,0.4236,33312.5000,78647.8700
1700791200000,1.7315,0.6339,0.3661,1.3830,0.5804,0.4196,1.8885,0.6538,0.3462,0.4236,33312.5000,78647.8700
1700791500000,1.7337,0.6342,0.3658,1.3835,0.5804,0.4196,1.8852,0.6534,0.3466,0.4236,33312.5000,78647.8700
1700791800000,1.7307,0.6338,0.3662,1.3838,0.5805,0.4195,1.8960,0.6547,0.3453,0.4236,33312.5000,78647.8700
1700792100000,1.7352,0.6344,0.3656,1.3842,0.5806,0.4194,1.8868,0.6536,0.3464,0.4236,33312.5000,78647.8700
1700792400000,1.7278,0.6334,0.3666,1.3863,0.5809,0.4191,1.8794,0.6527,0.3473,0.4236,33312.5000,78647.8700
1700792700000,1.7174,0.6320,0.3680,1.3873,0.5811,0.4189,1.8927,0.6543,0.3457,0.4236,33312.5000,78647.8700
1700793000000,1.7241,0.6329,0.3671,1.3863,0.5809,0.4191,1.8944,0.6545,0.3455,0.4236,33312.5000,78647.8700
1700793300000,1.7278,0.6334,0.3666,1.3861,0.5809,0.4191,1.8514,0.6493,0.3507,0.4236,33312.5000,78647.8700
1700793600000,1.7100,0.6310,0.3690,1.3855,0.5808,0.4192,1.8441,0.6484,0.3516,0.4236,33312.5000,78647.8700
1700793900000,1.7020,0.6299,0.3701,1.3857,0.5808,0.4192,1.8629,0.6507,0.3493,0.4236,33312.5000,78647.8700
1700794200000,1.7159,0.6318,0.3682,1.3805,0.5799,0.4201,1.8588,0.6502,0.3498,0.4236,33312.5000,78647.8700
1700794500000,1.7159,0.6318,0.3682,1.3803,0.5799,0.4201,1.8629,0.6507,0.3493,0.4236,33312.5000,78647.8700
1700794800000,1.7174,0.6320,0.3680,1.3778,0.5794,0.4206,1.8952,0.6546,0.3454,0.4236,33312.5000,78647.8700
1700795100000,1.7255,0.6331,0.3669,1.3765,0.5792,0.4208,1.9011,0.6553,0.3447,0.4236,33312.5000,78647.8700
1700795400000,1.7307,0.6338,0.3662,1.3766,0.5792,0.4208,1.9019,0.6554,0.3446,0.4236,33312.5000,78647.8700
1700795700000,1.7307,0.6338,0.3662,1.3760,0.5791,0.4209,1.9002,0.6552,0.3448,0.4236,33312.5000,78647.8700
1700796000000,1.7315,0.6339,0.3661,1.3777,0.5794,0.4206,1.8952,0.6546,0.3454,0.4236,33312.5000,78647.8700
1700796300000,1.7293,0.6336,0.3664,1.3810,0.5800,0.4200,1.8902,0.6540,0.3460,0.4236,33312.5000,78647.8700
1700796600000,1.7218,0.6326,0.3674,1.3796,0.5798,0.4202,1.8935,0.6544,0.3456,0.4236,33312.5000,78647.8700
1700796900000,1.7241,0.6329,0.3671,1.3801,0.5798,0.4202,1.8994,0.6551,0.3449,0.4236,33312.5000,78647.8700
1700797200000,1.7241,0.6329,0.3671,1.3807,0.5800,0.4200,1.8994,0.6551,0.3449,0.4236,33312.5000,78647.8700
1700797500000,1.7293,0.6336,0.3664,1.3806,0.5799,0.4201,1.8960,0.6547,0.3453,0.4236,33312.5000,78647.8700
1700797800000,1.7285,0.6335,0.3665,1.3818,0.5801,0.4199,1.8960,0.6547,0.3453,0.4236,33312.5000,78647.8700
1700798100000,1.7285,0.6335,0.3665,1.3837,0.5805,0.4195,1.8910,0.6541,0.3459,0.4236,33312.5000,78647.8700
1700798400000,1.7263,0.6332,0.3668,1.3842,0.5806,0.4194,1.8852,0.6534,0.3466,0.4236,33312.5000,78647.8700
1700798700000,1.7203,0.6324,0.3676,1.3861,0.5809,0.4191,1.8843,0.6533,0.3467,0.4236,33312.5000,78647.8700
1700799000000,1.7203,0.6324,0.3676,1.3853,0.5808,0.4192,1.8835,0.6532,0.3468,0.4236,33312.5000,78647.8700
1700799300000,1.7211,0.6325,0.3675,1.3859,0.5809,0.4191,1.8818,0.6530,0.3470,0.4236,33312.5000,78647.8700
1700799600000,1.7196,0.6323,0.3677,1.3834,0.5804,0.4196,1.8810,0.6529,0.3471,0.4236,33312.5000,78647.8700
1700799900000,1.7189,0.6322,0.3678,1.3824,0.5803,0.4197,1.8777,0.6525,0.3475,0.4236,33312.5000,78647.8700
1700800200000,1.7174,0.6320,0.3680,1.3840,0.5805,0.4195,1.8727,0.6519,0.3481,0.4236,33312.5000,78647.8700
1700800500000,1.7100,0.6310,0.3690,1.3826,0.5803,0.4197,1.8777,0.6525,0.3475,0.4236,33312.5000,78647.8700
1700800800000,1.7130,0.6314,0.3686,1.3831,0.5804,0.4196,1.8827,0.6531,0.3469,0.4236,33312.5000,78647.8700
1700801100000,1.7137,0.6315,0.3685,1.3808,0.5800,0.4200,1.8860,0.6535,0.3465,0.4236,33312.5000,78647.8700
1700801400000,1.7159,0.6318,0.3682,1.3801,0.5799,0.4201,1.8877,0.6537,0.3463,0.4236,33312.5000,78647.8700
1700801700000,1.7174,0.6320,0.3680,1.3800,0.5798,0.4202,1.8893,0.6539,0.3461,0.4236,33312.5000,78647.8700
1700802000000,1.7211,0.6325,0.3675,1.3794,0.5797,0.4203,1.8910,0.6541,0.3459,0.4236,33312.5000,78647.8700
1700802300000,1.7241,0.6329,0.3671,1.3798,0.5798,0.4202,1.8994,0.6551,0.3449,0.4236,33312.5000,78647.8700
1700802600000,1.7300,0.6337,0.3663,1.3793,0.5797,0.4203,1.8960,0.6547,0.3453,0.4236,33312.5000,78647.8700
1700802900000,1.7293,0.6336,0.3664,1.3797,0.5798,0.4202,1.9002,0.6552,0.3448,0.4236,33312.5000,78647.8700
1700803200000,1.7330,0.6341,0.3659,1.3793,0.5797,0.4203,1.8977,0.6549,0.3451,0.4236,33312.5000,78647.8700
1700803500000,1.7285,0.6335,0.3665,1.3777,0.5794,0.4206,1.8977,0.6549,0.3451,0.4236,33312.5000,78647.8700
1700803800000,1.7300,0.6337,0.3663,1.3778,0.5794,0.4206,1.8977,0.6549,0.3451,0.4236,33312.5000,78647.8700
1700804100000,1.7360,0.6345,0.3655,1.3781,0.5795,0.4205,1.8977,0.6549,0.3451,0.4236,33312.5000,78647.8700
1700804400000,1.7360,0.6345,0.3655,1.3780,0.5795,0.4205,1.8969,0.6548,0.3452,0.4236,33312.5000,78647.8700
1700804700000,1.7345,0.6343,0.3657,1.3781,0.5795,0.4205,1.8977,0.6549,0.3451,0.4236,33312.5000,78647.8700
1700805000000,1.7375,0.6347,0.3653,1.3781,0.5795,0.4205,1.8969,0.6548,0.3452,0.4236,33312.5000,78647.8700
1700805300000,1.7360,0.6345,0.3655,1.3771,0.5793,0.4207,1.8960,0.6547,0.3453,0.4236,33312.5000,78647.8700
1700805600000,1.7352,0.6344,0.3656,1.3770,0.5793,0.4207,1.8977,0.6549,0.3451,0.4236,33312.5000,78647.8700
1700805900000,1.7420,0.6353,0.3647,1.3810,0.5800,0.4200,1.9019,0.6554,0.3446,0.4236,33312.5000,78647.8700
1700806200000,1.7435,0.6355,0.3645,1.3822,0.5802,0.4198,1.9011,0.6553,0.3447,0.4236,33312.5000,78647.8700
1700806500000,1.7420,0.6353,0.3647,1.3828,0.5803,0.4197,1.9044,0.6557,0.3443,0.4236,33312.5000,78647.8700
1700806800000,1.7525,0.6367,0.3633,1.3783,0.5795,0.4205,1.9078,0.6561,0.3439,0.4236,33312.5000,78647.8700
1700807100000,1.7525,0.6367,0.3633,1.3782,0.5795,0.4205,1.9104,0.6564,0.3436,0.4236,33312.5000,78647.8700
1700807400000,1.7495,0.6363,0.3637,1.3747,0.5789,0.4211,1.9070,0.6560,0.3440,0.4236,33312.5000,78647.8700
1700807700000,1.7473,0.6360,0.3640,1.3753,0.5790,0.4210,1.9061,0.6559,0.3441,0.4236,33312.5000,78647.8700
1700808000000,1.7503,0.6364,0.3636,1.3731,0.5786,0.4214,1.9129,0.6567,0.3433,0.4236,33312.5000,78647.8700
1700808300000,1.7525,0.6367,0.3633,1.3714,0.5783,0.4217,1.9053,0.6558,0.3442,0.4236,33312.5000,78647.8700
1700808600000,1.7518,0.6366,0.3634,1.3738,0.5787,0.4213,1.9061,0.6559,0.3441,0.4236,33312.5000,78647.8700
1700808900000,1.7533,0.6368,0.3632,1.3737,0.5787,0.4213,1.9061,0.6559,0.3441,0.4236,33312.5000,78647.8700
1700809200000,1.7525,0.6367,0.3633,1.3715,0.5783,0.4217,1.9044,0.6557,0.3443,0.4236,33312.5000,78647.8700
1700809500000,1.7495,0.6363,0.3637,1.3706,0.5782,0.4218,1.9019,0.6554,0.3446,0.4236,33312.5000,78647.8700
1700809800000,1.7442,0.6356,0.3644,1.3695,0.5780,0.4220,1.9011,0.6553,0.3447,0.4236,33312.5000,78647.8700
1700810100000,1.7412,0.6352,0.3648,1.3674,0.5776,0.4224,1.9129,0.6567,0.3433,0.4236,33312.5000,78647.8700
1700810400000,1.7488,0.6362,0.3638,1.3620,0.5766,0.4234,1.9121,0.6566,0.3434,0.4236,33312.5000,78647.8700
1700810700000,1.7503,0.6364,0.3636,1.3620,0.5766,0.4234,1.9189,0.6574,0.3426,0.4236,33312.5000,78647.8700
1700811000000,1.7563,0.6372,0.3628,1.3634,0.5769,0.4231,1.9163,0.6571,0.3429,0.4236,33312.5000,78647.8700
1700811300000,1.7525,0.6367,0.3633,1.3630,0.5768,0.4232,1.9155,0.6570,0.3430,0.4236,33312.5000,78647.8700
1700811600000,1.7518,0.6366,0.3634,1.3638,0.5770,0.4230,1.9129,0.6567,0.3433,0.4236,33312.5000,78647.8700
1700811900000,1.7548,0.6370,0.3630,1.3660,0.5773,0.4227,1.9070,0.6560,0.3440,0.4236,33312.5000,78647.8700
1700812200000,1.7495,0.6363,0.3637,1.3678,0.5777,0.4223,1.8927,0.6543,0.3457,0.4236,33312.5000,78647.8700
1700812500000,1.7405,0.6351,0.3649,1.3692,0.5779,0.4221,1.9061,0.6559,0.3441,0.4236,33312.5000,78647.8700
1700812800000,1.7510,0.6365,0.3635,1.3660,0.5773,0.4227,1.9011,0.6553,0.3447,0.4236,33312.5000,78647.8700
1700813100000,1.7525,0.6367,0.3633,1.3702,0.5781,0.4219,1.8986,0.6550,0.3450,0.4236,33312.5000,78647.8700
1700813400000,1.7503,0.6364,0.3636,1.3729,0.5786,0.4214,1.8935,0.6544,0.3456,0.4236,33312.5000,78647.8700
1700813700000,1.7510,0.6365,0.3635,1.3739,0.5787,0.4213,1.8662,0.6511,0.3489,0.4236,33312.5000,78647.8700
1700814000000,1.7488,0.6362,0.3638,1.3751,0.5790,0.4210,1.8645,0.6509,0.3491,0.4236,33312.5000,78647.8700
1700814300000,1.7503,0.6364,0.3636,1.3723,0.5785,0.4215,1.8620,0.6506,0.3494,0.4236,33312.5000,78647.8700
1700814600000,1.7480,0.6361,0.3639,1.3742,0.5788,0.4212,1.8563,0.6499,0.3501,0.4236,33312.5000,78647.8700
1700814900000,1.7435,0.6355,0.3645,1.3738,0.5787,0.4213,1.8588,0.6502,0.3498,0.4236,33312.5000,78647.8700
1700815200000,1.7405,0.6351,0.3649,1.3730,0.5786,0.4214,1.8596,0.6503,0.3497,0.4236,33312.5000,78647.8700
1700815500000,1.7375,0.6347,0.3653,1.3739,0.5788,0.4212,1.8539,0.6496,0.3504,0.4236,33312.5000,78647.8700
1700815800000,1.7352,0.6344,0.3656,1.3742,0.5788,0.4212,1.8563,0.6499,0.3501,0.4236,33312.5000,78647.8700
1700816100000,1.7352,0.6344,0.3656,1.3725,0.5785,0.4215,1.8596,0.6503,0.3497,0.4236,33312.5000,78647.8700
1700816400000,1.7375,0.6347,0.3653,1.3749,0.5789,0.4211,1.8637,0.6508,0.3492,0.4236,33312.5000,78647.8700
1700816700000,1.7427,0.6354,0.3646,1.3750,0.5789,0.4211,1.8547,0.6497,0.3503,0.4236,33312.5000,78647.8700
1700817000000,1.7367,0.6346,0.3654,1.3743,0.5788,0.4212,1.8596,0.6503,0.3497,0.4236,33312.5000,78647.8700
1700817300000,1.7397,0.6350,0.3650,1.3762,0.5792,0.4208,1.8612,0.6505,0.3495,0.4236,33312.5000,78647.8700
1700817600000,1.7435,0.6355,0.3645,1.3758,0.5791,0.4209,1.8620,0.6506,0.3494,0.4236,33312.5000,78647.8700
1700817900000,1.6969,0.6292,0.3708,1.3754,0.5790,0.4210,1.8547,0.6497,0.3503,0.4236,33312.5000,78647.8700
1700818200000,1.6903,0.6283,0.3717,1.3728,0.5786,0.4214,1.8563,0.6499,0.3501,0.4236,33312.5000,78647.8700
1700818500000,1.7005,0.6297,0.3703,1.3719,0.5784,0.4216,1.8361,0.6474,0.3526,0.4236,33312.5000,78647.8700
1700818800000,1.6724,0.6258,0.3742,1.3732,0.5786,0.4214,1.7541,0.6369,0.3631,0.4236,33312.5000,78647.8700
1700819100000,1.5687,0.6107,0.3893,1.3715,0.5783,0.4217,1.7624,0.6380,0.3620,0.4236,33312.5000,78647.8700
1700819400000,1.5628,0.6098,0.3902,1.3518,0.5748,0.4252,1.7816,0.6405,0.3595,0.4236,33312.5000,78647.8700
1700819700000,1.5707,0.6110,0.3890,1.3528,0.5750,0.4250,1.7824,0.6406,0.3594,0.4236,33312.5000,78647.8700
1700820000000,1.5641,0.6100,0.3900,1.3489,0.5743,0.4257,1.7878,0.6413,0.3587,0.4236,33312.5000,78647.8700
1700820300000,1.5753,0.6117,0.3883,1.3525,0.5749,0.4251,1.7755,0.6397,0.3603,0.4236,33312.5000,78647.8700
1700820600000,1.5687,0.6107,0.3893,1.3510,0.5746,0.4254,1.7785,0.6401,0.3599,0.4236,33312.5000,78647.8700
1700820900000,1.5707,0.6110,0.3890,1.3490,0.5743,0.4257,1.7747,0.6396,0.3604,0.4236,33312.5000,78647.8700
1700821200000,1.5694,0.6108,0.3892,1.3515,0.5747,0.4253,1.7548,0.6370,0.3630,0.4236,33312.5000,78647.8700
1700821500000,1.5445,0.6070,0.3930,1.3540,0.5752,0.4248,1.7233,0.6328,0.3672,0.4236,33312.5000,78647.8700
1700821800000,1.5445,0.6070,0.3930,1.3507,0.5746,0.4254,1.7307,0.6338,0.3662,0.4236,33312.5000,78647.8700
1700822100000,1.5536,0.6084,0.3916,1.3454,0.5736,0.4264,1.7056,0.6304,0.3696,0.4236,33312.5000,78647.8700
1700822400000,1.5536,0.6084,0.3916,1.3405,0.5727,0.4273,1.7352,0.6344,0.3656,0.4236,33312.5000,78647.8700
1700822700000,1.5595,0.6093,0.3907,1.3418,0.5730,0.4270,1.7241,0.6329,0.3671,0.4236,33312.5000,78647.8700
1700823000000,1.5510,0.6080,0.3920,1.3390,0.5725,0.4275,1.7248,0.6330,0.3670,0.4236,33312.5000,78647.8700
1700823300000,1.5452,0.6071,0.3929,1.3402,0.5727,0.4273,1.7270,0.6333,0.3667,0.4236,33312.5000,78647.8700
1700823600000,1.5510,0.6080,0.3920,1.3406,0.5728,0.4272,1.7367,0.6346,0.3654,0.4236,33312.5000,78647.8700
1700823900000,1.5667,0.6104,0.3896,1.3466,0.5739,0.4261,1.7285,0.6335,0.3665,0.4236,33312.5000,78647.8700
1700824200000,1.5602,0.6094,0.3906,1.3452,0.5736,0.4264,1.7300,0.6337,0.3663,0.4236,33312.5000,78647.8700
1700824500000,1.5615,0.6096,0.3904,1.3423,0.5731,0.4269,1.7330,0.6341,0.3659,0.4236,33312.5000,78647.8700
1700824800000,1.5608,0.6095,0.3905,1.3420,0.5730,0.4270,1.6976,0.6293,0.3707,0.4236,33312.5000,78647.8700
1700825100000,1.5582,0.6091,0.3909,1.3447,0.5735,0.4265,1.7064,0.6305,0.3695,0.4236,33312.5000,78647.8700
1700825400000,1.5681,0.6106,0.3894,1.3444,0.5735,0.4265,1.6874,0.6279,0.3721,0.4236,33312.5000,78647.8700
1700825700000,1.5458,0.6072,0.3928,1.3378,0.5722,0.4278,1.6795,0.6268,0.3732,0.4236,33312.5000,78647.8700
1700826000000,1.5284,0.6045,0.3955,1.3428,0.5732,0.4268,1.6674,0.6251,0.3749,0.4236,33312.5000,78647.8700
1700826300000,1.5202,0.6032,0.3968,1.3379,0.5723,0.4277,1.6674,0.6251,0.3749,0.4236,33312.5000,78647.8700
1700826600000,1.5253,0.6040,0.3960,1.3396,0.5726,0.4274,1.6695,0.6254,0.3746,0.4236,33312.5000,78647.8700
1700826900000,1.5272,0.6043,0.3957,1.3376,0.5722,0.4278,1.6874,0.6279,0.3721,0.4236,33312.5000,78647.8700
1700827200000,1.5439,0.6069,0.3931,1.3370,0.5721,0.4279,1.6903,0.6283,0.3717,0.4236,33312.5000,78647.8700
1700827500000,1.5484,0.6076,0.3924,1.3364,0.5720,0.4280,1.6896,0.6282,0.3718,0.4236,33312.5000,78647.8700
1700827800000,1.5400,0.6063,0.3937,1.3371,0.5721,0.4279,1.6889,0.6281,0.3719,0.4236,33312.5000,78647.8700
1700828100000,1.5407,0.6064,0.3936,1.3379,0.5723,0.4277,1.6925,0.6286,0.3714,0.4236,33312.5000,78647.8700
1700828400000,1.5413,0.6065,0.3935,1.3396,0.5726,0.4274,1.6838,0.6274,0.3726,0.4236,33312.5000,78647.8700
1700828700000,1.5304,0.6048,0.3952,1.3406,0.5728,0.4272,1.6831,0.6273,0.3727,0.4236,33312.5000,78647.8700
1700829000000,1.5316,0.6050,0.3950,1.3395,0.5726,0.4274,1.6932,0.6287,0.3713,0.4236,33312.5000,78647.8700
1700829300000,1.5407,0.6064,0.3936,1.3379,0.5723,0.4277,1.6896,0.6282,0.3718,0.4236,33312.5000,78647.8700
1700829600000,1.5368,0.6058,0.3942,1.3361,0.5719,0.4281,1.6874,0.6279,0.3721,0.4236,33312.5000,78647.8700
1700829900000,1.5413,0.6065,0.3935,1.3383,0.5723,0.4277,1.6817,0.6271,0.3729,0.4236,33312.5000,78647.8700
1700830200000,1.5355,0.6056,0.3944,1.3383,0.5723,0.4277,1.6874,0.6279,0.3721,0.4236,33312.5000,78647.8700
1700830500000,1.5361,0.6057,0.3943,1.3379,0.5723,0.4277,1.6903,0.6283,0.3717,0.4236,33312.5000,78647.8700
1700830800000,1.5510,0.6080,0.3920,1.3259,0.5701,0.4299,1.7100,0.6310,0.3690,0.4236,33312.5000,78647.8700
1700831100000,1.5700,0.6109,0.3891,1.3325,0.5713,0.4287,1.7034,0.6301,0.3699,0.4236,33312.5000,78647.8700
1700831400000,1.5621,0.6097,0.3903,1.3334,0.5714,0.4286,1.7064,0.6305,0.3695,0.4236,33312.5000,78647.8700
1700831700000,1.5615,0.6096,0.3904,1.3348,0.5717,0.4283,1.7322,0.6340,0.3660,0.4236,33312.5000,78647.8700
1700832000000,1.5634,0.6099,0.3901,1.3361,0.5719,0.4281,1.7352,0.6344,0.3656,0.4236,33312.5000,78647.8700
1700832300000,1.5654,0.6102,0.3898,1.3370,0.5721,0.4279,1.7345,0.6343,0.3657,0.4236,33312.5000,78647.8700
1700832600000,1.5608,0.6095,0.3905,1.3336,0.5715,0.4285,1.7211,0.6325,0.3675,0.4236,33312.5000,78647.8700
1700832900000,1.5523,0.6082,0.3918,1.3361,0.5719,0.4281,1.7270,0.6333,0.3667,0.4236,33312.5000,78647.8700
1700833200000,1.5510,0.6080,0.3920,1.3373,0.5721,0.4279,1.7241,0.6329,0.3671,0.4236,33312.5000,78647.8700
1700833500000,1.5549,0.6086,0.3914,1.3376,0.5722,0.4278,1.7181,0.6321,0.3679,0.4236,33312.5000,78647.8700
1700833800000,1.5504,0.6079,0.3921,1.3378,0.5723,0.4277,1.7056,0.6304,0.3696,0.4236,33312.5000,78647.8700
1700834100000,1.5419,0.6066,0.3934,1.3476,0.5740,0.4260,1.7174,0.6320,0.3680,0.4236,33312.5000,78647.8700
1700834400000,1.5536,0.6084,0.3916,1.3456,0.5737,0.4263,1.7307,0.6338,0.3662,0.4236,33312.5000,78647.8700
1700834700000,1.5714,0.6111,0.3889,1.3486,0.5742,0.4258,1.7360,0.6345,0.3655,0.4236,33312.5000,78647.8700
1700835000000,1.5727,0.6113,0.3887,1.3468,0.5739,0.4261,1.7300,0.6337,0.3663,0.4236,33312.5000,78647.8700
1700835300000,1.5714,0.6111,0.3889,1.3468,0.5739,0.4261,1.7315,0.6339,0.3661,0.4236,33312.5000,78647.8700
1700835600000,1.5727,0.6113,0.3887,1.3479,0.5741,0.4259,1.7307,0.6338,0.3662,0.4236,33312.5000,78647.8700
1700835900000,1.5767,0.6119,0.3881,1.3506,0.5746,0.4254,1.7307,0.6338,0.3662,0.4236,33312.5000,78647.8700
1700836200000,1.5806,0.6125,0.3875,1.3524,0.5749,0.4251,1.7300,0.6337,0.3663,0.4236,33312.5000,78647.8700
1700836500000,1.5773,0.6120,0.3880,1.3526,0.5749,0.4251,1.7233,0.6328,0.3672,0.4236,33312.5000,78647.8700
1700836800000,1.5720,0.6112,0.3888,1.3530,0.5750,0.4250,1.7211,0.6325,0.3675,0.4236,33312.5000,78647.8700
1700837100000,1.5747,0.6116,0.3884,1.3539,0.5752,0.4248,1.7233,0.6328,0.3672,0.4236,33312.5000,78647.8700
1700837400000,1.5720,0.6112,0.3888,1.3538,0.5751,0.4249,1.7152,0.6317,0.3683,0.4236,33312.5000,78647.8700
1700837700000,1.5641,0.6100,0.3900,1.3544,0.5753,0.4247,1.7218,0.6326,0.3674,0.4236,33312.5000,78647.8700
1700838000000,1.5667,0.6104,0.3896,1.3520,0.5748,0.4252,1.6961,0.6291,0.3709,0.4236,33312.5000,78647.8700
1700838300000,1.5400,0.6063,0.3937,1.3504,0.5745,0.4255,1.6932,0.6287,0.3713,0.4236,33312.5000,78647.8700
1700838600000,1.5349,0.6055,0.3945,1.3499,0.5744,0.4256,1.6867,0.6278,0.3722,0.4236,33312.5000,78647.8700
1700838900000,1.5291,0.6046,0.3954,1.3490,0.5743,0.4257,1.6795,0.6268,0.3732,0.4236,33312.5000,78647.8700
1700839200000,1.5297,0.6047,0.3953,1.3518,0.5748,0.4252,1.6575,0.6237,0.3763,0.4236,33312.5000,78647.8700
1700839500000,1.5202,0.6032,0.3968,1.3393,0.5725,0.4275,1.6860,0.6277,0.3723,0.4236,33312.5000,78647.8700
1700839800000,1.5575,0.6090,0.3910,1.3423,0.5731,0.4269,1.6652,0.6248,0.3752,0.4236,33312.5000,78647.8700
1700840100000,1.5361,0.6057,0.3943,1.3480,0.5741,0.4259,1.6752,0.6262,0.3738,0.4236,33312.5000,78647.8700
1700840400000,1.5400,0.6063,0.3937,1.3507,0.5746,0.4254,1.6476,0.6223,0.3777,0.4236,33312.5000,78647.8700
1700840700000,1.5044,0.6007,0.3993,1.3563,0.5756,0.4244,1.6695,0.6254,0.3746,0.4236,33312.5000,78647.8700
1700841000000,1.5253,0.6040,0.3960,1.3461,0.5738,0.4262,1.6969,0.6292,0.3708,0.4236,33312.5000,78647.8700
1700841300000,1.5621,0.6097,0.3903,1.3415,0.5729,0.4271,1.6991,0.6295,0.3705,0.4236,33312.5000,78647.8700
1700841600000,1.5733,0.6114,0.3886,1.3447,0.5735,0.4265,1.7078,0.6307,0.3693,0.4236,33312.5000,78647.8700
1700841900000,1.5820,0.6127,0.3873,1.3464,0.5738,0.4262,1.7071,0.6306,0.3694,0.4236,33312.5000,78647.8700
1700842200000,1.5800,0.6124,0.3876,1.3451,0.5736,0.4264,1.7270,0.6333,0.3667,0.4236,33312.5000,78647.8700
1700842500000,1.5767,0.6119,0.3881,1.3484,0.5742,0.4258,1.7382,0.6348,0.3652,0.4236,33312.5000,78647.8700
1700842800000,1.5833,0.6129,0.3871,1.3468,0.5739,0.4261,1.7352,0.6344,0.3656,0.4236,33312.5000,78647.8700
1700843100000,1.5840,0.6130,0.3870,1.3497,0.5744,0.4256,1.7360,0.6345,0.3655,0.4236,33312.5000,78647.8700
1700843400000,1.5826,0.6128,0.3872,1.3498,0.5744,0.4256,1.7293,0.6336,0.3664,0.4236,33312.5000,78647.8700
1700843700000,1.5806,0.6125,0.3875,1.3520,0.5748,0.4252,1.7270,0.6333,0.3667,0.4236,33312.5000,78647.8700
1700844000000,1.5720,0.6112,0.3888,1.3412,0.5729,0.4271,1.7337,0.6342,0.3658,0.4236,33312.5000,78647.8700
1700844300000,1.5887,0.6137,0.3863,1.3455,0.5737,0.4263,1.7685,0.6388,0.3612,0.4236,33312.5000,78647.8700
1700844600000,1.6261,0.6192,0.3808,1.3485,0.5742,0.4258,1.7832,0.6407,0.3593,0.4236,33312.5000,78647.8700
1700844900000,1.6392,0.6211,0.3789,1.3570,0.5757,0.4243,1.7739,0.6395,0.3605,0.4236,33312.5000,78647.8700
1700845200000,1.6281,0.6195,0.3805,1.3610,0.5765,0.4235,1.7724,0.6393,0.3607,0.4236,33312.5000,78647.8700
