1700694900000,1.7042,0.6302,0.3698,1.1722,0.5396,0.4604,1.6824,0.6272,0.3728,1.6494,120144.5000,72839.2000
1700695200000,1.7049,0.6303,0.3697,1.1719,0.5396,0.4604,1.6802,0.6269,0.3731,1.6494,120144.5000,72839.2000
1700695500000,1.6969,0.6292,0.3708,1.1740,0.5400,0.4600,1.6795,0.6268,0.3732,1.6494,120144.5000,72839.2000
1700695800000,1.6947,0.6289,0.3711,1.1743,0.5401,0.4599,1.7020,0.6299,0.3701,1.6494,120144.5000,72839.2000
1700696100000,1.7233,0.6328,0.3672,1.1752,0.5403,0.4597,1.6896,0.6282,0.3718,1.6494,120144.5000,72839.2000
1700696400000,1.7115,0.6312,0.3688,1.1754,0.5403,0.4597,1.7064,0.6305,0.3695,1.6494,120144.5000,72839.2000
1700696700000,1.7263,0.6332,0.3668,1.1756,0.5404,0.4596,1.6983,0.6294,0.3706,1.6494,120144.5000,72839.2000
1700697000000,1.7137,0.6315,0.3685,1.1754,0.5403,0.4597,1.7071,0.6306,0.3694,1.6494,120144.5000,72839.2000
1700697300000,1.7330,0.6341,0.3659,1.1776,0.5408,0.4592,1.7330,0.6341,0.3659,1.6494,120144.5000,72839.2000
1700697600000,1.7770,0.6399,0.3601,1.1777,0.5408,0.4592,1.7181,0.6321,0.3679,1.6494,120144.5000,72839.2000
1700697900000,1.7457,0.6358,0.3642,1.1779,0.5408,0.4592,1.7012,0.6298,0.3702,1.6494,120144.5000,72839.2000
1700698200000,1.7457,0.6358,0.3642,1.1796,0.5412,0.4588,1.6925,0.6286,0.3714,1.6494,120144.5000,72839.2000
1700698500000,1.7330,0.6341,0.3659,1.1794,0.5411,0.4589,1.6911,0.6284,0.3716,1.6494,120144.5000,72839.2000
1700698800000,1.7412,0.6352,0.3648,1.1793,0.5411,0.4589,1.7548,0.6370,0.3630,1.6494,120144.5000,72839.2000
1700699100000,1.8441,0.6484,0.3516,1.1797,0.5412,0.4588,1.7840,0.6408,0.3592,1.6494,120144.5000,72839.2000
1700699400000,1.8794,0.6527,0.3473,1.1801,0.5413,0.4587,1.7655,0.6384,0.3616,1.6494,120144.5000,72839.2000
1700699700000,1.8662,0.6511,0.3489,1.1793,0.5411,0.4589,1.7793,0.6402,0.3598,1.6494,120144.5000,72839.2000
1700700000000,1.8744,0.6521,0.3479,1.1778,0.5408,0.4592,1.7925,0.6419,0.3581,1.6494,120144.5000,72839.2000
1700700300000,1.9138,0.6568,0.3432,1.1772,0.5407,0.4593,1.7933,0.6420,0.3580,1.6494,120144.5000,72839.2000
1700700600000,1.9334,0.6591,0.3409,1.1825,0.5418,0.4582,1.8019,0.6431,0.3569,1.6494,120144.5000,72839.2000
1700700900000,1.9351,0.6593,0.3407,1.1824,0.5418,0.4582,1.8019,0.6431,0.3569,1.6494,120144.5000,72839.2000
1700701200000,1.9455,0.6605,0.3395,1.1804,0.5414,0.4586,1.8019,0.6431,0.3569,1.6494,120144.5000,72839.2000
1700701500000,1.9464,0.6606,0.3394,1.1785,0.5410,0.4590,1.8114,0.6443,0.3557,1.6494,120144.5000,72839.2000
1700701800000,1.9656,0.6628,0.3372,1.1788,0.5410,0.4590,1.8074,0.6438,0.3562,1.6494,120144.5000,72839.2000
1700702100000,1.9577,0.6619,0.3381,1.1757,0.5404,0.4596,1.8106,0.6442,0.3558,1.6494,120144.5000,72839.2000
1700702400000,1.9603,0.6622,0.3378,1.1755,0.5403,0.4597,1.8066,0.6437,0.3563,1.6494,120144.5000,72839.2000
1700702700000,1.9351,0.6593,0.3407,1.1754,0.5403,0.4597,1.7949,0.6422,0.3578,1.6494,120144.5000,72839.2000
1700703000000,1.9028,0.6555,0.3445,1.1737,0.5400,0.4600,1.8035,0.6433,0.3567,1.6494,120144.5000,72839.2000
1700703300000,1.9300,0.6587,0.3413,1.1746,0.5402,0.4598,1.8129,0.6445,0.3555,1.6494,120144.5000,72839.2000
1700703600000,1.9412,0.6600,0.3400,1.1754,0.5403,0.4597,1.8297,0.6466,0.3534,1.6494,120144.5000,72839.2000
1700703900000,1.9603,0.6622,0.3378,1.1741,0.5400,0.4600,1.8313,0.6468,0.3532,1.6494,120144.5000,72839.2000
1700704200000,1.9860,0.6651,0.3349,1.1748,0.5402,0.4598,1.8458,0.6486,0.3514,1.6494,120144.5000,72839.2000
1700704500000,1.9833,0.6648,0.3352,1.1738,0.5400,0.4600,1.8369,0.6475,0.3525,1.6494,120144.5000,72839.2000
1700704800000,1.9913,0.6657,0.3343,1.1745,0.5401,0.4599,1.8670,0.6512,0.3488,1.6494,120144.5000,72839.2000
1700705100000,2.0221,0.6691,0.3309,1.1733,0.5399,0.4601,1.8401,0.6479,0.3521,1.6494,120144.5000,72839.2000
1700705400000,2.0012,0.6668,0.3332,1.2864,0.5626,0.4374,1.8588,0.6502,0.3498,1.6494,120144.5000,72839.2000
1700705700000,2.1289,0.6804,0.3196,1.2871,0.5628,0.4372,1.8539,0.6496,0.3504,1.6494,120144.5000,72839.2000
1700706000000,2.1447,0.6820,0.3180,1.2866,0.5627,0.4373,1.8441,0.6484,0.3516,1.6494,120144.5000,72839.2000
1700706300000,2.1221,0.6797,0.3203,1.2905,0.5634,0.4366,1.8563,0.6499,0.3501,1.6494,120144.5000,72839.2000
1700706600000,2.1358,0.6811,0.3189,1.2924,0.5638,0.4362,1.8482,0.6489,0.3511,1.6494,120144.5000,72839.2000
1700706900000,2.1250,0.6800,0.3200,1.2955,0.5644,0.4356,1.8498,0.6491,0.3509,1.6494,120144.5000,72839.2000
1700707200000,2.1201,0.6795,0.3205,1.2979,0.5648,0.4352,1.8393,0.6478,0.3522,1.6494,120144.5000,72839.2000
1700707500000,2.1046,0.6779,0.3221,1.2976,0.5648,0.4352,1.8506,0.6492,0.3508,1.6494,120144.5000,72839.2000
1700707800000,2.1221,0.6797,0.3203,1.2999,0.5652,0.4348,1.8466,0.6487,0.3513,1.6494,120144.5000,72839.2000
1700708100000,2.1368,0.6812,0.3188,1.3005,0.5653,0.4347,1.8425,0.6482,0.3518,1.6494,120144.5000,72839.2000
1700708400000,2.1466,0.6822,0.3178,1.3004,0.5653,0.4347,1.8369,0.6475,0.3525,1.6494,120144.5000,72839.2000
1700708700000,2.1387,0.6814,0.3186,1.3022,0.5656,0.4344,1.8498,0.6491,0.3509,1.6494,120144.5000,72839.2000
1700709000000,2.1496,0.6825,0.3175,1.3004,0.5653,0.4347,1.8482,0.6489,0.3511,1.6494,120144.5000,72839.2000
1700709300000,2.1417,0.6817,0.3183,1.3024,0.5657,0.4343,1.8490,0.6490,0.3510,1.6494,120144.5000,72839.2000
1700709600000,2.1486,0.6824,0.3176,1.3032,0.5658,0.4342,1.8385,0.6477,0.3523,1.6494,120144.5000,72839.2000
1700709900000,2.1516,0.6827,0.3173,1.3036,0.5659,0.4341,1.8433,0.6483,0.3517,1.6494,120144.5000,72839.2000
1700710200000,2.1417,0.6817,0.3183,1.3023,0.5657,0.4343,1.8458,0.6486,0.3514,1.6494,120144.5000,72839.2000
1700710500000,2.1260,0.6801,0.3199,1.3016,0.5655,0.4345,1.8482,0.6489,0.3511,1.6494,120144.5000,72839.2000
1700710800000,2.1309,0.6806,0.3194,1.3010,0.5654,0.4346,1.8482,0.6489,0.3511,1.6494,120144.5000,72839.2000
1700711100000,2.1387,0.6814,0.3186,1.3016,0.5655,0.4345,1.8474,0.6488,0.3512,1.6494,120144.5000,72839.2000
1700712300000,2.1066,0.6781,0.3219,1.3029,0.5658,0.4342,1.8265,0.6462,0.3538,1.6494,120144.5000,72839.2000
1700712600000,2.1319,0.6807,0.3193,1.3016,0.5655,0.4345,1.8596,0.6503,0.3497,1.6494,120144.5000,72839.2000
1700712900000,2.1299,0.6805,0.3195,1.3009,0.5654,0.4346,1.8694,0.6515,0.3485,1.6494,120144.5000,72839.2000
1700713200000,2.1133,0.6788,0.3212,1.3065,0.5664,0.4336,1.8662,0.6511,0.3489,1.6494,120144.5000,72839.2000
1700713500000,2.1338,0.6809,0.3191,1.3076,0.5666,0.4334,1.8910,0.6541,0.3459,1.6494,120144.5000,72839.2000
1700713800000,2.1358,0.6811,0.3189,1.3064,0.5664,0.4336,1.9087,0.6562,0.3438,1.6494,120144.5000,72839.2000
1700714100000,2.1162,0.6791,0.3209,1.3044,0.5660,0.4340,1.9061,0.6559,0.3441,1.6494,120144.5000,72839.2000
1700714400000,2.1221,0.6797,0.3203,1.3058,0.5663,0.4337,1.9019,0.6554,0.3446,1.6494,120144.5000,72839.2000
1700714700000,2.1338,0.6809,0.3191,1.3055,0.5662,0.4338,1.9146,0.6569,0.3431,1.6494,120144.5000,72839.2000
1700715000000,2.0969,0.6771,0.3229,1.3069,0.5665,0.4335,1.8935,0.6544,0.3456,1.6494,120144.5000,72839.2000
1700715300000,2.1397,0.6815,0.3185,1.3058,0.5663,0.4337,1.9360,0.6594,0.3406,1.6494,120144.5000,72839.2000
1700715600000,2.1387,0.6814,0.3186,1.3053,0.5662,0.4338,1.9446,0.6604,0.3396,1.6494,120144.5000,72839.2000
1700715900000,2.1221,0.6797,0.3203,1.3046,0.5661,0.4339,1.9334,0.6591,0.3409,1.6494,120144.5000,72839.2000
1700716200000,2.1250,0.6800,0.3200,1.3058,0.5663,0.4337,1.9265,0.6583,0.3417,1.6494,120144.5000,72839.2000
1700716500000,2.1075,0.6782,0.3218,1.3038,0.5659,0.4341,1.9231,0.6579,0.3421,1.6494,120144.5000,72839.2000
1700716800000,2.1124,0.6787,0.3213,1.3054,0.5662,0.4338,1.9403,0.6599,0.3401,1.6494,120144.5000,72839.2000
1700717100000,2.1786,0.6854,0.3146,1.2981,0.5649,0.4351,1.9976,0.6664,0.3336,1.6494,120144.5000,72839.2000
1700717400000,2.1676,0.6843,0.3157,1.2975,0.5648,0.4352,1.9744,0.6638,0.3362,1.6494,120144.5000,72839.2000
1700717700000,2.1666,0.6842,0.3158,1.2976,0.5648,0.4352,1.9727,0.6636,0.3364,1.6494,120144.5000,72839.2000
1700718000000,2.1716,0.6847,0.3153,1.2989,0.5650,0.4350,1.9612,0.6623,0.3377,1.6494,120144.5000,72839.2000
1700718300000,2.1857,0.6861,0.3139,1.2975,0.5647,0.4353,1.9833,0.6648,0.3352,1.6494,120144.5000,72839.2000
1700718600000,2.2072,0.6882,0.3118,1.3008,0.5654,0.4346,1.9913,0.6657,0.3343,1.6494,120144.5000,72839.2000
1700718900000,2.2092,0.6884,0.3116,1.3111,0.5673,0.4327,1.9815,0.6646,0.3354,1.6494,120144.5000,72839.2000
1700719200000,2.2062,0.6881,0.3119,1.3096,0.5670,0.4330,1.9656,0.6628,0.3372,1.6494,120144.5000,72839.2000
1700719500000,2.2342,0.6908,0.3092,1.3097,0.5670,0.4330,1.9940,0.6660,0.3340,1.6494,120144.5000,72839.2000
1700719800000,2.2362,0.6910,0.3090,1.3090,0.5669,0.4331,1.9833,0.6648,0.3352,1.6494,120144.5000,72839.2000
1700720100000,2.2206,0.6895,0.3105,1.3053,0.5662,0.4338,1.9603,0.6622,0.3378,1.6494,120144.5000,72839.2000
1700720400000,2.2072,0.6882,0.3118,1.3030,0.5658,0.4342,1.9551,0.6616,0.3384,1.6494,120144.5000,72839.2000
1700720700000,2.2310,0.6905,0.3095,1.3056,0.5663,0.4337,1.9577,0.6619,0.3381,1.6494,120144.5000,72839.2000
1700721000000,2.2248,0.6899,0.3101,1.3048,0.5661,0.4339,1.9656,0.6628,0.3372,1.6494,120144.5000,72839.2000
1700721300000,2.2425,0.6916,0.3084,1.3057,0.5663,0.4337,1.9842,0.6649,0.3351,1.6494,120144.5000,72839.2000
1700721600000,2.2342,0.6908,0.3092,1.3085,0.5668,0.4332,1.9797,0.6644,0.3356,1.6494,120144.5000,72839.2000
1700721900000,2.2310,0.6905,0.3095,1.3091,0.5669,0.4331,1.9771,0.6641,0.3359,1.6494,120144.5000,72839.2000
1700722200000,2.2394,0.6913,0.3087,1.3090,0.5669,0.4331,2.0003,0.6667,0.3333,1.6494,120144.5000,72839.2000
1700722500000,2.2279,0.6902,0.3098,1.3085,0.5668,0.4332,1.9913,0.6657,0.3343,1.6494,120144.5000,72839.2000
1700722800000,2.2175,0.6892,0.3108,1.3090,0.5669,0.4331,1.9869,0.6652,0.3348,1.6494,120144.5000,72839.2000
1700723100000,2.2300,0.6904,0.3096,1.3073,0.5666,0.4334,2.0084,0.6676,0.3324,1.6494,120144.5000,72839.2000
1700723400000,2.2185,0.6893,0.3107,1.3072,0.5666,0.4334,2.0003,0.6667,0.3333,1.6494,120144.5000,72839.2000
1700723700000,2.2237,0.6898,0.3102,1.3086,0.5668,0.4332,1.9931,0.6659,0.3341,1.6494,120144.5000,72839.2000
1700724000000,2.2154,0.6890,0.3110,1.3077,0.5667,0.4333,1.9878,0.6653,0.3347,1.6494,120144.5000,72839.2000
1700724300000,2.2113,0.6886,0.3114,1.3062,0.5664,0.4336,1.9842,0.6649,0.3351,1.6494,120144.5000,72839.2000
1700724600000,2.2010,0.6876,0.3124,1.3069,0.5665,0.4335,1.9753,0.6639,0.3361,1.6494,120144.5000,72839.2000
1700724900000,2.2331,0.6907,0.3093,1.3036,0.5659,0.4341,1.9949,0.6661,0.3339,1.6494,120144.5000,72839.2000
1700725200000,2.2321,0.6906,0.3094,1.3046,0.5661,0.4339,1.9967,0.6663,0.3337,1.6494,120144.5000,72839.2000
1700725500000,2.2196,0.6894,0.3106,1.3046,0.5661,0.4339,1.9806,0.6645,0.3355,1.6494,120144.5000,72839.2000
1700725800000,2.2185,0.6893,0.3107,1.3062,0.5664,0.4336,1.9797,0.6644,0.3356,1.6494,120144.5000,72839.2000
1700726100000,2.2196,0.6894,0.3106,1.3066,0.5665,0.4335,1.9709,0.6634,0.3366,1.6494,120144.5000,72839.2000
1700726400000,2.2165,0.6891,0.3109,1.3072,0.5666,0.4334,1.9735,0.6637,0.3363,1.6494,120144.5000,72839.2000
1700726700000,2.2134,0.6888,0.3112,1.3087,0.5669,0.4331,1.9638,0.6626,0.3374,1.6494,120144.5000,72839.2000
1700727000000,2.2134,0.6888,0.3112,1.3084,0.5668,0.4332,1.9638,0.6626,0.3374,1.6494,120144.5000,72839.2000
1700727300000,2.2062,0.6881,0.3119,1.3072,0.5666,0.4334,1.9709,0.6634,0.3366,1.6494,120144.5000,72839.2000
1700727600000,2.2154,0.6890,0.3110,1.3079,0.5667,0.4333,1.9682,0.6631,0.3369,1.6494,120144.5000,72839.2000
1700727900000,2.1990,0.6874,0.3126,1.3079,0.5667,0.4333,1.9612,0.6623,0.3377,1.6494,120144.5000,72839.2000
1700728200000,2.1949,0.6870,0.3130,1.3088,0.5669,0.4331,1.9533,0.6614,0.3386,1.6494,120144.5000,72839.2000
1700728500000,2.2103,0.6885,0.3115,1.3079,0.5667,0.4333,1.9603,0.6622,0.3378,1.6494,120144.5000,72839.2000
1700728800000,2.2436,0.6917,0.3083,1.3079,0.5667,0.4333,1.9886,0.6654,0.3346,1.6494,120144.5000,72839.2000
1700729100000,2.2446,0.6918,0.3082,1.3098,0.5671,0.4329,1.9869,0.6652,0.3348,1.6494,120144.5000,72839.2000
1700729400000,2.2520,0.6925,0.3075,1.3102,0.5671,0.4329,1.9940,0.6660,0.3340,1.6494,120144.5000,72839.2000
1700729700000,2.2258,0.6900,0.3100,1.3081,0.5667,0.4333,1.9886,0.6654,0.3346,1.6494,120144.5000,72839.2000
1700730000000,2.2123,0.6887,0.3113,1.3071,0.5666,0.4334,1.9851,0.6650,0.3350,1.6494,120144.5000,72839.2000
1700730300000,2.2072,0.6882,0.3118,1.3107,0.5672,0.4328,1.9709,0.6634,0.3366,1.6494,120144.5000,72839.2000
1700730600000,2.2123,0.6887,0.3113,1.3073,0.5666,0.4334,1.9886,0.6654,0.3346,1.6494,120144.5000,72839.2000
1700730900000,2.2072,0.6882,0.3118,1.3057,0.5663,0.4337,1.9913,0.6657,0.3343,1.6494,120144.5000,72839.2000
1700731200000,2.2010,0.6876,0.3124,1.3070,0.5665,0.4335,1.9656,0.6628,0.3372,1.6494,120144.5000,72839.2000
1700731500000,2.2196,0.6894,0.3106,1.3067,0.5665,0.4335,1.9797,0.6644,0.3356,1.6494,120144.5000,72839.2000
1700731800000,2.2144,0.6889,0.3111,1.3066,0.5665,0.4335,1.9700,0.6633,0.3367,1.6494,120144.5000,72839.2000
1700732100000,2.2165,0.6891,0.3109,1.3102,0.5671,0.4329,1.9691,0.6632,0.3368,1.6494,120144.5000,72839.2000
1700732400000,2.2062,0.6881,0.3119,1.3105,0.5672,0.4328,1.9621,0.6624,0.3376,1.6494,120144.5000,72839.2000
1700732700000,2.2123,0.6887,0.3113,1.3097,0.5670,0.4330,1.9744,0.6638,0.3362,1.6494,120144.5000,72839.2000
1700733000000,2.2237,0.6898,0.3102,1.3112,0.5673,0.4327,1.9656,0.6628,0.3372,1.6494,120144.5000,72839.2000
1700733300000,2.2134,0.6888,0.3112,1.3102,0.5671,0.4329,1.9674,0.6630,0.3370,1.6494,120144.5000,72839.2000
1700733600000,2.1959,0.6871,0.3129,1.3079,0.5667,0.4333,1.9656,0.6628,0.3372,1.6494,120144.5000,72839.2000
1700733900000,2.2144,0.6889,0.3111,1.3101,0.5671,0.4329,1.9638,0.6626,0.3374,1.6494,120144.5000,72839.2000
1700734200000,2.2154,0.6890,0.3110,1.3096,0.5670,0.4330,1.9797,0.6644,0.3356,1.6494,120144.5000,72839.2000
1700734500000,2.2216,0.6896,0.3104,1.3099,0.5671,0.4329,1.9958,0.6662,0.3338,1.6494,120144.5000,72839.2000
1700734800000,2.2196,0.6894,0.3106,1.3101,0.5671,0.4329,1.9833,0.6648,0.3352,1.6494,120144.5000,72839.2000
1700735100000,2.2196,0.6894,0.3106,1.3116,0.5674,0.4326,1.9886,0.6654,0.3346,1.6494,120144.5000,72839.2000
1700735400000,2.2185,0.6893,0.3107,1.3109,0.5673,0.4327,1.9940,0.6660,0.3340,1.6494,120144.5000,72839.2000
1700735700000,2.2206,0.6895,0.3105,1.3127,0.5676,0.4324,1.9789,0.6643,0.3357,1.6494,120144.5000,72839.2000
1700736000000,2.2321,0.6906,0.3094,1.3121,0.5675,0.4325,1.9886,0.6654,0.3346,1.6494,120144.5000,72839.2000
1700736300000,2.2237,0.6898,0.3102,1.3102,0.5671,0.4329,1.9869,0.6652,0.3348,1.6494,120144.5000,72839.2000
1700736600000,2.2113,0.6886,0.3114,1.3119,0.5674,0.4326,1.9700,0.6633,0.3367,1.6494,120144.5000,72839.2000
1700736900000,2.2331,0.6907,0.3093,1.3105,0.5672,0.4328,2.0003,0.6667,0.3333,1.6494,120144.5000,72839.2000
1700737200000,2.2258,0.6900,0.3100,1.3135,0.5677,0.4323,1.9869,0.6652,0.3348,1.6494,120144.5000,72839.2000
1700737500000,2.2310,0.6905,0.3095,1.3123,0.5675,0.4325,1.9789,0.6643,0.3357,1.6494,120144.5000,72839.2000
1700737800000,2.2552,0.6928,0.3072,1.3118,0.5674,0.4326,2.0021,0.6669,0.3331,1.6494,120144.5000,72839.2000
1700738100000,2.2446,0.6918,0.3082,1.3132,0.5677,0.4323,1.9940,0.6660,0.3340,1.6494,120144.5000,72839.2000
1700738400000,2.2616,0.6934,0.3066,1.3150,0.5680,0.4320,1.9994,0.6666,0.3334,1.6494,120144.5000,72839.2000
1700738700000,2.2690,0.6941,0.3059,1.3149,0.5680,0.4320,2.0157,0.6684,0.3316,1.6494,120144.5000,72839.2000
1700739000000,2.2626,0.6935,0.3065,1.3142,0.5679,0.4321,2.0120,0.6680,0.3320,1.6494,120144.5000,72839.2000
1700739300000,2.2605,0.6933,0.3067,1.3165,0.5683,0.4317,2.0157,0.6684,0.3316,1.6494,120144.5000,72839.2000
1700739600000,2.2268,0.6901,0.3099,1.3182,0.5686,0.4314,1.9967,0.6663,0.3337,1.6494,120144.5000,72839.2000
1700739900000,2.2362,0.6910,0.3090,1.3198,0.5689,0.4311,2.0239,0.6693,0.3307,1.6494,120144.5000,72839.2000
1700740200000,2.2279,0.6902,0.3098,1.3182,0.5686,0.4314,2.0248,0.6694,0.3306,1.6494,120144.5000,72839.2000
1700740500000,2.2425,0.6916,0.3084,1.3206,0.5691,0.4309,2.0248,0.6694,0.3306,1.6494,120144.5000,72839.2000
1700740800000,2.2352,0.6909,0.3091,1.3199,0.5690,0.4310,2.0248,0.6694,0.3306,1.6494,120144.5000,72839.2000
1700741100000,2.2362,0.6910,0.3090,1.3204,0.5690,0.4310,2.0075,0.6675,0.3325,1.6494,120144.5000,72839.2000
1700741400000,2.2383,0.6912,0.3088,1.3190,0.5688,0.4312,2.0294,0.6699,0.3301,1.6494,120144.5000,72839.2000
1700741700000,2.2352,0.6909,0.3091,1.3171,0.5684,0.4316,2.0257,0.6695,0.3305,1.6494,120144.5000,72839.2000
1700742000000,2.2331,0.6907,0.3093,1.3170,0.5684,0.4316,2.0488,0.6720,0.3280,1.6494,120144.5000,72839.2000
1700742300000,2.2206,0.6895,0.3105,1.3192,0.5688,0.4312,2.0386,0.6709,0.3291,1.6494,120144.5000,72839.2000
1700742600000,2.2216,0.6896,0.3104,1.3203,0.5690,0.4310,2.0349,0.6705,0.3295,1.6494,120144.5000,72839.2000
1700742900000,2.2113,0.6886,0.3114,1.3213,0.5692,0.4308,2.0166,0.6685,0.3315,1.6494,120144.5000,72839.2000
1700743200000,2.2072,0.6882,0.3118,1.3198,0.5689,0.4311,2.0230,0.6692,0.3308,1.6494,120144.5000,72839.2000
1700743500000,2.2154,0.6890,0.3110,1.3205,0.5690,0.4310,2.0202,0.6689,0.3311,1.6494,120144.5000,72839.2000
1700743800000,2.2134,0.6888,0.3112,1.3196,0.5689,0.4311,2.0276,0.6697,0.3303,1.6494,120144.5000,72839.2000
1700744100000,2.2787,0.6950,0.3050,1.3185,0.5687,0.4313,2.0713,0.6744,0.3256,1.6494,120144.5000,72839.2000
1700744400000,2.2906,0.6961,0.3039,1.3165,0.5683,0.4317,2.0731,0.6746,0.3254,1.6494,120144.5000,72839.2000
1700744700000,2.2971,0.6967,0.3033,1.3210,0.5691,0.4309,2.0460,0.6717,0.3283,1.6494,120144.5000,72839.2000
1700745000000,2.3080,0.6977,0.3023,1.3210,0.5692,0.4308,2.0525,0.6724,0.3276,1.6494,120144.5000,72839.2000
1700745300000,2.2723,0.6944,0.3056,1.3216,0.5693,0.4307,2.0349,0.6705,0.3295,1.6494,120144.5000,72839.2000
1700745600000,2.2552,0.6928,0.3072,1.3216,0.5693,0.4307,2.0423,0.6713,0.3287,1.6494,120144.5000,72839.2000
1700745900000,2.2787,0.6950,0.3050,1.3225,0.5694,0.4306,2.0572,0.6729,0.3271,1.6494,120144.5000,72839.2000
1700746200000,2.2755,0.6947,0.3053,1.3205,0.5691,0.4309,2.0562,0.6728,0.3272,1.6494,120144.5000,72839.2000
1700746500000,2.2884,0.6959,0.3041,1.3181,0.5686,0.4314,2.0703,0.6743,0.3257,1.6494,120144.5000,72839.2000
1700746800000,2.2755,0.6947,0.3053,1.3175,0.5685,0.4315,2.0516,0.6723,0.3277,1.6494,120144.5000,72839.2000
1700747100000,2.2916,0.6962,0.3038,1.3172,0.5684,0.4316,2.0684,0.6741,0.3259,1.6494,120144.5000,72839.2000
1700747400000,2.2916,0.6962,0.3038,1.3177,0.5685,0.4315,2.0618,0.6734,0.3266,1.6494,120144.5000,72839.2000
1700747700000,2.2744,0.6946,0.3054,1.3167,0.5684,0.4316,2.0572,0.6729,0.3271,1.6494,120144.5000,72839.2000
1700748000000,2.3003,0.6970,0.3030,1.3179,0.5686,0.4314,2.0572,0.6729,0.3271,1.6494,120144.5000,72839.2000
1700748300000,2.3102,0.6979,0.3021,1.3175,0.5685,0.4315,2.0750,0.6748,0.3252,1.6494,120144.5000,72839.2000
1700748600000,2.3036,0.6973,0.3027,1.3181,0.5686,0.4314,2.0628,0.6735,0.3265,1.6494,120144.5000,72839.2000
1700748900000,2.3080,0.6977,0.3023,1.3186,0.5687,0.4313,2.0600,0.6732,0.3268,1.6494,120144.5000,72839.2000
1700749200000,2.3201,0.6988,0.3012,1.3200,0.5690,0.4310,2.0731,0.6746,0.3254,1.6494,120144.5000,72839.2000
1700749500000,2.3003,0.6970,0.3030,1.3194,0.5689,0.4311,2.0618,0.6734,0.3266,1.6494,120144.5000,72839.2000
1700749800000,2.3146,0.6983,0.3017,1.3202,0.5690,0.4310,2.0647,0.6737,0.3263,1.6494,120144.5000,72839.2000
1700750100000,2.3113,0.6980,0.3020,1.3203,0.5690,0.4310,2.0590,0.6731,0.3269,1.6494,120144.5000,72839.2000
1700750400000,2.3179,0.6986,0.3014,1.3214,0.5692,0.4308,2.0628,0.6735,0.3265,1.6494,120144.5000,72839.2000
1700750700000,2.3113,0.6980,0.3020,1.3188,0.5687,0.4313,2.0788,0.6752,0.3248,1.6494,120144.5000,72839.2000
1700751000000,2.3124,0.6981,0.3019,1.3188,0.5687,0.4313,2.0703,0.6743,0.3257,1.6494,120144.5000,72839.2000
1700751300000,2.3546,0.7019,0.2981,1.3187,0.5687,0.4313,2.1017,0.6776,0.3224,1.6494,120144.5000,72839.2000
1700751600000,2.3467,0.7012,0.2988,1.3191,0.5688,0.4312,2.0941,0.6768,0.3232,1.6494,120144.5000,72839.2000
1700751900000,2.3411,0.7007,0.2993,1.3192,0.5688,0.4312,2.0883,0.6762,0.3238,1.6494,120144.5000,72839.2000
1700752200000,2.3389,0.7005,0.2995,1.3162,0.5683,0.4317,2.1153,0.6790,0.3210,1.6494,120144.5000,72839.2000
1700752500000,2.3124,0.6981,0.3019,1.3194,0.5689,0.4311,2.0769,0.6750,0.3250,1.6494,120144.5000,72839.2000
1700752800000,2.3344,0.7001,0.2999,1.3167,0.5683,0.4317,2.0883,0.6762,0.3238,1.6494,120144.5000,72839.2000
1700753100000,2.3738,0.7036,0.2964,1.3175,0.5685,0.4315,2.1427,0.6818,0.3182,1.6494,120144.5000,72839.2000
1700753400000,2.4771,0.7124,0.2876,1.3166,0.5683,0.4317,2.2154,0.6890,0.3110,1.6494,120144.5000,72839.2000
1700753700000,2.5323,0.7169,0.2831,1.3120,0.5675,0.4325,2.2960,0.6966,0.3034,1.6494,120144.5000,72839.2000
1700754000000,2.5323,0.7169,0.2831,1.3083,0.5668,0.4332,2.3102,0.6979,0.3021,1.6494,120144.5000,72839.2000
1700754300000,2.5600,0.7191,0.2809,1.3073,0.5666,0.4334,2.3289,0.6996,0.3004,1.6494,120144.5000,72839.2000
1700754600000,2.5249,0.7163,0.2837,1.3062,0.5664,0.4336,2.3014,0.6971,0.3029,1.6494,120144.5000,72839.2000
1700754900000,2.5311,0.7168,0.2832,1.3050,0.5662,0.4338,2.3113,0.6980,0.3020,1.6494,120144.5000,72839.2000
1700755200000,2.5524,0.7185,0.2815,1.3067,0.5665,0.4335,2.3156,0.6984,0.3016,1.6494,120144.5000,72839.2000
1700755500000,2.5236,0.7162,0.2838,1.3081,0.5667,0.4333,2.3025,0.6972,0.3028,1.6494,120144.5000,72839.2000
1700755800000,2.5486,0.7182,0.2818,1.3071,0.5666,0.4334,2.3356,0.7002,0.2998,1.6494,120144.5000,72839.2000
1700756100000,2.5186,0.7158,0.2842,1.3078,0.5667,0.4333,2.3234,0.6991,0.3009,1.6494,120144.5000,72839.2000
1700756400000,2.5149,0.7155,0.2845,1.3070,0.5665,0.4335,2.3223,0.6990,0.3010,1.6494,120144.5000,72839.2000
1700756700000,2.5361,0.7172,0.2828,1.3054,0.5662,0.4338,2.3478,0.7013,0.2987,1.6494,120144.5000,72839.2000
1700757000000,2.5273,0.7165,0.2835,1.3049,0.5661,0.4339,2.3400,0.7006,0.2994,1.6494,120144.5000,72839.2000
1700757300000,2.5100,0.7151,0.2849,1.3033,0.5658,0.4342,2.3356,0.7002,0.2998,1.6494,120144.5000,72839.2000
1700757600000,2.5051,0.7147,0.2853,1.3036,0.5659,0.4341,2.3167,0.6985,0.3015,1.6494,120144.5000,72839.2000
1700757900000,2.5524,0.7185,0.2815,1.3017,0.5655,0.4345,2.3467,0.7012,0.2988,1.6494,120144.5000,72839.2000
1700758200000,2.5791,0.7206,0.2794,1.3048,0.5661,0.4339,2.3434,0.7009,0.2991,1.6494,120144.5000,72839.2000
1700758500000,2.5663,0.7196,0.2804,1.3041,0.5660,0.4340,2.3523,0.7017,0.2983,1.6494,120144.5000,72839.2000
1700758800000,2.5587,0.7190,0.2810,1.3045,0.5661,0.4339,2.3467,0.7012,0.2988,1.6494,120144.5000,72839.2000
1700759100000,2.5587,0.7190,0.2810,1.3045,0.5661,0.4339,2.3400,0.7006,0.2994,1.6494,120144.5000,72839.2000
1700759400000,2.5575,0.7189,0.2811,1.3029,0.5658,0.4342,2.3167,0.6985,0.3015,1.6494,120144.5000,72839.2000
1700759700000,2.5436,0.7178,0.2822,1.3031,0.5658,0.4342,2.3135,0.6982,0.3018,1.6494,120144.5000,72839.2000
1700760000000,2.5423,0.7177,0.2823,1.3024,0.5657,0.4343,2.3234,0.6991,0.3009,1.6494,120144.5000,72839.2000
1700760300000,2.5511,0.7184,0.2816,1.3038,0.5659,0.4341,2.3311,0.6998,0.3002,1.6494,120144.5000,72839.2000
1700760600000,2.5436,0.7178,0.2822,1.3033,0.5658,0.4342,2.3256,0.6993,0.3007,1.6494,120144.5000,72839.2000
1700760900000,2.5336,0.7170,0.2830,1.3032,0.5658,0.4342,2.3278,0.6995,0.3005,1.6494,120144.5000,72839.2000
1700761200000,2.5249,0.7163,0.2837,1.3035,0.5659,0.4341,2.3333,0.7000,0.3000,1.6494,120144.5000,72839.2000
1700761500000,2.5051,0.7147,0.2853,1.3029,0.5658,0.4342,2.3278,0.6995,0.3005,1.6494,120144.5000,72839.2000
1700761800000,2.4928,0.7137,0.2863,1.3064,0.5664,0.4336,2.3156,0.6984,0.3016,1.6494,120144.5000,72839.2000
1700762100000,2.4880,0.7133,0.2867,1.3034,0.5659,0.4341,2.3179,0.6986,0.3014,1.6494,120144.5000,72839.2000
1700762400000,2.4916,0.7136,0.2864,1.3036,0.5659,0.4341,2.3190,0.6987,0.3013,1.6494,120144.5000,72839.2000
1700762700000,2.5100,0.7151,0.2849,1.3030,0.5658,0.4342,2.3367,0.7003,0.2997,1.6494,120144.5000,72839.2000
1700763000000,2.5162,0.7156,0.2844,1.2994,0.5651,0.4349,2.3389,0.7005,0.2995,1.6494,120144.5000,72839.2000
1700763300000,2.5002,0.7143,0.2857,1.2971,0.5647,0.4353,2.3378,0.7004,0.2996,1.6494,120144.5000,72839.2000
1700763600000,2.5137,0.7154,0.2846,1.2960,0.5645,0.4355,2.3523,0.7017,0.2983,1.6494,120144.5000,72839.2000
1700763900000,2.5075,0.7149,0.2851,1.2982,0.5649,0.4351,2.3445,0.7010,0.2990,1.6494,120144.5000,72839.2000
1700764200000,2.5149,0.7155,0.2845,1.2984,0.5649,0.4351,2.3300,0.6997,0.3003,1.6494,120144.5000,72839.2000
1700764500000,2.5174,0.7157,0.2843,1.2974,0.5647,0.4353,2.3135,0.6982,0.3018,1.6494,120144.5000,72839.2000
1700764800000,2.5211,0.7160,0.2840,1.2991,0.5650,0.4350,2.3234,0.6991,0.3009,1.6494,120144.5000,72839.2000
1700765100000,2.5249,0.7163,0.2837,1.2980,0.5648,0.4352,2.3322,0.6999,0.3001,1.6494,120144.5000,72839.2000
1700765400000,2.5125,0.7153,0.2847,1.2950,0.5643,0.4357,2.3445,0.7010,0.2990,1.6494,120144.5000,72839.2000
1700765700000,2.5174,0.7157,0.2843,1.2949,0.5643,0.4357,2.3467,0.7012,0.2988,1.6494,120144.5000,72839.2000
1700766000000,2.5224,0.7161,0.2839,1.2970,0.5647,0.4353,2.3422,0.7008,0.2992,1.6494,120144.5000,72839.2000
1700766300000,2.5448,0.7179,0.2821,1.2963,0.5645,0.4355,2.3557,0.7020,0.2980,1.6494,120144.5000,72839.2000
1700766600000,2.5448,0.7179,0.2821,1.2935,0.5640,0.4360,2.3647,0.7028,0.2972,1.6494,120144.5000,72839.2000
1700766900000,2.5273,0.7165,0.2835,1.2936,0.5640,0.4360,2.3422,0.7008,0.2992,1.6494,120144.5000,72839.2000
1700767200000,2.4990,0.7142,0.2858,1.2952,0.5643,0.4357,2.3267,0.6994,0.3006,1.6494,120144.5000,72839.2000
1700767500000,2.5075,0.7149,0.2851,1.2962,0.5645,0.4355,2.3179,0.6986,0.3014,1.6494,120144.5000,72839.2000
1700767800000,2.5051,0.7147,0.2853,1.2960,0.5645,0.4355,2.3267,0.6994,0.3006,1.6494,120144.5000,72839.2000
1700768100000,2.4904,0.7135,0.2865,1.2937,0.5640,0.4360,2.3356,0.7002,0.2998,1.6494,120144.5000,72839.2000
1700768400000,2.5373,0.7173,0.2827,1.2953,0.5643,0.4357,2.3501,0.7015,0.2985,1.6494,120144.5000,72839.2000
1700768700000,2.5298,0.7167,0.2833,1.2937,0.5640,0.4360,2.3795,0.7041,0.2959,1.6494,120144.5000,72839.2000
1700769000000,2.5137,0.7154,0.2846,1.2949,0.5643,0.4357,2.3591,0.7023,0.2977,1.6494,120144.5000,72839.2000
1700769300000,2.5125,0.7153,0.2847,1.2977,0.5648,0.4352,2.3378,0.7004,0.2996,1.6494,120144.5000,72839.2000
1700769600000,2.5436,0.7178,0.2822,1.2977,0.5648,0.4352,2.3750,0.7037,0.2963,1.6494,120144.5000,72839.2000
1700769900000,2.6036,0.7225,0.2775,1.2952,0.5643,0.4357,2.4153,0.7072,0.2928,1.6494,120144.5000,72839.2000
1700770200000,2.5829,0.7209,0.2791,1.2960,0.5645,0.4355,2.3807,0.7042,0.2958,1.6494,120144.5000,72839.2000
1700770500000,2.5971,0.7220,0.2780,1.2958,0.5644,0.4356,2.3979,0.7057,0.2943,1.6494,120144.5000,72839.2000
1700770800000,2.5524,0.7185,0.2815,1.2953,0.5643,0.4357,2.3659,0.7029,0.2971,1.6494,120144.5000,72839.2000
1700771100000,2.5261,0.7164,0.2836,1.2964,0.5645,0.4355,2.3378,0.7004,0.2996,1.6494,120144.5000,72839.2000
1700771400000,2.5361,0.7172,0.2828,1.2967,0.5646,0.4354,2.3602,0.7024,0.2976,1.6494,120144.5000,72839.2000
1700771700000,2.5600,0.7191,0.2809,1.2970,0.5647,0.4353,2.3681,0.7031,0.2969,1.6494,120144.5000,72839.2000
1700772000000,2.5829,0.7209,0.2791,1.2961,0.5645,0.4355,2.3979,0.7057,0.2943,1.6494,120144.5000,72839.2000
1700772300000,2.5411,0.7176,0.2824,1.2955,0.5644,0.4356,2.3715,0.7034,0.2966,1.6494,120144.5000,72839.2000
1700772600000,2.5323,0.7169,0.2831,1.2946,0.5642,0.4358,2.3818,0.7043,0.2957,1.6494,120144.5000,72839.2000
1700772900000,2.5398,0.7175,0.2825,1.2953,0.5643,0.4357,2.3864,0.7047,0.2953,1.6494,120144.5000,72839.2000
1700773200000,2.5537,0.7186,0.2814,1.2959,0.5644,0.4356,2.3841,0.7045,0.2955,1.6494,120144.5000,72839.2000
1700773500000,2.5689,0.7198,0.2802,1.2932,0.5639,0.4361,2.4083,0.7066,0.2934,1.6494,120144.5000,72839.2000
1700773800000,2.5211,0.7160,0.2840,1.2899,0.5633,0.4367,2.3852,0.7046,0.2954,1.6494,120144.5000,72839.2000
1700774100000,2.5112,0.7152,0.2848,1.2890,0.5631,0.4369,2.3910,0.7051,0.2949,1.6494,120144.5000,72839.2000
1700774400000,2.5311,0.7168,0.2832,1.2919,0.5637,0.4363,2.3910,0.7051,0.2949,1.6494,120144.5000,72839.2000
1700774700000,2.5423,0.7177,0.2823,1.2915,0.5636,0.4364,2.4037,0.7062,0.2938,1.6494,120144.5000,72839.2000
1700775000000,2.5249,0.7163,0.2837,1.2908,0.5635,0.4365,2.3841,0.7045,0.2955,1.6494,120144.5000,72839.2000
1700775300000,2.5323,0.7169,0.2831,1.2903,0.5634,0.4366,2.3990,0.7058,0.2942,1.6494,120144.5000,72839.2000
1700775600000,2.5026,0.7145,0.2855,1.2915,0.5636,0.4364,2.3647,0.7028,0.2972,1.6494,120144.5000,72839.2000
1700775900000,2.5311,0.7168,0.2832,1.2899,0.5633,0.4367,2.3956,0.7055,0.2945,1.6494,120144.5000,72839.2000
1700776200000,2.5199,0.7159,0.2841,1.2902,0.5634,0.4366,2.3864,0.7047,0.2953,1.6494,120144.5000,72839.2000
1700776500000,2.5448,0.7179,0.2821,1.2916,0.5636,0.4364,2.3864,0.7047,0.2953,1.6494,120144.5000,72839.2000
1700776800000,2.5575,0.7189,0.2811,1.2895,0.5632,0.4368,2.4095,0.7067,0.2933,1.6494,120144.5000,72839.2000
1700777100000,2.5499,0.7183,0.2817,1.2855,0.5625,0.4375,2.4141,0.7071,0.2929,1.6494,120144.5000,72839.2000
1700777400000,2.5600,0.7191,0.2809,1.2832,0.5620,0.4380,2.4258,0.7081,0.2919,1.6494,120144.5000,72839.2000
1700777700000,2.5663,0.7196,0.2804,1.2830,0.5620,0.4380,2.4364,0.7090,0.2910,1.6494,120144.5000,72839.2000
1700778000000,2.5638,0.7194,0.2806,1.2836,0.5621,0.4379,2.4270,0.7082,0.2918,1.6494,120144.5000,72839.2000
1700778300000,2.5676,0.7197,0.2803,1.2852,0.5624,0.4376,2.4188,0.7075,0.2925,1.6494,120144.5000,72839.2000
1700778600000,2.5587,0.7190,0.2810,1.2831,0.5620,0.4380,2.4282,0.7083,0.2917,1.6494,120144.5000,72839.2000
1700778900000,2.5423,0.7177,0.2823,1.2851,0.5624,0.4376,2.4037,0.7062,0.2938,1.6494,120144.5000,72839.2000
1700779200000,2.5063,0.7148,0.2852,1.2868,0.5627,0.4373,2.3659,0.7029,0.2971,1.6494,120144.5000,72839.2000
1700779500000,2.4141,0.7071,0.2929,1.2875,0.5628,0.4372,2.3113,0.6980,0.3020,1.6494,120144.5000,72839.2000
1700779800000,2.4083,0.7066,0.2934,1.2870,0.5628,0.4372,2.3135,0.6982,0.3018,1.6494,120144.5000,72839.2000
1700780100000,2.4247,0.7080,0.2920,1.2858,0.5625,0.4375,2.3367,0.7003,0.2997,1.6494,120144.5000,72839.2000
1700780400000,2.4530,0.7104,0.2896,1.2861,0.5626,0.4374,2.3501,0.7015,0.2985,1.6494,120144.5000,72839.2000
1700780700000,2.4686,0.7117,0.2883,1.2842,0.5622,0.4378,2.3704,0.7033,0.2967,1.6494,120144.5000,72839.2000
1700781000000,2.4807,0.7127,0.2873,1.2852,0.5624,0.4376,2.3852,0.7046,0.2954,1.6494,120144.5000,72839.2000
1700781300000,2.4795,0.7126,0.2874,1.2838,0.5621,0.4379,2.3967,0.7056,0.2944,1.6494,120144.5000,72839.2000
1700781600000,2.4965,0.7140,0.2860,1.2853,0.5624,0.4376,2.3887,0.7049,0.2951,1.6494,120144.5000,72839.2000
1700781900000,2.4916,0.7136,0.2864,1.2861,0.5626,0.4374,2.3875,0.7048,0.2952,1.6494,120144.5000,72839.2000
1700782200000,2.4916,0.7136,0.2864,1.2858,0.5625,0.4375,2.3829,0.7044,0.2956,1.6494,120144.5000,72839.2000
1700782500000,2.4674,0.7116,0.2884,1.2832,0.5620,0.4380,2.3887,0.7049,0.2951,1.6494,120144.5000,72839.2000
1700782800000,2.4072,0.7065,0.2935,1.2823,0.5619,0.4381,2.3445,0.7010,0.2990,1.6494,120144.5000,72839.2000
1700783100000,2.4364,0.7090,0.2910,1.2830,0.5620,0.4380,2.3613,0.7025,0.2975,1.6494,120144.5000,72839.2000
1700783400000,2.4282,0.7083,0.2917,1.2821,0.5618,0.4382,2.3568,0.7021,0.2979,1.6494,120144.5000,72839.2000
1700783700000,2.4270,0.7082,0.2918,1.2841,0.5622,0.4378,2.3467,0.7012,0.2988,1.6494,120144.5000,72839.2000
1700784000000,2.3738,0.7036,0.2964,1.2827,0.5619,0.4381,2.3179,0.6986,0.3014,1.6494,120144.5000,72839.2000
1700784300000,2.3875,0.7048,0.2952,1.2815,0.5617,0.4383,2.3289,0.6996,0.3004,1.6494,120144.5000,72839.2000
1700784600000,2.4223,0.7078,0.2922,1.2818,0.5617,0.4383,2.3456,0.7011,0.2989,1.6494,120144.5000,72839.2000
1700784900000,2.4554,0.7106,0.2894,1.2769,0.5608,0.4392,2.3818,0.7043,0.2957,1.6494,120144.5000,72839.2000
1700785200000,2.4941,0.7138,0.2862,1.2779,0.5610,0.4390,2.4188,0.7075,0.2925,1.6494,120144.5000,72839.2000
1700785500000,2.4807,0.7127,0.2873,1.2792,0.5613,0.4387,2.4025,0.7061,0.2939,1.6494,120144.5000,72839.2000
1700785800000,2.4831,0.7129,0.2871,1.2813,0.5616,0.4384,2.3864,0.7047,0.2953,1.6494,120144.5000,72839.2000
1700786100000,2.4400,0.7093,0.2907,1.2803,0.5615,0.4385,2.3659,0.7029,0.2971,1.6494,120144.5000,72839.2000
1700786400000,2.3727,0.7035,0.2965,1.2825,0.5619,0.4381,2.3047,0.6974,0.3026,1.6494,120144.5000,72839.2000
1700786700000,2.3102,0.6979,0.3021,1.2814,0.5617,0.4383,2.2690,0.6941,0.3059,1.6494,120144.5000,72839.2000
1700787000000,2.2723,0.6944,0.3056,1.2801,0.5614,0.4386,2.2573,0.6930,0.3070,1.6494,120144.5000,72839.2000
1700787300000,2.2531,0.6926,0.3074,1.2797,0.5614,0.4386,2.2637,0.6936,0.3064,1.6494,120144.5000,72839.2000
1700787600000,2.2701,0.6942,0.3058,1.2821,0.5618,0.4382,2.2573,0.6930,0.3070,1.6494,120144.5000,72839.2000
1700787900000,2.2949,0.6965,0.3035,1.2799,0.5614,0.4386,2.3003,0.6970,0.3030,1.6494,120144.5000,72839.2000
1700788200000,2.2862,0.6957,0.3043,1.2822,0.5618,0.4382,2.2949,0.6965,0.3035,1.6494,120144.5000,72839.2000
1700788500000,2.3036,0.6973,0.3027,1.2802,0.5614,0.4386,2.3234,0.6991,0.3009,1.6494,120144.5000,72839.2000
1700788800000,2.3124,0.6981,0.3019,1.2801,0.5614,0.4386,2.3156,0.6984,0.3016,1.6494,120144.5000,72839.2000
1700789100000,2.3135,0.6982,0.3018,1.2810,0.5616,0.4384,2.3212,0.6989,0.3011,1.6494,120144.5000,72839.2000
1700789400000,2.3003,0.6970,0.3030,1.2789,0.5612,0.4388,2.3156,0.6984,0.3016,1.6494,120144.5000,72839.2000
1700789700000,2.3223,0.6990,0.3010,1.2795,0.5613,0.4387,2.3135,0.6982,0.3018,1.6494,120144.5000,72839.2000
1700790000000,2.3212,0.6989,0.3011,1.2809,0.5616,0.4384,2.3234,0.6991,0.3009,1.6494,120144.5000,72839.2000
1700790300000,2.2992,0.6969,0.3031,1.2808,0.5615,0.4385,2.3102,0.6979,0.3021,1.6494,120144.5000,72839.2000
1700790600000,2.3058,0.6975,0.3025,1.2812,0.5616,0.4384,2.2992,0.6969,0.3031,1.6494,120144.5000,72839.2000
1700790900000,2.2949,0.6965,0.3035,1.2321,0.5520,0.4480,2.3344,0.7001,0.2999,1.6494,120144.5000,72839.2000
1700791200000,2.3025,0.6972,0.3028,1.2325,0.5521,0.4479,2.3378,0.7004,0.2996,1.6494,120144.5000,72839.2000
1700791500000,2.4106,0.7068,0.2932,1.2331,0.5522,0.4478,2.4083,0.7066,0.2934,1.6494,120144.5000,72839.2000
1700791800000,2.3887,0.7049,0.2951,1.2313,0.5518,0.4482,2.3898,0.7050,0.2950,1.6494,120144.5000,72839.2000
1700792100000,2.3681,0.7031,0.2969,1.2324,0.5521,0.4479,2.3693,0.7032,0.2968,1.6494,120144.5000,72839.2000
1700792400000,2.3322,0.6999,0.3001,1.2310,0.5518,0.4482,2.3602,0.7024,0.2976,1.6494,120144.5000,72839.2000
1700792700000,2.3378,0.7004,0.2996,1.2323,0.5520,0.4480,2.3523,0.7017,0.2983,1.6494,120144.5000,72839.2000
1700793000000,2.3069,0.6976,0.3024,1.2323,0.5520,0.4480,2.3322,0.6999,0.3001,1.6494,120144.5000,72839.2000
1700793300000,2.3135,0.6982,0.3018,1.2317,0.5519,0.4481,2.3400,0.7006,0.2994,1.6494,120144.5000,72839.2000
1700793600000,2.3311,0.6998,0.3002,1.2315,0.5519,0.4481,2.3434,0.7009,0.2991,1.6494,120144.5000,72839.2000
1700793900000,2.2830,0.6954,0.3046,1.2321,0.5520,0.4480,2.3091,0.6978,0.3022,1.6494,120144.5000,72839.2000
1700794200000,2.2992,0.6969,0.3031,1.2324,0.5520,0.4480,2.3245,0.6992,0.3008,1.6494,120144.5000,72839.2000
1700794500000,2.3557,0.7020,0.2980,1.2324,0.5520,0.4480,2.3761,0.7038,0.2962,1.6494,120144.5000,72839.2000
1700794800000,2.3557,0.7020,0.2980,1.2304,0.5516,0.4484,2.3829,0.7044,0.2956,1.6494,120144.5000,72839.2000
1700795100000,2.3727,0.7035,0.2965,1.2300,0.5516,0.4484,2.3979,0.7057,0.2943,1.6494,120144.5000,72839.2000
1700795400000,2.3613,0.7025,0.2975,1.2305,0.5517,0.4483,2.3887,0.7049,0.2951,1.6494,120144.5000,72839.2000
1700795700000,2.3580,0.7022,0.2978,1.2312,0.5518,0.4482,2.3829,0.7044,0.2956,1.6494,120144.5000,72839.2000
1700796000000,2.3647,0.7028,0.2972,1.2299,0.5516,0.4484,2.3864,0.7047,0.2953,1.6494,120144.5000,72839.2000
1700796300000,2.3625,0.7026,0.2974,1.2326,0.5521,0.4479,2.3784,0.7040,0.2960,1.6494,120144.5000,72839.2000
1700796600000,2.2690,0.6941,0.3059,1.2321,0.5520,0.4480,2.3124,0.6981,0.3019,1.6494,120144.5000,72839.2000
1700796900000,2.2531,0.6926,0.3074,1.2337,0.5523,0.4477,2.2938,0.6964,0.3036,1.6494,120144.5000,72839.2000
1700797200000,2.2755,0.6947,0.3053,1.2326,0.5521,0.4479,2.3156,0.6984,0.3016,1.6494,120144.5000,72839.2000
1700797500000,2.3025,0.6972,0.3028,1.2329,0.5521,0.4479,2.3256,0.6993,0.3007,1.6494,120144.5000,72839.2000
1700797800000,2.3146,0.6983,0.3017,1.2324,0.5521,0.4479,2.3389,0.7005,0.2995,1.6494,120144.5000,72839.2000
1700798100000,2.3190,0.6987,0.3013,1.2327,0.5521,0.4479,2.3411,0.7007,0.2993,1.6494,120144.5000,72839.2000
1700798400000,2.3322,0.6999,0.3001,1.2322,0.5520,0.4480,2.3557,0.7020,0.2980,1.6494,120144.5000,72839.2000
1700798700000,2.2648,0.6937,0.3063,1.2306,0.5517,0.4483,2.3036,0.6973,0.3027,1.6494,120144.5000,72839.2000
1700799000000,2.2227,0.6897,0.3103,1.2310,0.5518,0.4482,2.2701,0.6942,0.3058,1.6494,120144.5000,72839.2000
1700799300000,2.2165,0.6891,0.3109,1.2316,0.5519,0.4481,2.2733,0.6945,0.3055,1.6494,120144.5000,72839.2000
1700799600000,2.2175,0.6892,0.3108,1.2311,0.5518,0.4482,2.2701,0.6942,0.3058,1.6494,120144.5000,72839.2000
1700799900000,2.2404,0.6914,0.3086,1.2314,0.5518,0.4482,2.2938,0.6964,0.3036,1.6494,120144.5000,72839.2000
1700800200000,2.2949,0.6965,0.3035,1.2315,0.5519,0.4481,2.3389,0.7005,0.2995,1.6494,120144.5000,72839.2000
1700800500000,2.3003,0.6970,0.3030,1.2300,0.5516,0.4484,2.3422,0.7008,0.2992,1.6494,120144.5000,72839.2000
1700800800000,2.3091,0.6978,0.3022,1.2314,0.5518,0.4482,2.3434,0.7009,0.2991,1.6494,120144.5000,72839.2000
1700801100000,2.3727,0.7035,0.2965,1.2307,0.5517,0.4483,2.3875,0.7048,0.2952,1.6494,120144.5000,72839.2000
1700801400000,2.3864,0.7047,0.2953,1.2306,0.5517,0.4483,2.4014,0.7060,0.2940,1.6494,120144.5000,72839.2000
1700801700000,2.3887,0.7049,0.2951,1.2313,0.5518,0.4482,2.4060,0.7064,0.2936,1.6494,120144.5000,72839.2000
1700802000000,2.3910,0.7051,0.2949,1.2311,0.5518,0.4482,2.3933,0.7053,0.2947,1.6494,120144.5000,72839.2000
1700802300000,2.3784,0.7040,0.2960,1.2321,0.5520,0.4480,2.3715,0.7034,0.2966,1.6494,120144.5000,72839.2000
1700802600000,2.3910,0.7051,0.2949,1.2321,0.5520,0.4480,2.3898,0.7050,0.2950,1.6494,120144.5000,72839.2000
1700802900000,2.4014,0.7060,0.2940,1.2311,0.5518,0.4482,2.3898,0.7050,0.2950,1.6494,120144.5000,72839.2000
1700803200000,2.3738,0.7036,0.2964,1.2330,0.5522,0.4478,2.3580,0.7022,0.2978,1.6494,120144.5000,72839.2000
1700803500000,2.3990,0.7058,0.2942,1.2327,0.5521,0.4479,2.3933,0.7053,0.2947,1.6494,120144.5000,72839.2000
1700803800000,2.3933,0.7053,0.2947,1.2311,0.5518,0.4482,2.3898,0.7050,0.2950,1.6494,120144.5000,72839.2000
1700804100000,2.3875,0.7048,0.2952,1.2325,0.5521,0.4479,2.3784,0.7040,0.2960,1.6494,120144.5000,72839.2000
1700804400000,2.3990,0.7058,0.2942,1.2323,0.5520,0.4480,2.3990,0.7058,0.2942,1.6494,120144.5000,72839.2000
1700804700000,2.3990,0.7058,0.2942,1.2331,0.5522,0.4478,2.3841,0.7045,0.2955,1.6494,120144.5000,72839.2000
1700805000000,2.3636,0.7027,0.2973,1.2334,0.5522,0.4478,2.3613,0.7025,0.2975,1.6494,120144.5000,72839.2000
1700805300000,2.4223,0.7078,0.2922,1.2291,0.5514,0.4486,2.4188,0.7075,0.2925,1.6494,120144.5000,72839.2000
1700805600000,2.3681,0.7031,0.2969,1.2285,0.5513,0.4487,2.3887,0.7049,0.2951,1.6494,120144.5000,72839.2000
1700805900000,2.3910,0.7051,0.2949,1.2319,0.5519,0.4481,2.3761,0.7038,0.2962,1.6494,120144.5000,72839.2000
1700806200000,2.3613,0.7025,0.2975,1.2302,0.5516,0.4484,2.3795,0.7041,0.2959,1.6494,120144.5000,72839.2000
1700806500000,2.3546,0.7019,0.2981,1.2305,0.5517,0.4483,2.3807,0.7042,0.2958,1.6494,120144.5000,72839.2000
1700806800000,2.3613,0.7025,0.2975,1.2309,0.5517,0.4483,2.3979,0.7057,0.2943,1.6494,120144.5000,72839.2000
1700807100000,2.3704,0.7033,0.2967,1.2326,0.5521,0.4479,2.3875,0.7048,0.2952,1.6494,120144.5000,72839.2000
1700807400000,2.3727,0.7035,0.2965,1.2321,0.5520,0.4480,2.3818,0.7043,0.2957,1.6494,120144.5000,72839.2000
1700807700000,2.3670,0.7030,0.2970,1.2295,0.5515,0.4485,2.4176,0.7074,0.2926,1.6494,120144.5000,72839.2000
1700808000000,2.3344,0.7001,0.2999,1.2308,0.5517,0.4483,2.3693,0.7032,0.2968,1.6494,120144.5000,72839.2000
1700808300000,2.2927,0.6963,0.3037,1.2319,0.5520,0.4480,2.3602,0.7024,0.2976,1.6494,120144.5000,72839.2000
1700808600000,2.2808,0.6952,0.3048,1.2305,0.5517,0.4483,2.3602,0.7024,0.2976,1.6494,120144.5000,72839.2000
1700808900000,2.2383,0.6912,0.3088,1.2302,0.5516,0.4484,2.3003,0.6970,0.3030,1.6494,120144.5000,72839.2000
1700809200000,2.2248,0.6899,0.3101,1.2271,0.5510,0.4490,2.3223,0.6990,0.3010,1.6494,120144.5000,72839.2000
1700809500000,2.3102,0.6979,0.3021,1.2279,0.5511,0.4489,2.3761,0.7038,0.2962,1.6494,120144.5000,72839.2000
1700809800000,2.3367,0.7003,0.2997,1.2260,0.5508,0.4492,2.4025,0.7061,0.2939,1.6494,120144.5000,72839.2000
1700810100000,2.3400,0.7006,0.2994,1.2261,0.5508,0.4492,2.3933,0.7053,0.2947,1.6494,120144.5000,72839.2000
1700810400000,2.3311,0.6998,0.3002,1.2229,0.5501,0.4499,2.3898,0.7050,0.2950,1.6494,120144.5000,72839.2000
1700810700000,2.3356,0.7002,0.2998,1.2209,0.5497,0.4503,2.4200,0.7076,0.2924,1.6494,120144.5000,72839.2000
1700811000000,2.3156,0.6984,0.3016,1.2192,0.5494,0.4506,2.3979,0.7057,0.2943,1.6494,120144.5000,72839.2000
1700811300000,2.3333,0.7000,0.3000,1.2214,0.5498,0.4502,2.3864,0.7047,0.2953,1.6494,120144.5000,72839.2000
1700811600000,2.3069,0.6976,0.3024,1.2219,0.5499,0.4501,2.3852,0.7046,0.2954,1.6494,120144.5000,72839.2000
1700811900000,2.2680,0.6940,0.3060,1.2216,0.5499,0.4501,2.3512,0.7016,0.2984,1.6494,120144.5000,72839.2000
1700812200000,2.2616,0.6934,0.3066,1.2210,0.5498,0.4502,2.3478,0.7013,0.2987,1.6494,120144.5000,72839.2000
1700812500000,2.2446,0.6918,0.3082,1.2216,0.5499,0.4501,2.3467,0.7012,0.2988,1.6494,120144.5000,72839.2000
1700812800000,2.2154,0.6890,0.3110,1.2219,0.5499,0.4501,2.3212,0.6989,0.3011,1.6494,120144.5000,72839.2000
1700813100000,2.2248,0.6899,0.3101,1.2234,0.5502,0.4498,2.3036,0.6973,0.3027,1.6494,120144.5000,72839.2000
1700813400000,2.2520,0.6925,0.3075,1.2255,0.5507,0.4493,2.3146,0.6983,0.3017,1.6494,120144.5000,72839.2000
1700813700000,2.2499,0.6923,0.3077,1.2246,0.5505,0.4495,2.3167,0.6985,0.3015,1.6494,120144.5000,72839.2000
1700814000000,2.2331,0.6907,0.3093,1.2223,0.5500,0.4500,2.3124,0.6981,0.3019,1.6494,120144.5000,72839.2000
1700814300000,2.2279,0.6902,0.3098,1.2216,0.5499,0.4501,2.3201,0.6988,0.3012,1.6494,120144.5000,72839.2000
1700814600000,2.2552,0.6928,0.3072,1.2197,0.5495,0.4505,2.3490,0.7014,0.2986,1.6494,120144.5000,72839.2000
1700814900000,2.2626,0.6935,0.3065,1.2207,0.5497,0.4503,2.3367,0.7003,0.2997,1.6494,120144.5000,72839.2000
1700815200000,2.2394,0.6913,0.3087,1.2192,0.5494,0.4506,2.3190,0.6987,0.3013,1.6494,120144.5000,72839.2000
1700815500000,2.2289,0.6903,0.3097,1.2195,0.5494,0.4506,2.3422,0.7008,0.2992,1.6494,120144.5000,72839.2000
1700815800000,2.2520,0.6925,0.3075,1.2207,0.5497,0.4503,2.3333,0.7000,0.3000,1.6494,120144.5000,72839.2000
1700816100000,2.2352,0.6909,0.3091,1.2171,0.5490,0.4510,2.3267,0.6994,0.3006,1.6494,120144.5000,72839.2000
1700816400000,2.2031,0.6878,0.3122,1.2145,0.5484,0.4516,2.3156,0.6984,0.3016,1.6494,120144.5000,72839.2000
1700816700000,2.2144,0.6889,0.3111,1.2144,0.5484,0.4516,2.2971,0.6967,0.3033,1.6494,120144.5000,72839.2000
1700817000000,2.2300,0.6904,0.3096,1.2151,0.5486,0.4514,2.3113,0.6980,0.3020,1.6494,120144.5000,72839.2000
1700817300000,2.2051,0.6880,0.3120,1.2148,0.5485,0.4515,2.2841,0.6955,0.3045,1.6494,120144.5000,72839.2000
1700817600000,2.1676,0.6843,0.3157,1.2155,0.5486,0.4514,2.2616,0.6934,0.3066,1.6494,120144.5000,72839.2000
1700817900000,2.1776,0.6853,0.3147,1.2170,0.5489,0.4511,2.2616,0.6934,0.3066,1.6494,120144.5000,72839.2000
1700818200000,2.1636,0.6839,0.3161,1.2151,0.5486,0.4514,2.2584,0.6931,0.3069,1.6494,120144.5000,72839.2000
1700818500000,2.1586,0.6834,0.3166,1.2149,0.5485,0.4515,2.2712,0.6943,0.3057,1.6494,120144.5000,72839.2000
1700818800000,2.1676,0.6843,0.3157,1.2178,0.5491,0.4509,2.2626,0.6935,0.3065,1.6494,120144.5000,72839.2000
1700819100000,2.1596,0.6835,0.3165,1.2150,0.5485,0.4515,2.2733,0.6945,0.3055,1.6494,120144.5000,72839.2000
1700819400000,2.0969,0.6771,0.3229,1.2169,0.5489,0.4511,2.2154,0.6890,0.3110,1.6494,120144.5000,72839.2000
1700819700000,2.0807,0.6754,0.3246,1.2185,0.5492,0.4508,2.1918,0.6867,0.3133,1.6494,120144.5000,72839.2000
1700820000000,2.0404,0.6711,0.3289,1.2119,0.5479,0.4521,2.1319,0.6807,0.3193,1.6494,120144.5000,72839.2000
1700820300000,2.0340,0.6704,0.3296,1.2148,0.5485,0.4515,2.1289,0.6804,0.3196,1.6494,120144.5000,72839.2000
1700820600000,2.0266,0.6696,0.3304,1.2164,0.5488,0.4512,2.1046,0.6779,0.3221,1.6494,120144.5000,72839.2000
1700820900000,2.0084,0.6676,0.3324,1.2161,0.5488,0.4512,2.0845,0.6758,0.3242,1.6494,120144.5000,72839.2000
1700821200000,2.0120,0.6680,0.3320,1.2151,0.5485,0.4515,2.0845,0.6758,0.3242,1.6494,120144.5000,72839.2000
1700821500000,2.0166,0.6685,0.3315,1.2164,0.5488,0.4512,2.0779,0.6751,0.3249,1.6494,120144.5000,72839.2000
1700821800000,1.9369,0.6595,0.3405,1.2138,0.5483,0.4517,1.9665,0.6629,0.3371,1.6494,120144.5000,72839.2000
1700822100000,1.8902,0.6540,0.3460,1.2110,0.5477,0.4523,1.9326,0.6590,0.3410,1.6494,120144.5000,72839.2000
1700822400000,1.9647,0.6627,0.3373,1.2074,0.5470,0.4530,2.0021,0.6669,0.3331,1.6494,120144.5000,72839.2000
1700822700000,1.9283,0.6585,0.3415,1.2037,0.5462,0.4538,1.9727,0.6636,0.3364,1.6494,120144.5000,72839.2000
1700823000000,1.9525,0.6613,0.3387,1.2043,0.5463,0.4537,1.9691,0.6632,0.3368,1.6494,120144.5000,72839.2000
1700823300000,1.9394,0.6598,0.3402,1.2052,0.5465,0.4535,1.9586,0.6620,0.3380,1.6494,120144.5000,72839.2000
1700823600000,1.9438,0.6603,0.3397,1.2050,0.5465,0.4535,1.9586,0.6620,0.3380,1.6494,120144.5000,72839.2000
1700823900000,1.9833,0.6648,0.3352,1.2130,0.5481,0.4519,1.9595,0.6621,0.3379,1.6494,120144.5000,72839.2000
1700824200000,1.9612,0.6623,0.3377,1.2130,0.5481,0.4519,1.9533,0.6614,0.3386,1.6494,120144.5000,72839.2000
1700824500000,1.9394,0.6598,0.3402,1.2130,0.5481,0.4519,1.9326,0.6590,0.3410,1.6494,120144.5000,72839.2000
1700824800000,1.9958,0.6662,0.3338,1.2131,0.5481,0.4519,1.9940,0.6660,0.3340,1.6494,120144.5000,72839.2000
1700825100000,1.9931,0.6659,0.3341,1.2127,0.5481,0.4519,2.0021,0.6669,0.3331,1.6494,120144.5000,72839.2000
1700825400000,1.9958,0.6662,0.3338,1.2143,0.5484,0.4516,1.9940,0.6660,0.3340,1.6494,120144.5000,72839.2000
1700825700000,1.9806,0.6645,0.3355,1.2159,0.5487,0.4513,2.0211,0.6690,0.3310,1.6494,120144.5000,72839.2000
1700826000000,1.9824,0.6647,0.3353,1.2159,0.5487,0.4513,2.0139,0.6682,0.3318,1.6494,120144.5000,72839.2000
1700826300000,2.0590,0.6731,0.3269,1.2161,0.5488,0.4512,2.0675,0.6740,0.3260,1.6494,120144.5000,72839.2000
1700826600000,2.0266,0.6696,0.3304,1.2169,0.5489,0.4511,2.0581,0.6730,0.3270,1.6494,120144.5000,72839.2000
1700826900000,2.0130,0.6681,0.3319,1.2169,0.5489,0.4511,2.0441,0.6715,0.3285,1.6494,120144.5000,72839.2000
1700827200000,2.0544,0.6726,0.3274,1.2205,0.5497,0.4503,2.0817,0.6755,0.3245,1.6494,120144.5000,72839.2000
1700827500000,2.0285,0.6698,0.3302,1.2172,0.5490,0.4510,2.0684,0.6741,0.3259,1.6494,120144.5000,72839.2000
1700827800000,2.0184,0.6687,0.3313,1.2182,0.5492,0.4508,2.0600,0.6732,0.3268,1.6494,120144.5000,72839.2000
1700828100000,2.0404,0.6711,0.3289,1.2176,0.5491,0.4509,2.0921,0.6766,0.3234,1.6494,120144.5000,72839.2000
1700828400000,2.0553,0.6727,0.3273,1.2203,0.5496,0.4504,2.0722,0.6745,0.3255,1.6494,120144.5000,72839.2000
1700828700000,2.0460,0.6717,0.3283,1.2194,0.5494,0.4506,2.0647,0.6737,0.3263,1.6494,120144.5000,72839.2000
1700829000000,2.0628,0.6735,0.3265,1.2192,0.5494,0.4506,2.0893,0.6763,0.3237,1.6494,120144.5000,72839.2000
1700829300000,2.0497,0.6721,0.3279,1.2218,0.5499,0.4501,2.0845,0.6758,0.3242,1.6494,120144.5000,72839.2000
1700829600000,2.0469,0.6718,0.3282,1.2208,0.5497,0.4503,2.0893,0.6763,0.3237,1.6494,120144.5000,72839.2000
1700829900000,2.0506,0.6722,0.3278,1.2213,0.5498,0.4502,2.0921,0.6766,0.3234,1.6494,120144.5000,72839.2000
1700830200000,2.0432,0.6714,0.3286,1.2211,0.5498,0.4502,2.0893,0.6763,0.3237,1.6494,120144.5000,72839.2000
1700830500000,2.0600,0.6732,0.3268,1.2203,0.5496,0.4504,2.0855,0.6759,0.3241,1.6494,120144.5000,72839.2000
1700830800000,2.0722,0.6745,0.3255,1.2190,0.5494,0.4506,2.1075,0.6782,0.3218,1.6494,120144.5000,72839.2000
1700831100000,2.0902,0.6764,0.3236,1.2191,0.5494,0.4506,2.1017,0.6776,0.3224,1.6494,120144.5000,72839.2000
1700831400000,2.1085,0.6783,0.3217,1.2199,0.5495,0.4505,2.1201,0.6795,0.3205,1.6494,120144.5000,72839.2000
1700831700000,2.2000,0.6875,0.3125,1.2210,0.5497,0.4503,2.2062,0.6881,0.3119,1.6494,120144.5000,72839.2000
1700832000000,2.1857,0.6861,0.3139,1.2205,0.5497,0.4503,2.1969,0.6872,0.3128,1.6494,120144.5000,72839.2000
1700832300000,2.1776,0.6853,0.3147,1.2210,0.5498,0.4502,2.1888,0.6864,0.3136,1.6494,120144.5000,72839.2000
1700832600000,2.1918,0.6867,0.3133,1.2193,0.5494,0.4506,2.2144,0.6889,0.3111,1.6494,120144.5000,72839.2000
1700832900000,2.2216,0.6896,0.3104,1.2209,0.5497,0.4503,2.2383,0.6912,0.3088,1.6494,120144.5000,72839.2000
1700833200000,2.2520,0.6925,0.3075,1.2208,0.5497,0.4503,2.2394,0.6913,0.3087,1.6494,120144.5000,72839.2000
1700833500000,2.2154,0.6890,0.3110,1.2218,0.5499,0.4501,2.2092,0.6884,0.3116,1.6494,120144.5000,72839.2000
1700833800000,2.2971,0.6967,0.3033,1.2209,0.5497,0.4503,2.2819,0.6953,0.3047,1.6494,120144.5000,72839.2000
1700834100000,2.2787,0.6950,0.3050,1.2207,0.5497,0.4503,2.2595,0.6932,0.3068,1.6494,120144.5000,72839.2000
1700834400000,2.2468,0.6920,0.3080,1.2192,0.5494,0.4506,2.2468,0.6920,0.3080,1.6494,120144.5000,72839.2000
1700834700000,2.2690,0.6941,0.3059,1.2193,0.5494,0.4506,2.2723,0.6944,0.3056,1.6494,120144.5000,72839.2000
1700835000000,2.2573,0.6930,0.3070,1.2199,0.5495,0.4505,2.2468,0.6920,0.3080,1.6494,120144.5000,72839.2000
1700835300000,2.2584,0.6931,0.3069,1.2191,0.5494,0.4506,2.2552,0.6928,0.3072,1.6494,120144.5000,72839.2000
1700835600000,2.2595,0.6932,0.3068,1.2205,0.5497,0.4503,2.2489,0.6922,0.3078,1.6494,120144.5000,72839.2000
1700835900000,2.2830,0.6954,0.3046,1.2212,0.5498,0.4502,2.2712,0.6943,0.3057,1.6494,120144.5000,72839.2000
1700836200000,2.3069,0.6976,0.3024,1.2224,0.5500,0.4500,2.2830,0.6954,0.3046,1.6494,120144.5000,72839.2000
1700836500000,2.3400,0.7006,0.2994,1.2233,0.5502,0.4498,2.2830,0.6954,0.3046,1.6494,120144.5000,72839.2000
1700836800000,2.3333,0.7000,0.3000,1.2222,0.5500,0.4500,2.2971,0.6967,0.3033,1.6494,120144.5000,72839.2000
1700837100000,2.3647,0.7028,0.2972,1.2225,0.5500,0.4500,2.3223,0.6990,0.3010,1.6494,120144.5000,72839.2000
1700837400000,2.3389,0.7005,0.2995,1.2222,0.5500,0.4500,2.3080,0.6977,0.3023,1.6494,120144.5000,72839.2000
1700837700000,2.3245,0.6992,0.3008,1.2224,0.5500,0.4500,2.3036,0.6973,0.3027,1.6494,120144.5000,72839.2000
1700838000000,2.3212,0.6989,0.3011,1.2239,0.5503,0.4497,2.3069,0.6976,0.3024,1.6494,120144.5000,72839.2000
1700838300000,2.2906,0.6961,0.3039,1.2247,0.5505,0.4495,2.2862,0.6957,0.3043,1.6494,120144.5000,72839.2000
1700838600000,2.2906,0.6961,0.3039,1.2232,0.5502,0.4498,2.2971,0.6967,0.3033,1.6494,120144.5000,72839.2000
1700838900000,2.3490,0.7014,0.2986,1.2220,0.5499,0.4501,2.3738,0.7036,0.2964,1.6494,120144.5000,72839.2000
1700839200000,2.3411,0.7007,0.2993,1.2231,0.5502,0.4498,2.3659,0.7029,0.2971,1.6494,120144.5000,72839.2000
1700839500000,2.2982,0.6968,0.3032,1.2218,0.5499,0.4501,2.3167,0.6985,0.3015,1.6494,120144.5000,72839.2000
1700839800000,2.3167,0.6985,0.3015,1.2232,0.5502,0.4498,2.3356,0.7002,0.2998,1.6494,120144.5000,72839.2000
1700840100000,2.3580,0.7022,0.2978,1.2226,0.5501,0.4499,2.3580,0.7022,0.2978,1.6494,120144.5000,72839.2000
1700840400000,2.3322,0.6999,0.3001,1.2205,0.5497,0.4503,2.3501,0.7015,0.2985,1.6494,120144.5000,72839.2000
1700840700000,2.2819,0.6953,0.3047,1.2225,0.5501,0.4499,2.2906,0.6961,0.3039,1.6494,120144.5000,72839.2000
1700841000000,2.2949,0.6965,0.3035,1.2225,0.5501,0.4499,2.3201,0.6988,0.3012,1.6494,120144.5000,72839.2000
1700841300000,2.2895,0.6960,0.3040,1.2217,0.5499,0.4501,2.3289,0.6996,0.3004,1.6494,120144.5000,72839.2000
1700841600000,2.2949,0.6965,0.3035,1.2222,0.5500,0.4500,2.3190,0.6987,0.3013,1.6494,120144.5000,72839.2000
1700841900000,2.2852,0.6956,0.3044,1.2186,0.5493,0.4507,2.3135,0.6982,0.3018,1.6494,120144.5000,72839.2000
1700842200000,2.3190,0.6987,0.3013,1.2231,0.5502,0.4498,2.3546,0.7019,0.2981,1.6494,120144.5000,72839.2000
1700842500000,2.2873,0.6958,0.3042,1.2224,0.5500,0.4500,2.3212,0.6989,0.3011,1.6494,120144.5000,72839.2000
1700842800000,2.2852,0.6956,0.3044,1.2235,0.5503,0.4497,2.3113,0.6980,0.3020,1.6494,120144.5000,72839.2000
1700843100000,2.2927,0.6963,0.3037,1.2216,0.5499,0.4501,2.3234,0.6991,0.3009,1.6494,120144.5000,72839.2000
1700843400000,2.2701,0.6942,0.3058,1.2212,0.5498,0.4502,2.3167,0.6985,0.3015,1.6494,120144.5000,72839.2000
1700843700000,2.3681,0.7031,0.2969,1.2211,0.5498,0.4502,2.3772,0.7039,0.2961,1.6494,120144.5000,72839.2000
1700844000000,2.3201,0.6988,0.3012,1.2205,0.5497,0.4503,2.3467,0.7012,0.2988,1.6494,120144.5000,72839.2000
1700844300000,2.3167,0.6985,0.3015,1.2216,0.5499,0.4501,2.3289,0.6996,0.3004,1.6494,120144.5000,72839.2000
1700844600000,2.3523,0.7017,0.2983,1.2207,0.5497,0.4503,2.3501,0.7015,0.2985,1.6494,120144.5000,72839.2000
1700844900000,2.4211,0.7077,0.2923,1.2225,0.5501,0.4499,2.3944,0.7054,0.2946,1.6494,120144.5000,72839.2000
1700845200000,2.3467,0.7012,0.2988,1.2227,0.5501,0.4499,2.3501,0.7015,0.2985,1.6494,120144.5000,72839.2000
1700845500000,2.3546,0.7019,0.2981,1.2252,0.5506,0.4494,2.3523,0.7017,0.2983,1.6494,120144.5000,72839.2000
