1700695200000,1.5867,0.6134,0.3866,0.8743,0.4665,0.5335,2.4002,0.7059,0.2941,0.8752,553552.0000,632479.0000
1700695500000,1.5164,0.6026,0.3974,0.8760,0.4670,0.5330,2.3080,0.6977,0.3023,0.8752,553552.0000,632479.0000
1700695800000,1.8058,0.6436,0.3564,0.8700,0.4652,0.5348,2.5323,0.7169,0.2831,0.8752,553552.0000,632479.0000
1700696100000,1.7367,0.6346,0.3654,0.8692,0.4650,0.5350,2.4831,0.7129,0.2871,0.8752,553552.0000,632479.0000
1700696400000,1.8265,0.6462,0.3538,0.8723,0.4659,0.5341,2.6219,0.7239,0.2761,0.8752,553552.0000,632479.0000
1700696700000,1.9172,0.6572,0.3428,0.8672,0.4644,0.5356,2.7161,0.7309,0.2691,0.8752,553552.0000,632479.0000
1700697000000,1.9824,0.6647,0.3353,0.8533,0.4604,0.5396,2.8256,0.7386,0.2614,0.8752,553552.0000,632479.0000
1700697300000,1.9551,0.6616,0.3384,0.8441,0.4577,0.5423,2.8417,0.7397,0.2603,0.8752,553552.0000,632479.0000
1700697600000,1.8860,0.6535,0.3465,0.8439,0.4577,0.5423,2.7327,0.7321,0.2679,0.8752,553552.0000,632479.0000
1700697900000,1.8217,0.6456,0.3544,0.8423,0.4572,0.5428,2.6443,0.7256,0.2744,0.8752,553552.0000,632479.0000
1700698200000,1.7594,0.6376,0.3624,0.8457,0.4582,0.5418,2.5932,0.7217,0.2783,0.8752,553552.0000,632479.0000
1700698500000,1.8106,0.6442,0.3558,0.8432,0.4575,0.5425,2.6684,0.7274,0.2726,0.8752,553552.0000,632479.0000
1700698800000,1.8703,0.6516,0.3484,0.8459,0.4583,0.5417,2.8066,0.7373,0.2627,0.8752,553552.0000,632479.0000
1700699100000,1.7949,0.6422,0.3578,0.8458,0.4582,0.5418,2.6245,0.7241,0.2759,0.8752,553552.0000,632479.0000
1700699400000,1.8604,0.6504,0.3496,0.8506,0.4596,0.5404,2.7341,0.7322,0.2678,0.8752,553552.0000,632479.0000
1700699700000,1.7457,0.6358,0.3642,0.8472,0.4586,0.5414,2.5778,0.7205,0.2795,0.8752,553552.0000,632479.0000
1700700000000,1.5988,0.6152,0.3848,0.8509,0.4597,0.5403,2.4247,0.7080,0.2920,0.8752,553552.0000,632479.0000
1700700300000,1.7144,0.6316,0.3684,0.8602,0.4624,0.5376,2.4928,0.7137,0.2863,0.8752,553552.0000,632479.0000
1700700600000,1.5634,0.6099,0.3901,0.8581,0.4618,0.5382,2.3445,0.7010,0.2990,0.8752,553552.0000,632479.0000
1700700900000,1.5853,0.6132,0.3868,0.8746,0.4665,0.5335,2.3344,0.7001,0.2999,0.8752,553552.0000,632479.0000
1700701200000,1.5954,0.6147,0.3853,0.8718,0.4658,0.5342,2.3898,0.7050,0.2950,0.8752,553552.0000,632479.0000
1700701500000,1.9472,0.6607,0.3393,0.8665,0.4642,0.5358,2.8447,0.7399,0.2601,0.8752,553552.0000,632479.0000
1700701800000,1.7956,0.6423,0.3577,0.8619,0.4629,0.5371,2.6510,0.7261,0.2739,0.8752,553552.0000,632479.0000
1700702100000,1.8935,0.6544,0.3456,0.8639,0.4635,0.5365,2.7453,0.7330,0.2670,0.8752,553552.0000,632479.0000
1700702400000,1.7510,0.6365,0.3635,0.8643,0.4636,0.5364,2.5702,0.7199,0.2801,0.8752,553552.0000,632479.0000
1700702700000,1.5013,0.6002,0.3998,0.8779,0.4675,0.5325,2.2478,0.6921,0.3079,0.8752,553552.0000,632479.0000
1700703000000,1.5304,0.6048,0.3952,0.8810,0.4684,0.5316,2.2723,0.6944,0.3056,0.8752,553552.0000,632479.0000
1700703300000,1.5044,0.6007,0.3993,0.8822,0.4687,0.5313,2.2082,0.6883,0.3117,0.8752,553552.0000,632479.0000
1700703600000,1.5183,0.6029,0.3971,0.8944,0.4721,0.5279,2.2113,0.6886,0.3114,0.8752,553552.0000,632479.0000
1700703900000,1.5806,0.6125,0.3875,0.8947,0.4722,0.5278,2.2584,0.6931,0.3069,0.8752,553552.0000,632479.0000
1700704200000,1.5608,0.6095,0.3905,0.8978,0.4731,0.5269,2.2573,0.6930,0.3070,0.8752,553552.0000,632479.0000
1700704500000,1.5069,0.6011,0.3989,0.9006,0.4739,0.5261,2.1969,0.6872,0.3128,0.8752,553552.0000,632479.0000
1700704800000,1.5439,0.6069,0.3931,0.9017,0.4742,0.5258,2.2196,0.6894,0.3106,0.8752,553552.0000,632479.0000
1700705100000,1.9019,0.6554,0.3446,0.8943,0.4721,0.5279,2.6496,0.7260,0.2740,0.8752,553552.0000,632479.0000
1700705400000,1.8289,0.6465,0.3535,1.0206,0.5051,0.4949,2.6271,0.7243,0.2757,0.8752,553552.0000,632479.0000
1700705700000,2.0211,0.6690,0.3310,1.0188,0.5047,0.4953,2.6193,0.7237,0.2763,0.8752,553552.0000,632479.0000
1700706000000,1.8074,0.6438,0.3562,1.0174,0.5043,0.4957,2.4400,0.7093,0.2907,0.8752,553552.0000,632479.0000
1700706300000,2.4471,0.7099,0.2901,1.0383,0.5094,0.4906,3.1824,0.7609,0.2391,0.8752,553552.0000,632479.0000
1700706600000,2.4223,0.7078,0.2922,1.0279,0.5069,0.4931,3.1719,0.7603,0.2397,0.8752,553552.0000,632479.0000
1700706900000,2.4329,0.7087,0.2913,1.0214,0.5053,0.4947,3.1789,0.7607,0.2393,0.8752,553552.0000,632479.0000
1700707200000,2.3580,0.7022,0.2978,1.0231,0.5057,0.4943,3.0469,0.7529,0.2471,0.8752,553552.0000,632479.0000
1700707500000,2.3693,0.7032,0.2968,1.0244,0.5060,0.4940,3.0833,0.7551,0.2449,0.8752,553552.0000,632479.0000
1700707800000,2.3456,0.7011,0.2989,1.0228,0.5056,0.4944,3.0519,0.7532,0.2468,0.8752,553552.0000,632479.0000
1700708100000,2.3478,0.7013,0.2987,1.0217,0.5054,0.4946,3.0667,0.7541,0.2459,0.8752,553552.0000,632479.0000
1700708400000,2.2862,0.6957,0.3043,1.0225,0.5056,0.4944,2.9920,0.7495,0.2505,0.8752,553552.0000,632479.0000
1700708700000,2.2776,0.6949,0.3051,1.0225,0.5056,0.4944,3.0032,0.7502,0.2498,0.8752,553552.0000,632479.0000
1700709000000,2.3944,0.7054,0.2946,1.0247,0.5061,0.4939,3.1442,0.7587,0.2413,0.8752,553552.0000,632479.0000
1700709300000,2.3411,0.7007,0.2993,1.0217,0.5054,0.4946,3.0683,0.7542,0.2458,0.8752,553552.0000,632479.0000
1700709600000,2.3267,0.6994,0.3006,1.0228,0.5056,0.4944,3.0437,0.7527,0.2473,0.8752,553552.0000,632479.0000
1700709900000,2.3289,0.6996,0.3004,1.0236,0.5058,0.4942,3.0667,0.7541,0.2459,0.8752,553552.0000,632479.0000
1700710200000,2.3190,0.6987,0.3013,1.0226,0.5056,0.4944,3.0866,0.7553,0.2447,0.8752,553552.0000,632479.0000
1700710500000,2.3167,0.6985,0.3015,1.0258,0.5064,0.4936,2.9872,0.7492,0.2508,0.8752,553552.0000,632479.0000
1700710800000,2.2196,0.6894,0.3106,1.0248,0.5061,0.4939,2.9002,0.7436,0.2564,0.8752,553552.0000,632479.0000
1700711100000,2.0609,0.6733,0.3267,1.0239,0.5059,0.4941,2.7622,0.7342,0.2658,0.8752,553552.0000,632479.0000
1700711400000,2.0469,0.6718,0.3282,1.0239,0.5059,0.4941,2.7453,0.7330,0.2670,0.8752,553552.0000,632479.0000
1700712300000,2.2862,0.6957,0.3043,1.0343,0.5084,0.4916,2.9047,0.7439,0.2561,0.8752,553552.0000,632479.0000
1700712600000,2.1746,0.6850,0.3150,1.0353,0.5087,0.4913,2.7908,0.7362,0.2638,0.8752,553552.0000,632479.0000
1700712900000,1.9464,0.6606,0.3394,1.0330,0.5081,0.4919,2.5499,0.7183,0.2817,0.8752,553552.0000,632479.0000
1700713200000,1.9257,0.6582,0.3418,1.0304,0.5075,0.4925,2.4868,0.7132,0.2868,0.8752,553552.0000,632479.0000
1700713500000,1.9231,0.6579,0.3421,1.0257,0.5063,0.4937,2.4965,0.7140,0.2860,0.8752,553552.0000,632479.0000
1700713800000,1.9087,0.6562,0.3438,1.0247,0.5061,0.4939,2.5125,0.7153,0.2847,0.8752,553552.0000,632479.0000
1700714100000,1.8727,0.6519,0.3481,1.0260,0.5064,0.4936,2.4258,0.7081,0.2919,0.8752,553552.0000,632479.0000
1700714400000,1.8225,0.6457,0.3543,1.0261,0.5064,0.4936,2.4412,0.7094,0.2906,0.8752,553552.0000,632479.0000
1700714700000,1.8153,0.6448,0.3552,1.0250,0.5062,0.4938,2.4294,0.7084,0.2916,0.8752,553552.0000,632479.0000
1700715000000,1.9753,0.6639,0.3361,1.0259,0.5064,0.4936,2.5474,0.7181,0.2819,0.8752,553552.0000,632479.0000
1700715300000,1.7732,0.6394,0.3606,1.0242,0.5060,0.4940,2.3715,0.7034,0.2966,0.8752,553552.0000,632479.0000
1700715600000,1.7709,0.6391,0.3609,1.0205,0.5051,0.4949,2.4188,0.7075,0.2925,0.8752,553552.0000,632479.0000
1700715900000,1.7847,0.6409,0.3591,1.0172,0.5043,0.4957,2.4400,0.7093,0.2907,0.8752,553552.0000,632479.0000
1700716200000,1.7412,0.6352,0.3648,1.0095,0.5024,0.4976,2.4118,0.7069,0.2931,0.8752,553552.0000,632479.0000
1700716500000,1.7100,0.6310,0.3690,0.9810,0.4952,0.5048,2.3750,0.7037,0.2963,0.8752,553552.0000,632479.0000
1700716800000,1.7367,0.6346,0.3654,0.9847,0.4962,0.5038,2.3625,0.7026,0.2974,0.8752,553552.0000,632479.0000
1700717100000,1.8401,0.6479,0.3521,0.9874,0.4968,0.5032,2.5549,0.7187,0.2813,0.8752,553552.0000,632479.0000
1700717400000,1.8027,0.6432,0.3568,0.9870,0.4967,0.5033,2.5537,0.7186,0.2814,0.8752,553552.0000,632479.0000
1700717700000,1.9112,0.6565,0.3435,0.9911,0.4978,0.5022,2.5740,0.7202,0.2798,0.8752,553552.0000,632479.0000
1700718000000,1.7770,0.6399,0.3601,0.9896,0.4974,0.5026,2.4941,0.7138,0.2862,0.8752,553552.0000,632479.0000
1700718300000,1.7824,0.6406,0.3594,0.9885,0.4971,0.5029,2.4710,0.7119,0.2881,0.8752,553552.0000,632479.0000
1700718600000,1.9958,0.6662,0.3338,0.9951,0.4988,0.5012,2.6765,0.7280,0.2720,0.8752,553552.0000,632479.0000
1700718900000,1.7832,0.6407,0.3593,0.9961,0.4990,0.5010,2.3898,0.7050,0.2950,0.8752,553552.0000,632479.0000
1700719200000,1.7878,0.6413,0.3587,0.9966,0.4992,0.5008,2.3490,0.7014,0.2986,0.8752,553552.0000,632479.0000
1700719500000,1.7832,0.6407,0.3593,0.9951,0.4988,0.5012,2.3378,0.7004,0.2996,0.8752,553552.0000,632479.0000
1700719800000,1.8353,0.6473,0.3527,0.9932,0.4983,0.5017,2.4118,0.7069,0.2931,0.8752,553552.0000,632479.0000
1700720100000,1.8377,0.6476,0.3524,0.9899,0.4975,0.5025,2.4118,0.7069,0.2931,0.8752,553552.0000,632479.0000
1700720400000,1.8177,0.6451,0.3549,0.9887,0.4971,0.5029,2.3704,0.7033,0.2967,0.8752,553552.0000,632479.0000
1700720700000,1.8620,0.6506,0.3494,0.9920,0.4980,0.5020,2.4060,0.7064,0.2936,0.8752,553552.0000,632479.0000
1700721000000,1.7941,0.6421,0.3579,0.9915,0.4979,0.5021,2.3300,0.6997,0.3003,0.8752,553552.0000,632479.0000
1700721300000,1.8563,0.6499,0.3501,0.9896,0.4974,0.5026,2.3647,0.7028,0.2972,0.8752,553552.0000,632479.0000
1700721600000,1.9061,0.6559,0.3441,0.9889,0.4972,0.5028,2.4130,0.7070,0.2930,0.8752,553552.0000,632479.0000
1700721900000,1.8458,0.6486,0.3514,0.9856,0.4964,0.5036,2.3715,0.7034,0.2966,0.8752,553552.0000,632479.0000
1700722200000,1.8466,0.6487,0.3513,0.9860,0.4965,0.5035,2.3490,0.7014,0.2986,0.8752,553552.0000,632479.0000
1700722500000,1.8450,0.6485,0.3515,0.9805,0.4951,0.5049,2.3367,0.7003,0.2997,0.8752,553552.0000,632479.0000
1700722800000,1.8217,0.6456,0.3544,0.9821,0.4955,0.5045,2.2733,0.6945,0.3055,0.8752,553552.0000,632479.0000
1700723100000,1.8217,0.6456,0.3544,0.9787,0.4946,0.5054,2.2712,0.6943,0.3057,0.8752,553552.0000,632479.0000
1700723400000,1.7778,0.6400,0.3600,0.9777,0.4944,0.5056,2.2626,0.6935,0.3065,0.8752,553552.0000,632479.0000
1700723700000,1.7988,0.6427,0.3573,0.9664,0.4915,0.5085,2.2248,0.6899,0.3101,0.8752,553552.0000,632479.0000
1700724000000,1.8011,0.6430,0.3570,0.9608,0.4900,0.5100,2.1959,0.6871,0.3129,0.8752,553552.0000,632479.0000
1700724300000,1.9976,0.6664,0.3336,0.9563,0.4888,0.5112,2.3818,0.7043,0.2957,0.8752,553552.0000,632479.0000
1700724600000,1.8645,0.6509,0.3491,0.9568,0.4890,0.5110,2.2658,0.6938,0.3062,0.8752,553552.0000,632479.0000
1700724900000,1.8409,0.6480,0.3520,0.9568,0.4889,0.5111,2.2541,0.6927,0.3073,0.8752,553552.0000,632479.0000
1700725200000,2.1939,0.6869,0.3131,1.0074,0.5019,0.4981,2.6697,0.7275,0.2725,0.8752,553552.0000,632479.0000
1700725500000,2.0423,0.6713,0.3287,1.0050,0.5012,0.4988,2.5625,0.7193,0.2807,0.8752,553552.0000,632479.0000
1700725800000,2.0057,0.6673,0.3327,1.0014,0.5004,0.4996,2.5817,0.7208,0.2792,0.8752,553552.0000,632479.0000
1700726100000,2.0694,0.6742,0.3258,1.0018,0.5004,0.4996,2.7023,0.7299,0.2701,0.8752,553552.0000,632479.0000
1700726400000,2.3167,0.6985,0.3015,1.0014,0.5004,0.4996,2.9573,0.7473,0.2527,0.8752,553552.0000,632479.0000
1700726700000,2.1516,0.6827,0.3173,0.9995,0.4999,0.5001,2.8388,0.7395,0.2605,0.8752,553552.0000,632479.0000
1700727000000,2.1656,0.6841,0.3159,0.9998,0.4999,0.5001,2.8625,0.7411,0.2589,0.8752,553552.0000,632479.0000
1700727300000,2.6443,0.7256,0.2744,1.0009,0.5002,0.4998,3.3011,0.7675,0.2325,0.8752,553552.0000,632479.0000
1700727600000,2.5984,0.7221,0.2779,1.0044,0.5011,0.4989,3.3085,0.7679,0.2321,0.8752,553552.0000,632479.0000
1700727900000,2.7120,0.7306,0.2694,1.0042,0.5010,0.4990,3.3706,0.7712,0.2288,0.8752,553552.0000,632479.0000
1700728200000,2.7037,0.7300,0.2700,0.9988,0.4997,0.5003,3.3840,0.7719,0.2281,0.8752,553552.0000,632479.0000
1700728500000,2.8506,0.7403,0.2597,0.9993,0.4998,0.5002,3.5351,0.7795,0.2205,0.8752,553552.0000,632479.0000
1700728800000,2.7850,0.7358,0.2642,0.9982,0.4996,0.5004,3.4703,0.7763,0.2237,0.8752,553552.0000,632479.0000
1700729100000,2.6536,0.7263,0.2737,0.9975,0.4994,0.5006,3.3309,0.7691,0.2309,0.8752,553552.0000,632479.0000
1700729400000,2.6969,0.7295,0.2705,0.9982,0.4995,0.5005,3.3422,0.7697,0.2303,0.8752,553552.0000,632479.0000
1700729700000,2.6590,0.7267,0.2733,0.9981,0.4995,0.5005,3.3478,0.7700,0.2300,0.8752,553552.0000,632479.0000
1700730000000,2.6075,0.7228,0.2772,0.9991,0.4998,0.5002,3.2699,0.7658,0.2342,0.8752,553552.0000,632479.0000
1700730300000,2.6417,0.7254,0.2746,0.9998,0.5000,0.5000,3.2882,0.7668,0.2332,0.8752,553552.0000,632479.0000
1700730600000,2.7133,0.7307,0.2693,1.0017,0.5004,0.4996,3.4072,0.7731,0.2269,0.8752,553552.0000,632479.0000
1700730900000,2.7106,0.7305,0.2695,1.0006,0.5001,0.4999,3.3860,0.7720,0.2280,0.8752,553552.0000,632479.0000
1700731200000,2.8197,0.7382,0.2618,1.0045,0.5011,0.4989,3.5956,0.7824,0.2176,0.8752,553552.0000,632479.0000
1700731500000,2.9386,0.7461,0.2539,1.0028,0.5007,0.4993,3.8239,0.7927,0.2073,0.8752,553552.0000,632479.0000
1700731800000,2.8971,0.7434,0.2566,1.0000,0.5000,0.5000,3.7916,0.7913,0.2087,0.8752,553552.0000,632479.0000
1700732100000,2.8610,0.7410,0.2590,0.9998,0.5000,0.5000,3.7710,0.7904,0.2096,0.8752,553552.0000,632479.0000
1700732400000,2.8023,0.7370,0.2630,0.9976,0.4994,0.5006,3.6904,0.7868,0.2132,0.8752,553552.0000,632479.0000
1700732700000,2.8110,0.7376,0.2624,0.9993,0.4998,0.5002,3.7059,0.7875,0.2125,0.8752,553552.0000,632479.0000
1700733000000,2.7161,0.7309,0.2691,0.9968,0.4992,0.5008,3.5662,0.7810,0.2190,0.8752,553552.0000,632479.0000
1700733300000,2.7147,0.7308,0.2692,0.9974,0.4993,0.5007,3.6083,0.7830,0.2170,0.8752,553552.0000,632479.0000
1700733600000,2.6311,0.7246,0.2754,0.9980,0.4995,0.5005,3.4287,0.7742,0.2258,0.8752,553552.0000,632479.0000
1700733900000,2.6140,0.7233,0.2767,0.9949,0.4987,0.5013,3.3497,0.7701,0.2299,0.8752,553552.0000,632479.0000
1700734200000,2.2165,0.6891,0.3109,0.9896,0.4974,0.5026,2.9339,0.7458,0.2542,0.8752,553552.0000,632479.0000
1700734500000,2.1656,0.6841,0.3159,0.9933,0.4983,0.5017,2.7300,0.7319,0.2681,0.8752,553552.0000,632479.0000
1700734800000,2.1556,0.6831,0.3169,0.9993,0.4998,0.5002,2.7523,0.7335,0.2665,0.8752,553552.0000,632479.0000
1700735100000,2.2248,0.6899,0.3101,0.9987,0.4997,0.5003,2.8358,0.7393,0.2607,0.8752,553552.0000,632479.0000
1700735400000,2.1397,0.6815,0.3185,0.9964,0.4991,0.5009,2.7495,0.7333,0.2667,0.8752,553552.0000,632479.0000
1700735700000,2.2906,0.6961,0.3039,0.9963,0.4991,0.5009,2.8911,0.7430,0.2570,0.8752,553552.0000,632479.0000
1700736000000,2.2383,0.6912,0.3088,0.9957,0.4989,0.5011,2.8183,0.7381,0.2619,0.8752,553552.0000,632479.0000
1700736300000,2.1888,0.6864,0.3136,0.9948,0.4987,0.5013,2.7879,0.7360,0.2640,0.8752,553552.0000,632479.0000
1700736600000,2.0960,0.6770,0.3230,0.9647,0.4910,0.5090,2.6470,0.7258,0.2742,0.8752,553552.0000,632479.0000
1700736900000,2.0921,0.6766,0.3234,0.9648,0.4910,0.5090,2.6245,0.7241,0.2759,0.8752,553552.0000,632479.0000
1700737200000,2.0609,0.6733,0.3267,0.9683,0.4920,0.5080,2.5336,0.7170,0.2830,0.8752,553552.0000,632479.0000
1700737500000,2.1017,0.6776,0.3224,0.9702,0.4924,0.5076,2.6284,0.7244,0.2756,0.8752,553552.0000,632479.0000
1700737800000,2.0386,0.6709,0.3291,0.9681,0.4919,0.5081,2.5587,0.7190,0.2810,0.8752,553552.0000,632479.0000
1700738100000,2.0386,0.6709,0.3291,0.9714,0.4927,0.5073,2.5702,0.7199,0.2801,0.8752,553552.0000,632479.0000
1700738400000,2.0148,0.6683,0.3317,0.9737,0.4933,0.5067,2.5112,0.7152,0.2848,0.8752,553552.0000,632479.0000
1700738700000,1.9499,0.6610,0.3390,0.9724,0.4930,0.5070,2.4602,0.7110,0.2890,0.8752,553552.0000,632479.0000
1700739000000,1.8818,0.6530,0.3470,0.9721,0.4929,0.5071,2.3289,0.6996,0.3004,0.8752,553552.0000,632479.0000
1700739300000,1.9019,0.6554,0.3446,0.9725,0.4930,0.5070,2.2669,0.6939,0.3061,0.8752,553552.0000,632479.0000
1700739600000,2.0921,0.6766,0.3234,0.9734,0.4933,0.5067,2.4662,0.7115,0.2885,0.8752,553552.0000,632479.0000
1700739900000,1.7964,0.6424,0.3576,0.9702,0.4924,0.5076,2.1526,0.6828,0.3172,0.8752,553552.0000,632479.0000
1700740200000,2.0303,0.6700,0.3300,0.9701,0.4924,0.5076,2.2541,0.6927,0.3073,0.8752,553552.0000,632479.0000
1700740500000,1.9718,0.6635,0.3365,0.9655,0.4912,0.5088,2.1928,0.6868,0.3132,0.8752,553552.0000,632479.0000
1700740800000,1.7709,0.6391,0.3609,0.9623,0.4904,0.5096,1.9833,0.6648,0.3352,0.8752,553552.0000,632479.0000
1700741100000,1.6448,0.6219,0.3781,0.9697,0.4923,0.5077,1.8425,0.6482,0.3518,0.8752,553552.0000,632479.0000
1700741400000,1.5038,0.6006,0.3994,0.9550,0.4885,0.5115,1.8169,0.6450,0.3550,0.8752,553552.0000,632479.0000
1700741700000,1.5569,0.6089,0.3911,0.9608,0.4900,0.5100,1.8019,0.6431,0.3569,0.8752,553552.0000,632479.0000
1700742000000,1.5780,0.6121,0.3879,0.9637,0.4907,0.5093,1.7902,0.6416,0.3584,0.8752,553552.0000,632479.0000
1700742300000,1.4783,0.5965,0.4035,0.9691,0.4921,0.5079,1.7078,0.6307,0.3693,0.8752,553552.0000,632479.0000
1700742600000,1.5259,0.6041,0.3959,0.9641,0.4909,0.5091,1.7115,0.6312,0.3688,0.8752,553552.0000,632479.0000
1700742900000,1.3635,0.5769,0.4231,0.9627,0.4905,0.5095,1.5760,0.6118,0.3882,0.8752,553552.0000,632479.0000
1700743200000,1.3906,0.5817,0.4183,0.9651,0.4911,0.5089,1.5523,0.6082,0.3918,0.8752,553552.0000,632479.0000
1700743500000,1.3935,0.5822,0.4178,0.9796,0.4948,0.5052,1.5246,0.6039,0.3961,0.8752,553552.0000,632479.0000
1700743800000,1.3568,0.5757,0.4243,0.9698,0.4923,0.5077,1.4679,0.5948,0.4052,0.8752,553552.0000,632479.0000
1700744100000,1.3697,0.5780,0.4220,0.9730,0.4932,0.5068,1.4618,0.5938,0.4062,0.8752,553552.0000,632479.0000
1700744400000,1.4231,0.5873,0.4127,0.9772,0.4942,0.5058,1.4808,0.5969,0.4031,0.8752,553552.0000,632479.0000
1700744700000,1.4969,0.5995,0.4005,0.9810,0.4952,0.5048,1.5628,0.6098,0.3902,0.8752,553552.0000,632479.0000
1700745000000,1.4882,0.5981,0.4019,1.0163,0.5040,0.4960,1.5615,0.6096,0.3904,0.8752,553552.0000,632479.0000
1700745300000,1.3929,0.5821,0.4179,1.0106,0.5026,0.4974,1.5138,0.6022,0.3978,0.8752,553552.0000,632479.0000
1700745600000,1.3474,0.5740,0.4260,1.0210,0.5052,0.4948,1.4765,0.5962,0.4038,0.8752,553552.0000,632479.0000
1700745900000,1.3821,0.5802,0.4198,1.0322,0.5079,0.4921,1.4988,0.5998,0.4002,0.8752,553552.0000,632479.0000
1700746200000,1.5504,0.6079,0.3921,1.0397,0.5097,0.4903,1.6371,0.6208,0.3792,0.8752,553552.0000,632479.0000
1700746500000,1.3196,0.5689,0.4311,1.0124,0.5031,0.4969,1.4528,0.5923,0.4077,0.8752,553552.0000,632479.0000
1700746800000,1.3004,0.5653,0.4347,1.0165,0.5041,0.4959,1.3998,0.5833,0.4167,0.8752,553552.0000,632479.0000
1700747100000,1.4015,0.5836,0.4164,1.0177,0.5044,0.4956,1.5291,0.6046,0.3954,0.8752,553552.0000,632479.0000
1700747400000,1.4160,0.5861,0.4139,1.0100,0.5025,0.4975,1.5753,0.6117,0.3883,0.8752,553552.0000,632479.0000
1700747700000,1.4450,0.5910,0.4090,1.0105,0.5026,0.4974,1.5920,0.6142,0.3858,0.8752,553552.0000,632479.0000
1700748000000,1.5720,0.6112,0.3888,1.0118,0.5029,0.4971,1.6802,0.6269,0.3731,0.8752,553552.0000,632479.0000
1700748300000,1.7034,0.6301,0.3699,1.0532,0.5130,0.4870,1.7910,0.6417,0.3583,0.8752,553552.0000,632479.0000
1700748600000,1.6681,0.6252,0.3748,1.0474,0.5116,0.4884,1.7902,0.6416,0.3584,0.8752,553552.0000,632479.0000
1700748900000,1.6532,0.6231,0.3769,1.0468,0.5114,0.4886,1.7601,0.6377,0.3623,0.8752,553552.0000,632479.0000
1700749200000,1.5707,0.6110,0.3890,1.0506,0.5123,0.4877,1.6838,0.6274,0.3726,0.8752,553552.0000,632479.0000
1700749500000,1.7196,0.6323,0.3677,1.0606,0.5147,0.4853,1.7847,0.6409,0.3591,0.8752,553552.0000,632479.0000
1700749800000,1.7226,0.6327,0.3673,1.0624,0.5151,0.4849,1.8058,0.6436,0.3564,0.8752,553552.0000,632479.0000
1700750100000,1.7093,0.6309,0.3691,1.0612,0.5148,0.4852,1.8129,0.6445,0.3555,0.8752,553552.0000,632479.0000
1700750400000,1.7886,0.6414,0.3586,1.0820,0.5197,0.4803,1.8137,0.6446,0.3554,0.8752,553552.0000,632479.0000
1700750700000,1.8011,0.6430,0.3570,1.0796,0.5191,0.4809,1.8514,0.6493,0.3507,0.8752,553552.0000,632479.0000
1700751000000,1.8058,0.6436,0.3564,1.0925,0.5221,0.4779,1.8241,0.6459,0.3541,0.8752,553552.0000,632479.0000
1700751300000,1.8337,0.6471,0.3529,1.1141,0.5270,0.4730,1.8441,0.6484,0.3516,0.8752,553552.0000,632479.0000
1700751600000,1.9300,0.6587,0.3413,1.1111,0.5263,0.4737,1.9753,0.6639,0.3361,0.8752,553552.0000,632479.0000
1700751900000,1.9104,0.6564,0.3436,1.1077,0.5256,0.4744,1.9985,0.6665,0.3335,0.8752,553552.0000,632479.0000
1700752200000,2.0969,0.6771,0.3229,1.1182,0.5279,0.4721,2.1095,0.6784,0.3216,0.8752,553552.0000,632479.0000
1700752500000,2.0817,0.6755,0.3245,1.1178,0.5278,0.4722,2.1437,0.6819,0.3181,0.8752,553552.0000,632479.0000
1700752800000,2.0562,0.6728,0.3272,1.1076,0.5255,0.4745,2.0941,0.6768,0.3232,0.8752,553552.0000,632479.0000
1700753100000,2.2144,0.6889,0.3111,1.1097,0.5260,0.4740,2.2279,0.6902,0.3098,0.8752,553552.0000,632479.0000
1700753400000,2.2394,0.6913,0.3087,1.1151,0.5272,0.4728,2.2960,0.6966,0.3034,0.8752,553552.0000,632479.0000
1700753700000,2.0230,0.6692,0.3308,1.1170,0.5276,0.4724,2.1566,0.6832,0.3168,0.8752,553552.0000,632479.0000
1700754000000,1.9904,0.6656,0.3344,1.1091,0.5259,0.4741,2.1959,0.6871,0.3129,0.8752,553552.0000,632479.0000
1700754300000,1.9824,0.6647,0.3353,1.1105,0.5262,0.4738,2.1766,0.6852,0.3148,0.8752,553552.0000,632479.0000
1700754600000,1.9833,0.6648,0.3352,1.1110,0.5263,0.4737,2.1556,0.6831,0.3169,0.8752,553552.0000,632479.0000
1700754900000,2.3344,0.7001,0.2999,1.1129,0.5267,0.4733,2.3944,0.7054,0.2946,0.8752,553552.0000,632479.0000
1700755200000,2.2000,0.6875,0.3125,1.1077,0.5255,0.4745,2.3478,0.7013,0.2987,0.8752,553552.0000,632479.0000
1700755500000,2.0120,0.6680,0.3320,1.1092,0.5259,0.4741,2.2175,0.6892,0.3108,0.8752,553552.0000,632479.0000
1700755800000,1.9308,0.6588,0.3412,1.1059,0.5251,0.4749,2.1878,0.6863,0.3137,0.8752,553552.0000,632479.0000
1700756100000,1.9674,0.6630,0.3370,1.1052,0.5250,0.4750,2.1928,0.6868,0.3132,0.8752,553552.0000,632479.0000
1700756400000,1.9283,0.6585,0.3415,1.1031,0.5245,0.4755,2.1969,0.6872,0.3128,0.8752,553552.0000,632479.0000
1700756700000,1.9464,0.6606,0.3394,1.0964,0.5230,0.4770,2.2165,0.6891,0.3109,0.8752,553552.0000,632479.0000
1700757000000,1.9913,0.6657,0.3343,1.0967,0.5231,0.4769,2.2520,0.6925,0.3075,0.8752,553552.0000,632479.0000
1700757300000,2.0553,0.6727,0.3273,1.0891,0.5213,0.4787,2.2648,0.6937,0.3063,0.8752,553552.0000,632479.0000
1700757600000,1.9762,0.6640,0.3360,1.0861,0.5206,0.4794,2.2237,0.6898,0.3102,0.8752,553552.0000,632479.0000
1700757900000,2.0039,0.6671,0.3329,1.0791,0.5190,0.4810,2.2648,0.6937,0.3063,0.8752,553552.0000,632479.0000
1700758200000,1.8694,0.6515,0.3485,1.0809,0.5194,0.4806,2.1606,0.6836,0.3164,0.8752,553552.0000,632479.0000
1700758500000,2.0497,0.6721,0.3279,1.0769,0.5185,0.4815,2.2862,0.6957,0.3043,0.8752,553552.0000,632479.0000
1700758800000,2.0377,0.6708,0.3292,1.0794,0.5191,0.4809,2.2819,0.6953,0.3047,0.8752,553552.0000,632479.0000
1700759100000,2.0193,0.6688,0.3312,1.0821,0.5197,0.4803,2.2787,0.6950,0.3050,0.8752,553552.0000,632479.0000
1700759400000,2.0266,0.6696,0.3304,1.0813,0.5195,0.4805,2.2701,0.6942,0.3058,0.8752,553552.0000,632479.0000
1700759700000,1.9472,0.6607,0.3393,1.0820,0.5197,0.4803,2.2144,0.6889,0.3111,0.8752,553552.0000,632479.0000
1700760000000,2.0656,0.6738,0.3262,1.0894,0.5214,0.4786,2.3267,0.6994,0.3006,0.8752,553552.0000,632479.0000
1700760300000,1.9438,0.6603,0.3397,1.0909,0.5217,0.4783,2.1817,0.6857,0.3143,0.8752,553552.0000,632479.0000
1700760600000,1.8433,0.6483,0.3517,1.0818,0.5196,0.4804,2.1104,0.6785,0.3215,0.8752,553552.0000,632479.0000
1700760900000,1.8877,0.6537,0.3463,1.0772,0.5186,0.4814,2.1124,0.6787,0.3213,0.8752,553552.0000,632479.0000
1700761200000,1.8952,0.6546,0.3454,1.0705,0.5170,0.4830,2.1338,0.6809,0.3191,0.8752,553552.0000,632479.0000
1700761500000,1.8719,0.6518,0.3482,1.0633,0.5153,0.4847,2.1017,0.6776,0.3224,0.8752,553552.0000,632479.0000
1700761800000,2.0960,0.6770,0.3230,1.0685,0.5166,0.4834,2.3613,0.7025,0.2975,0.8752,553552.0000,632479.0000
1700762100000,2.1095,0.6784,0.3216,1.0692,0.5167,0.4833,2.3591,0.7023,0.2977,0.8752,553552.0000,632479.0000
1700762400000,2.1201,0.6795,0.3205,1.0719,0.5173,0.4827,2.3898,0.7050,0.2950,0.8752,553552.0000,632479.0000
1700762700000,2.0864,0.6760,0.3240,1.0757,0.5182,0.4818,2.3715,0.7034,0.2966,0.8752,553552.0000,632479.0000
1700763000000,1.8612,0.6505,0.3495,1.0760,0.5183,0.4817,2.1496,0.6825,0.3175,0.8752,553552.0000,632479.0000
1700763300000,1.9595,0.6621,0.3379,1.0776,0.5187,0.4813,2.1397,0.6815,0.3185,0.8752,553552.0000,632479.0000
1700763600000,1.9326,0.6590,0.3410,1.0790,0.5190,0.4810,2.0703,0.6743,0.3257,0.8752,553552.0000,632479.0000
1700763900000,1.8935,0.6544,0.3456,1.0782,0.5188,0.4812,2.0525,0.6724,0.3276,0.8752,553552.0000,632479.0000
1700764200000,1.9656,0.6628,0.3372,1.0741,0.5179,0.4821,2.1008,0.6775,0.3225,0.8752,553552.0000,632479.0000
1700764500000,1.9146,0.6569,0.3431,1.0733,0.5177,0.4823,2.0855,0.6759,0.3241,0.8752,553552.0000,632479.0000
1700764800000,1.9638,0.6626,0.3374,1.0720,0.5174,0.4826,2.1114,0.6786,0.3214,0.8752,553552.0000,632479.0000
1700765100000,1.9753,0.6639,0.3361,1.0706,0.5171,0.4829,2.1221,0.6797,0.3203,0.8752,553552.0000,632479.0000
1700765400000,1.8960,0.6547,0.3453,1.0727,0.5175,0.4825,2.0534,0.6725,0.3275,0.8752,553552.0000,632479.0000
1700765700000,2.0321,0.6702,0.3298,1.0727,0.5175,0.4825,2.1686,0.6844,0.3156,0.8752,553552.0000,632479.0000
1700766000000,2.1817,0.6857,0.3143,1.0704,0.5170,0.4830,2.3535,0.7018,0.2982,0.8752,553552.0000,632479.0000
1700766300000,2.0404,0.6711,0.3289,1.0700,0.5169,0.4831,2.2373,0.6911,0.3089,0.8752,553552.0000,632479.0000
1700766600000,2.0855,0.6759,0.3241,1.0710,0.5171,0.4829,2.2669,0.6939,0.3061,0.8752,553552.0000,632479.0000
1700766900000,2.0855,0.6759,0.3241,1.0735,0.5177,0.4823,2.2584,0.6931,0.3069,0.8752,553552.0000,632479.0000
1700767200000,2.0760,0.6749,0.3251,1.0718,0.5173,0.4827,2.2733,0.6945,0.3055,0.8752,553552.0000,632479.0000
1700767500000,2.0931,0.6767,0.3233,1.0735,0.5177,0.4823,2.2798,0.6951,0.3049,0.8752,553552.0000,632479.0000
1700767800000,2.0572,0.6729,0.3271,1.0732,0.5176,0.4824,2.2658,0.6938,0.3062,0.8752,553552.0000,632479.0000
1700768100000,2.0239,0.6693,0.3307,1.0734,0.5177,0.4823,2.2331,0.6907,0.3093,0.8752,553552.0000,632479.0000
1700768400000,2.0600,0.6732,0.3268,1.0740,0.5179,0.4821,2.2362,0.6910,0.3090,0.8752,553552.0000,632479.0000
1700768700000,2.0950,0.6769,0.3231,1.0736,0.5177,0.4823,2.2712,0.6943,0.3057,0.8752,553552.0000,632479.0000
1700769000000,2.1046,0.6779,0.3221,1.0756,0.5182,0.4818,2.2680,0.6940,0.3060,0.8752,553552.0000,632479.0000
1700769300000,2.0039,0.6671,0.3329,1.0801,0.5193,0.4807,2.1387,0.6814,0.3186,0.8752,553552.0000,632479.0000
1700769600000,2.0553,0.6727,0.3273,1.0795,0.5191,0.4809,2.2154,0.6890,0.3110,0.8752,553552.0000,632479.0000
1700769900000,2.0451,0.6716,0.3284,1.0794,0.5191,0.4809,2.1918,0.6867,0.3133,0.8752,553552.0000,632479.0000
1700770200000,2.0130,0.6681,0.3319,1.0751,0.5181,0.4819,2.1817,0.6857,0.3143,0.8752,553552.0000,632479.0000
1700770500000,1.9630,0.6625,0.3375,1.0645,0.5156,0.4844,2.1075,0.6782,0.3218,0.8752,553552.0000,632479.0000
1700770800000,2.0039,0.6671,0.3329,1.0560,0.5136,0.4864,2.1576,0.6833,0.3167,0.8752,553552.0000,632479.0000
1700771100000,1.9824,0.6647,0.3353,1.0516,0.5126,0.4874,2.1192,0.6794,0.3206,0.8752,553552.0000,632479.0000
1700771400000,1.9824,0.6647,0.3353,1.0487,0.5119,0.4881,2.1358,0.6811,0.3189,0.8752,553552.0000,632479.0000
1700771700000,2.0340,0.6704,0.3296,1.0462,0.5113,0.4887,2.1686,0.6844,0.3156,0.8752,553552.0000,632479.0000
1700772000000,1.9976,0.6664,0.3336,1.0478,0.5117,0.4883,2.1328,0.6808,0.3192,0.8752,553552.0000,632479.0000
1700772300000,1.9568,0.6618,0.3382,1.0462,0.5113,0.4887,2.1085,0.6783,0.3217,0.8752,553552.0000,632479.0000
1700772600000,2.0340,0.6704,0.3296,1.0414,0.5101,0.4899,2.1776,0.6853,0.3147,0.8752,553552.0000,632479.0000
1700772900000,2.0479,0.6719,0.3281,1.0487,0.5119,0.4881,2.1847,0.6860,0.3140,0.8752,553552.0000,632479.0000
1700773200000,2.0931,0.6767,0.3233,1.0452,0.5110,0.4890,2.2648,0.6937,0.3063,0.8752,553552.0000,632479.0000
1700773500000,2.1407,0.6816,0.3184,1.0484,0.5118,0.4882,2.3014,0.6971,0.3029,0.8752,553552.0000,632479.0000
1700773800000,1.9700,0.6633,0.3367,1.0531,0.5129,0.4871,2.1240,0.6799,0.3201,0.8752,553552.0000,632479.0000
1700774100000,1.9815,0.6646,0.3354,1.0536,0.5131,0.4869,2.1417,0.6817,0.3183,0.8752,553552.0000,632479.0000
1700774400000,2.0166,0.6685,0.3315,1.0514,0.5125,0.4875,2.1807,0.6856,0.3144,0.8752,553552.0000,632479.0000
1700774700000,2.0166,0.6685,0.3315,1.0515,0.5126,0.4874,2.1888,0.6864,0.3136,0.8752,553552.0000,632479.0000
1700775000000,2.0479,0.6719,0.3281,1.0499,0.5122,0.4878,2.1928,0.6868,0.3132,0.8752,553552.0000,632479.0000
1700775300000,2.1172,0.6792,0.3208,1.0512,0.5125,0.4875,2.2520,0.6925,0.3075,0.8752,553552.0000,632479.0000
1700775600000,2.0694,0.6742,0.3258,1.0514,0.5125,0.4875,2.2175,0.6892,0.3108,0.8752,553552.0000,632479.0000
1700775900000,2.0769,0.6750,0.3250,1.0502,0.5123,0.4877,2.2144,0.6889,0.3111,0.8752,553552.0000,632479.0000
1700776200000,2.1447,0.6820,0.3180,1.0497,0.5121,0.4879,2.3156,0.6984,0.3016,0.8752,553552.0000,632479.0000
1700776500000,2.0544,0.6726,0.3274,1.0492,0.5120,0.4880,2.2216,0.6896,0.3104,0.8752,553552.0000,632479.0000
1700776800000,2.0012,0.6668,0.3332,1.0522,0.5127,0.4873,2.1847,0.6860,0.3140,0.8752,553552.0000,632479.0000
1700777100000,2.0193,0.6688,0.3312,1.0527,0.5128,0.4872,2.1797,0.6855,0.3145,0.8752,553552.0000,632479.0000
1700777400000,1.8637,0.6508,0.3492,1.0506,0.5123,0.4877,2.0331,0.6703,0.3297,0.8752,553552.0000,632479.0000
1700777700000,1.8409,0.6480,0.3520,1.0472,0.5115,0.4885,2.0211,0.6690,0.3310,0.8752,553552.0000,632479.0000
1700778000000,2.0012,0.6668,0.3332,1.0417,0.5102,0.4898,2.1939,0.6869,0.3131,0.8752,553552.0000,632479.0000
1700778300000,1.8337,0.6471,0.3529,1.0477,0.5117,0.4883,2.0432,0.6714,0.3286,0.8752,553552.0000,632479.0000
1700778600000,1.7878,0.6413,0.3587,1.0477,0.5117,0.4883,1.9824,0.6647,0.3353,0.8752,553552.0000,632479.0000
1700778900000,1.8011,0.6430,0.3570,1.0450,0.5110,0.4890,1.9446,0.6604,0.3396,0.8752,553552.0000,632479.0000
1700779200000,1.7886,0.6414,0.3586,1.0426,0.5104,0.4896,1.9240,0.6580,0.3420,0.8752,553552.0000,632479.0000
1700779500000,1.8193,0.6453,0.3547,1.0446,0.5109,0.4891,1.9386,0.6597,0.3403,0.8752,553552.0000,632479.0000
1700779800000,1.8185,0.6452,0.3548,1.0384,0.5094,0.4906,1.9308,0.6588,0.3412,0.8752,553552.0000,632479.0000
1700780100000,1.7732,0.6394,0.3606,1.0371,0.5091,0.4909,1.8893,0.6539,0.3461,0.8752,553552.0000,632479.0000
1700780400000,1.8027,0.6432,0.3568,1.0362,0.5089,0.4911,1.8852,0.6534,0.3466,0.8752,553552.0000,632479.0000
1700780700000,1.7724,0.6393,0.3607,1.0455,0.5111,0.4889,1.8539,0.6496,0.3504,0.8752,553552.0000,632479.0000
1700781000000,1.7442,0.6356,0.3644,1.0419,0.5103,0.4897,1.8273,0.6463,0.3537,0.8752,553552.0000,632479.0000
1700781300000,1.7174,0.6320,0.3680,1.0418,0.5102,0.4898,1.7917,0.6418,0.3582,0.8752,553552.0000,632479.0000
1700781600000,1.7108,0.6311,0.3689,1.0336,0.5083,0.4917,1.7949,0.6422,0.3578,0.8752,553552.0000,632479.0000
1700781900000,1.8106,0.6442,0.3558,1.0362,0.5089,0.4911,1.8555,0.6498,0.3502,0.8752,553552.0000,632479.0000
1700782200000,1.7956,0.6423,0.3577,1.0363,0.5089,0.4911,1.8670,0.6512,0.3488,0.8752,553552.0000,632479.0000
1700782500000,1.7211,0.6325,0.3675,1.0314,0.5077,0.4923,1.7988,0.6427,0.3573,0.8752,553552.0000,632479.0000
1700782800000,1.6824,0.6272,0.3728,1.0327,0.5080,0.4920,1.7632,0.6381,0.3619,0.8752,553552.0000,632479.0000
1700783100000,1.6589,0.6239,0.3761,1.0338,0.5083,0.4917,1.7420,0.6353,0.3647,0.8752,553552.0000,632479.0000
1700783400000,1.6940,0.6288,0.3712,1.0330,0.5081,0.4919,1.7556,0.6371,0.3629,0.8752,553552.0000,632479.0000
1700783700000,1.6759,0.6263,0.3737,1.0340,0.5084,0.4916,1.7367,0.6346,0.3654,0.8752,553552.0000,632479.0000
1700784000000,1.5994,0.6153,0.3847,1.0366,0.5090,0.4910,1.6448,0.6219,0.3781,0.8752,553552.0000,632479.0000
1700784300000,1.6954,0.6290,0.3710,1.0293,0.5072,0.4928,1.6991,0.6295,0.3705,0.8752,553552.0000,632479.0000
1700784600000,1.6441,0.6218,0.3782,1.0322,0.5079,0.4921,1.6560,0.6235,0.3765,0.8752,553552.0000,632479.0000
1700784900000,1.6151,0.6176,0.3824,1.0338,0.5083,0.4917,1.6192,0.6182,0.3818,0.8752,553552.0000,632479.0000
1700785200000,1.5846,0.6131,0.3869,1.0246,0.5061,0.4939,1.6178,0.6180,0.3820,0.8752,553552.0000,632479.0000
1700785500000,1.5767,0.6119,0.3881,1.0253,0.5062,0.4938,1.5981,0.6151,0.3849,0.8752,553552.0000,632479.0000
1700785800000,1.5733,0.6114,0.3886,1.0213,0.5053,0.4947,1.5954,0.6147,0.3853,0.8752,553552.0000,632479.0000
1700786100000,1.5419,0.6066,0.3934,1.0251,0.5062,0.4938,1.5497,0.6078,0.3922,0.8752,553552.0000,632479.0000
1700786400000,1.5556,0.6087,0.3913,1.0266,0.5066,0.4934,1.5471,0.6074,0.3926,0.8752,553552.0000,632479.0000
1700786700000,1.5582,0.6091,0.3909,1.0266,0.5066,0.4934,1.5491,0.6077,0.3923,0.8752,553552.0000,632479.0000
1700787000000,1.5833,0.6129,0.3871,1.0292,0.5072,0.4928,1.5491,0.6077,0.3923,0.8752,553552.0000,632479.0000
1700787300000,1.5510,0.6080,0.3920,1.0305,0.5075,0.4925,1.5304,0.6048,0.3952,0.8752,553552.0000,632479.0000
1700787600000,1.5549,0.6086,0.3914,1.0307,0.5076,0.4924,1.5355,0.6056,0.3944,0.8752,553552.0000,632479.0000
1700787900000,1.5452,0.6071,0.3929,1.0338,0.5083,0.4917,1.5278,0.6044,0.3956,0.8752,553552.0000,632479.0000
1700788200000,1.5458,0.6072,0.3928,1.0340,0.5084,0.4916,1.5233,0.6037,0.3963,0.8752,553552.0000,632479.0000
1700788500000,1.5323,0.6051,0.3949,1.0338,0.5083,0.4917,1.5164,0.6026,0.3974,0.8752,553552.0000,632479.0000
1700788800000,1.5304,0.6048,0.3952,1.0352,0.5087,0.4913,1.5094,0.6015,0.3985,0.8752,553552.0000,632479.0000
1700789100000,1.4384,0.5899,0.4101,1.0341,0.5084,0.4916,1.4913,0.5986,0.4014,0.8752,553552.0000,632479.0000
1700789400000,1.4414,0.5904,0.4096,1.0361,0.5089,0.4911,1.4710,0.5953,0.4047,0.8752,553552.0000,632479.0000
1700789700000,1.4582,0.5932,0.4068,1.0286,0.5070,0.4930,1.5119,0.6019,0.3981,0.8752,553552.0000,632479.0000
1700790000000,1.4882,0.5981,0.4019,1.0279,0.5069,0.4931,1.5727,0.6113,0.3887,0.8752,553552.0000,632479.0000
1700790300000,1.5006,0.6001,0.3999,1.0232,0.5057,0.4943,1.6130,0.6173,0.3827,0.8752,553552.0000,632479.0000
1700790600000,1.4969,0.5995,0.4005,1.0316,0.5078,0.4922,1.6205,0.6184,0.3816,0.8752,553552.0000,632479.0000
1700790900000,1.4789,0.5966,0.4034,1.1246,0.5293,0.4707,1.5988,0.6152,0.3848,0.8752,553552.0000,632479.0000
1700791200000,1.5323,0.6051,0.3949,1.1239,0.5292,0.4708,1.5974,0.6150,0.3850,0.8752,553552.0000,632479.0000
1700791500000,1.6144,0.6175,0.3825,1.1249,0.5294,0.4706,1.6427,0.6216,0.3784,0.8752,553552.0000,632479.0000
1700791800000,1.5484,0.6076,0.3924,1.1241,0.5292,0.4708,1.6008,0.6155,0.3845,0.8752,553552.0000,632479.0000
1700792100000,1.5867,0.6134,0.3866,1.1240,0.5292,0.4708,1.6323,0.6201,0.3799,0.8752,553552.0000,632479.0000
1700792400000,1.5387,0.6061,0.3939,1.1231,0.5290,0.4710,1.5967,0.6149,0.3851,0.8752,553552.0000,632479.0000
1700792700000,1.5394,0.6062,0.3938,1.1222,0.5288,0.4712,1.6035,0.6159,0.3841,0.8752,553552.0000,632479.0000
1700793000000,1.4522,0.5922,0.4078,1.1246,0.5293,0.4707,1.5233,0.6037,0.3963,0.8752,553552.0000,632479.0000
1700793300000,1.4125,0.5855,0.4145,1.1170,0.5276,0.4724,1.4907,0.5985,0.4015,0.8752,553552.0000,632479.0000
1700793600000,1.4402,0.5902,0.4098,1.1204,0.5284,0.4716,1.4759,0.5961,0.4039,0.8752,553552.0000,632479.0000
1700793900000,1.3964,0.5827,0.4173,1.1212,0.5286,0.4714,1.4637,0.5941,0.4059,0.8752,553552.0000,632479.0000
1700794200000,1.4056,0.5843,0.4157,1.1192,0.5281,0.4719,1.4540,0.5925,0.4075,0.8752,553552.0000,632479.0000
1700794500000,1.3935,0.5822,0.4178,1.1127,0.5267,0.4733,1.4504,0.5919,0.4081,0.8752,553552.0000,632479.0000
1700794800000,1.3585,0.5760,0.4240,1.1116,0.5264,0.4736,1.4091,0.5849,0.4151,0.8752,553552.0000,632479.0000
1700795100000,1.3624,0.5767,0.4233,1.1132,0.5268,0.4732,1.4067,0.5845,0.4155,0.8752,553552.0000,632479.0000
1700795400000,1.3568,0.5757,0.4243,1.1146,0.5271,0.4729,1.3981,0.5830,0.4170,0.8752,553552.0000,632479.0000
1700795700000,1.3574,0.5758,0.4242,1.1114,0.5264,0.4736,1.3987,0.5831,0.4169,0.8752,553552.0000,632479.0000
1700796000000,1.3753,0.5790,0.4210,1.1130,0.5267,0.4733,1.4079,0.5847,0.4153,0.8752,553552.0000,632479.0000
1700796300000,1.3866,0.5810,0.4190,1.1111,0.5263,0.4737,1.4178,0.5864,0.4136,0.8752,553552.0000,632479.0000
1700796600000,1.3518,0.5748,0.4252,1.1108,0.5263,0.4737,1.3964,0.5827,0.4173,0.8752,553552.0000,632479.0000
1700796900000,1.3326,0.5713,0.4287,1.1108,0.5262,0.4738,1.4120,0.5854,0.4146,0.8752,553552.0000,632479.0000
1700797200000,1.2873,0.5628,0.4372,1.1122,0.5266,0.4734,1.3725,0.5785,0.4215,0.8752,553552.0000,632479.0000
1700797500000,1.3196,0.5689,0.4311,1.1121,0.5265,0.4735,1.3906,0.5817,0.4183,0.8752,553552.0000,632479.0000
1700797800000,1.3031,0.5658,0.4342,1.1099,0.5260,0.4740,1.3798,0.5798,0.4202,0.8752,553552.0000,632479.0000
1700798100000,1.2952,0.5643,0.4357,1.1088,0.5258,0.4742,1.3844,0.5806,0.4194,0.8752,553552.0000,632479.0000
1700798400000,1.3557,0.5755,0.4245,1.1086,0.5257,0.4743,1.4319,0.5888,0.4112,0.8752,553552.0000,632479.0000
1700798700000,1.4307,0.5886,0.4114,1.1133,0.5268,0.4732,1.4919,0.5987,0.4013,0.8752,553552.0000,632479.0000
1700799000000,1.4606,0.5936,0.4064,1.1137,0.5269,0.4731,1.4994,0.5999,0.4001,0.8752,553552.0000,632479.0000
1700799300000,1.4808,0.5969,0.4031,1.1135,0.5268,0.4732,1.5214,0.6034,0.3966,0.8752,553552.0000,632479.0000
1700799600000,1.4931,0.5989,0.4011,1.1083,0.5257,0.4743,1.5272,0.6043,0.3957,0.8752,553552.0000,632479.0000
1700799900000,1.3895,0.5815,0.4185,1.1094,0.5259,0.4741,1.4746,0.5959,0.4041,0.8752,553552.0000,632479.0000
1700800200000,1.3747,0.5789,0.4211,1.1076,0.5255,0.4745,1.4528,0.5923,0.4077,0.8752,553552.0000,632479.0000
1700800500000,1.3052,0.5662,0.4338,1.1130,0.5267,0.4733,1.3596,0.5762,0.4238,0.8752,553552.0000,632479.0000
1700800800000,1.2994,0.5651,0.4349,1.1142,0.5270,0.4730,1.3392,0.5725,0.4275,0.8752,553552.0000,632479.0000
1700801100000,1.2805,0.5615,0.4385,1.1150,0.5272,0.4728,1.3041,0.5660,0.4340,0.8752,553552.0000,632479.0000
1700801400000,1.2671,0.5589,0.4411,1.1164,0.5275,0.4725,1.2847,0.5623,0.4377,0.8752,553552.0000,632479.0000
1700801700000,1.2467,0.5549,0.4451,1.1145,0.5271,0.4729,1.2722,0.5599,0.4401,0.8752,553552.0000,632479.0000
1700802000000,1.2650,0.5585,0.4415,1.1143,0.5270,0.4730,1.2779,0.5610,0.4390,0.8752,553552.0000,632479.0000
1700802300000,1.2371,0.5530,0.4470,1.1196,0.5282,0.4718,1.2492,0.5554,0.4446,0.8752,553552.0000,632479.0000
1700802600000,1.2676,0.5590,0.4410,1.1182,0.5279,0.4721,1.2645,0.5584,0.4416,0.8752,553552.0000,632479.0000
1700802900000,1.2507,0.5557,0.4443,1.1198,0.5283,0.4717,1.2528,0.5561,0.4439,0.8752,553552.0000,632479.0000
1700803200000,1.2868,0.5627,0.4373,1.1219,0.5287,0.4713,1.2873,0.5628,0.4372,0.8752,553552.0000,632479.0000
1700803500000,1.2630,0.5581,0.4419,1.1220,0.5288,0.4712,1.2681,0.5591,0.4409,0.8752,553552.0000,632479.0000
1700803800000,1.2753,0.5605,0.4395,1.1226,0.5289,0.4711,1.2868,0.5627,0.4373,0.8752,553552.0000,632479.0000
1700804100000,1.2227,0.5501,0.4499,1.1257,0.5296,0.4704,1.2262,0.5508,0.4492,0.8752,553552.0000,632479.0000
1700804400000,1.2095,0.5474,0.4526,1.1225,0.5289,0.4711,1.2217,0.5499,0.4501,0.8752,553552.0000,632479.0000
1700804700000,1.1983,0.5451,0.4549,1.1221,0.5288,0.4712,1.2153,0.5486,0.4514,0.8752,553552.0000,632479.0000
1700805000000,1.1915,0.5437,0.4563,1.1186,0.5280,0.4720,1.2041,0.5463,0.4537,0.8752,553552.0000,632479.0000
1700805300000,1.2002,0.5455,0.4545,1.1216,0.5286,0.4714,1.1939,0.5442,0.4558,0.8752,553552.0000,632479.0000
1700805600000,1.1768,0.5406,0.4594,1.1230,0.5290,0.4710,1.1839,0.5421,0.4579,0.8752,553552.0000,632479.0000
1700805900000,1.1664,0.5384,0.4616,1.1190,0.5281,0.4719,1.1744,0.5401,0.4599,0.8752,553552.0000,632479.0000
1700806200000,1.1891,0.5432,0.4568,1.1189,0.5281,0.4719,1.1968,0.5448,0.4552,0.8752,553552.0000,632479.0000
1700806500000,1.1645,0.5380,0.4620,1.1102,0.5261,0.4739,1.1944,0.5443,0.4557,0.8752,553552.0000,632479.0000
1700806800000,1.1589,0.5368,0.4632,1.1025,0.5244,0.4756,1.2282,0.5512,0.4488,0.8752,553552.0000,632479.0000
1700807100000,1.1772,0.5407,0.4593,1.1006,0.5239,0.4761,1.2589,0.5573,0.4427,0.8752,553552.0000,632479.0000
1700807400000,1.1570,0.5364,0.4636,1.0918,0.5219,0.4781,1.2681,0.5591,0.4409,0.8752,553552.0000,632479.0000
1700807700000,1.2026,0.5460,0.4540,1.0947,0.5226,0.4774,1.2826,0.5619,0.4381,0.8752,553552.0000,632479.0000
1700808000000,1.2227,0.5501,0.4499,1.0945,0.5226,0.4774,1.2936,0.5640,0.4360,0.8752,553552.0000,632479.0000
1700808300000,1.2336,0.5523,0.4477,1.0934,0.5223,0.4777,1.2936,0.5640,0.4360,0.8752,553552.0000,632479.0000
1700808600000,1.1872,0.5428,0.4572,1.0900,0.5215,0.4785,1.2630,0.5581,0.4419,0.8752,553552.0000,632479.0000
1700808900000,1.1891,0.5432,0.4568,1.0990,0.5236,0.4764,1.2502,0.5556,0.4444,0.8752,553552.0000,632479.0000
1700809200000,1.1716,0.5395,0.4605,1.1078,0.5256,0.4744,1.2538,0.5563,0.4437,0.8752,553552.0000,632479.0000
1700809500000,1.1997,0.5454,0.4546,1.1093,0.5259,0.4741,1.2701,0.5595,0.4405,0.8752,553552.0000,632479.0000
1700809800000,1.1939,0.5442,0.4558,1.1072,0.5254,0.4746,1.2691,0.5593,0.4407,0.8752,553552.0000,632479.0000
1700810100000,1.1896,0.5433,0.4567,1.1070,0.5254,0.4746,1.2543,0.5564,0.4436,0.8752,553552.0000,632479.0000
1700810400000,1.2104,0.5476,0.4524,1.1034,0.5246,0.4754,1.2361,0.5528,0.4472,0.8752,553552.0000,632479.0000
1700810700000,1.2036,0.5462,0.4538,1.1039,0.5247,0.4753,1.2139,0.5483,0.4517,0.8752,553552.0000,632479.0000
1700811000000,1.1706,0.5393,0.4607,1.1037,0.5247,0.4753,1.2031,0.5461,0.4539,0.8752,553552.0000,632479.0000
1700811300000,1.1891,0.5432,0.4568,1.1026,0.5244,0.4756,1.2065,0.5468,0.4532,0.8752,553552.0000,632479.0000
1700811600000,1.1758,0.5404,0.4596,1.1019,0.5242,0.4758,1.2002,0.5455,0.4545,0.8752,553552.0000,632479.0000
1700811900000,1.1598,0.5370,0.4630,1.1025,0.5244,0.4756,1.1901,0.5434,0.4566,0.8752,553552.0000,632479.0000
1700812200000,1.1810,0.5415,0.4585,1.1028,0.5244,0.4756,1.1853,0.5424,0.4576,0.8752,553552.0000,632479.0000
1700812500000,1.1683,0.5388,0.4612,1.1066,0.5253,0.4747,1.1786,0.5410,0.4590,0.8752,553552.0000,632479.0000
1700812800000,1.1598,0.5370,0.4630,1.1102,0.5261,0.4739,1.1701,0.5392,0.4608,0.8752,553552.0000,632479.0000
1700813100000,1.1570,0.5364,0.4636,1.1076,0.5255,0.4745,1.1777,0.5408,0.4592,0.8752,553552.0000,632479.0000
1700813400000,1.1505,0.5350,0.4650,1.1089,0.5258,0.4742,1.1782,0.5409,0.4591,0.8752,553552.0000,632479.0000
1700813700000,1.1968,0.5448,0.4552,1.1077,0.5255,0.4745,1.2173,0.5490,0.4510,0.8752,553552.0000,632479.0000
1700814000000,1.2212,0.5498,0.4502,1.1142,0.5270,0.4730,1.2356,0.5527,0.4473,0.8752,553552.0000,632479.0000
1700814300000,1.1949,0.5444,0.4556,1.1147,0.5271,0.4729,1.2267,0.5509,0.4491,0.8752,553552.0000,632479.0000
1700814600000,1.2095,0.5474,0.4526,1.1114,0.5264,0.4736,1.2548,0.5565,0.4435,0.8752,553552.0000,632479.0000
1700814900000,1.2543,0.5564,0.4436,1.1151,0.5272,0.4728,1.2732,0.5601,0.4399,0.8752,553552.0000,632479.0000
1700815200000,1.2502,0.5556,0.4444,1.1231,0.5290,0.4710,1.2732,0.5601,0.4399,0.8752,553552.0000,632479.0000
1700815500000,1.2635,0.5582,0.4418,1.1260,0.5296,0.4704,1.2763,0.5607,0.4393,0.8752,553552.0000,632479.0000
1700815800000,1.2836,0.5621,0.4379,1.1292,0.5303,0.4697,1.2862,0.5626,0.4374,0.8752,553552.0000,632479.0000
1700816100000,1.3250,0.5699,0.4301,1.1342,0.5314,0.4686,1.3234,0.5696,0.4304,0.8752,553552.0000,632479.0000
1700816400000,1.3305,0.5709,0.4291,1.1413,0.5330,0.4670,1.3310,0.5710,0.4290,0.8752,553552.0000,632479.0000
1700816700000,1.3004,0.5653,0.4347,1.1444,0.5337,0.4663,1.3191,0.5688,0.4312,0.8752,553552.0000,632479.0000
1700817000000,1.3218,0.5693,0.4307,1.1428,0.5333,0.4667,1.3485,0.5742,0.4258,0.8752,553552.0000,632479.0000
1700817300000,1.3084,0.5668,0.4332,1.1448,0.5338,0.4662,1.3458,0.5737,0.4263,0.8752,553552.0000,632479.0000
1700817600000,1.2774,0.5609,0.4391,1.1447,0.5337,0.4663,1.3250,0.5699,0.4301,0.8752,553552.0000,632479.0000
1700817900000,1.2805,0.5615,0.4385,1.1433,0.5334,0.4666,1.3164,0.5683,0.4317,0.8752,553552.0000,632479.0000
1700818200000,1.2826,0.5619,0.4381,1.1459,0.5340,0.4660,1.3143,0.5679,0.4321,0.8752,553552.0000,632479.0000
1700818500000,1.2282,0.5512,0.4488,1.1427,0.5333,0.4667,1.2883,0.5630,0.4370,0.8752,553552.0000,632479.0000
1700818800000,1.1891,0.5432,0.4568,1.1422,0.5332,0.4668,1.2401,0.5536,0.4464,0.8752,553552.0000,632479.0000
1700819100000,1.1566,0.5363,0.4637,1.1396,0.5326,0.4674,1.1993,0.5453,0.4547,0.8752,553552.0000,632479.0000
1700819400000,1.1887,0.5431,0.4569,1.1389,0.5325,0.4675,1.1949,0.5444,0.4556,0.8752,553552.0000,632479.0000
1700819700000,1.1739,0.5400,0.4600,1.1320,0.5310,0.4690,1.1925,0.5439,0.4561,0.8752,553552.0000,632479.0000
1700820000000,1.1612,0.5373,0.4627,1.1320,0.5310,0.4690,1.1825,0.5418,0.4582,0.8752,553552.0000,632479.0000
1700820300000,1.1035,0.5246,0.4754,1.1240,0.5292,0.4708,1.1519,0.5353,0.4647,0.8752,553552.0000,632479.0000
1700820600000,1.1848,0.5423,0.4577,1.1304,0.5306,0.4694,1.1882,0.5430,0.4570,0.8752,553552.0000,632479.0000
1700820900000,1.1492,0.5347,0.4653,1.1274,0.5300,0.4700,1.1815,0.5416,0.4584,0.8752,553552.0000,632479.0000
1700821200000,1.1395,0.5326,0.4674,1.1303,0.5306,0.4694,1.1749,0.5402,0.4598,0.8752,553552.0000,632479.0000
1700821500000,1.1697,0.5391,0.4609,1.1354,0.5317,0.4683,1.1887,0.5431,0.4569,0.8752,553552.0000,632479.0000
1700821800000,1.1372,0.5321,0.4679,1.1362,0.5319,0.4681,1.1692,0.5390,0.4610,0.8752,553552.0000,632479.0000
1700822100000,1.1177,0.5278,0.4722,1.1399,0.5327,0.4673,1.1533,0.5356,0.4644,0.8752,553552.0000,632479.0000
1700822400000,1.1673,0.5386,0.4614,1.1412,0.5330,0.4670,1.2090,0.5473,0.4527,0.8752,553552.0000,632479.0000
1700822700000,1.1716,0.5395,0.4605,1.1413,0.5330,0.4670,1.2070,0.5469,0.4531,0.8752,553552.0000,632479.0000
1700823000000,1.2017,0.5458,0.4542,1.1447,0.5337,0.4663,1.2467,0.5549,0.4451,0.8752,553552.0000,632479.0000
1700823300000,1.1654,0.5382,0.4618,1.1442,0.5336,0.4664,1.2124,0.5480,0.4520,0.8752,553552.0000,632479.0000
1700823600000,1.2041,0.5463,0.4537,1.1490,0.5347,0.4653,1.2341,0.5524,0.4476,0.8752,553552.0000,632479.0000
1700823900000,1.1510,0.5351,0.4649,1.1516,0.5352,0.4648,1.2031,0.5461,0.4539,0.8752,553552.0000,632479.0000
1700824200000,1.1418,0.5331,0.4669,1.1504,0.5350,0.4650,1.1988,0.5452,0.4548,0.8752,553552.0000,632479.0000
1700824500000,1.1552,0.5360,0.4640,1.1594,0.5369,0.4631,1.1891,0.5432,0.4568,0.8752,553552.0000,632479.0000
1700824800000,1.1631,0.5377,0.4623,1.1620,0.5375,0.4625,1.2007,0.5456,0.4544,0.8752,553552.0000,632479.0000
1700825100000,1.1377,0.5322,0.4678,1.1549,0.5359,0.4641,1.1734,0.5399,0.4601,0.8752,553552.0000,632479.0000
1700825400000,1.1169,0.5276,0.4724,1.1574,0.5365,0.4635,1.1645,0.5380,0.4620,0.8752,553552.0000,632479.0000
1700825700000,1.1133,0.5268,0.4732,1.1589,0.5368,0.4632,1.1538,0.5357,0.4643,0.8752,553552.0000,632479.0000
1700826000000,1.1372,0.5321,0.4679,1.1653,0.5382,0.4618,1.1645,0.5380,0.4620,0.8752,553552.0000,632479.0000
1700826300000,1.1295,0.5304,0.4696,1.1631,0.5377,0.4623,1.1701,0.5392,0.4608,0.8752,553552.0000,632479.0000
1700826600000,1.1354,0.5317,0.4683,1.1708,0.5393,0.4607,1.1725,0.5397,0.4603,0.8752,553552.0000,632479.0000
1700826900000,1.1432,0.5334,0.4666,1.1728,0.5398,0.4602,1.1744,0.5401,0.4599,0.8752,553552.0000,632479.0000
1700827200000,1.1515,0.5352,0.4648,1.1735,0.5399,0.4601,1.1844,0.5422,0.4578,0.8752,553552.0000,632479.0000
1700827500000,1.1749,0.5402,0.4598,1.1804,0.5414,0.4586,1.2026,0.5460,0.4540,0.8752,553552.0000,632479.0000
1700827800000,1.1930,0.5440,0.4560,1.1762,0.5405,0.4595,1.2336,0.5523,0.4477,0.8752,553552.0000,632479.0000
1700828100000,1.1973,0.5449,0.4551,1.1784,0.5409,0.4591,1.2396,0.5535,0.4465,0.8752,553552.0000,632479.0000
1700828400000,1.2277,0.5511,0.4489,1.1783,0.5409,0.4591,1.2635,0.5582,0.4418,0.8752,553552.0000,632479.0000
1700828700000,1.2422,0.5540,0.4460,1.1788,0.5410,0.4590,1.2841,0.5622,0.4378,0.8752,553552.0000,632479.0000
1700829000000,1.3326,0.5713,0.4287,1.1884,0.5431,0.4569,1.3480,0.5741,0.4259,0.8752,553552.0000,632479.0000
1700829300000,1.2784,0.5611,0.4389,1.1886,0.5431,0.4569,1.3425,0.5731,0.4269,0.8752,553552.0000,632479.0000
1700829600000,1.4027,0.5838,0.4162,1.1968,0.5448,0.4552,1.4355,0.5894,0.4106,0.8752,553552.0000,632479.0000
1700829900000,1.4137,0.5857,0.4143,1.1973,0.5449,0.4551,1.4582,0.5932,0.4068,0.8752,553552.0000,632479.0000
1700830200000,1.4184,0.5865,0.4135,1.1975,0.5449,0.4551,1.4624,0.5939,0.4061,0.8752,553552.0000,632479.0000
1700830500000,1.4207,0.5869,0.4131,1.2012,0.5457,0.4543,1.4637,0.5941,0.4059,0.8752,553552.0000,632479.0000
1700830800000,1.4355,0.5894,0.4106,1.1999,0.5454,0.4546,1.4802,0.5968,0.4032,0.8752,553552.0000,632479.0000
1700831100000,1.5432,0.6068,0.3932,1.2083,0.5472,0.4528,1.5189,0.6030,0.3970,0.8752,553552.0000,632479.0000
1700831400000,1.5069,0.6011,0.3989,1.2073,0.5470,0.4530,1.5208,0.6033,0.3967,0.8752,553552.0000,632479.0000
1700831700000,1.4534,0.5924,0.4076,1.2035,0.5462,0.4538,1.5000,0.6000,0.4000,0.8752,553552.0000,632479.0000
1700832000000,1.4759,0.5961,0.4039,1.2005,0.5456,0.4544,1.5439,0.6069,0.3931,0.8752,553552.0000,632479.0000
1700832300000,1.4969,0.5995,0.4005,1.2077,0.5470,0.4530,1.5484,0.6076,0.3924,0.8752,553552.0000,632479.0000
1700832600000,1.4931,0.5989,0.4011,1.2081,0.5471,0.4529,1.5439,0.6069,0.3931,0.8752,553552.0000,632479.0000
1700832900000,1.4994,0.5999,0.4001,1.2056,0.5466,0.4534,1.5523,0.6082,0.3918,0.8752,553552.0000,632479.0000
1700833200000,1.4649,0.5943,0.4057,1.2085,0.5472,0.4528,1.5374,0.6059,0.3941,0.8752,553552.0000,632479.0000
1700833500000,1.4190,0.5866,0.4134,1.2099,0.5475,0.4525,1.4994,0.5999,0.4001,0.8752,553552.0000,632479.0000
1700833800000,1.3855,0.5808,0.4192,1.2149,0.5485,0.4515,1.4740,0.5958,0.4042,0.8752,553552.0000,632479.0000
1700834100000,1.3929,0.5821,0.4179,1.2159,0.5487,0.4513,1.4777,0.5964,0.4036,0.8752,553552.0000,632479.0000
1700834400000,1.3872,0.5811,0.4189,1.2192,0.5494,0.4506,1.4759,0.5961,0.4039,0.8752,553552.0000,632479.0000
1700834700000,1.4190,0.5866,0.4134,1.2230,0.5501,0.4499,1.4931,0.5989,0.4011,0.8752,553552.0000,632479.0000
1700835000000,1.5164,0.6026,0.3974,1.2235,0.5502,0.4498,1.5530,0.6083,0.3917,0.8752,553552.0000,632479.0000
1700835300000,1.5208,0.6033,0.3967,1.2273,0.5510,0.4490,1.5582,0.6091,0.3909,0.8752,553552.0000,632479.0000
1700835600000,1.5786,0.6122,0.3878,1.2311,0.5518,0.4482,1.5954,0.6147,0.3853,0.8752,553552.0000,632479.0000
1700835900000,1.4201,0.5868,0.4132,1.2365,0.5529,0.4471,1.5075,0.6012,0.3988,0.8752,553552.0000,632479.0000
1700836200000,1.4114,0.5853,0.4147,1.2370,0.5530,0.4470,1.4894,0.5983,0.4017,0.8752,553552.0000,632479.0000
1700836500000,1.3935,0.5822,0.4178,1.2378,0.5531,0.4469,1.4631,0.5940,0.4060,0.8752,553552.0000,632479.0000
1700836800000,1.4278,0.5881,0.4119,1.2389,0.5534,0.4466,1.4907,0.5985,0.4015,0.8752,553552.0000,632479.0000
1700837100000,1.4378,0.5898,0.4102,1.2393,0.5534,0.4466,1.4969,0.5995,0.4005,0.8752,553552.0000,632479.0000
1700837400000,1.4420,0.5905,0.4095,1.2402,0.5536,0.4464,1.4938,0.5990,0.4010,0.8752,553552.0000,632479.0000
1700837700000,1.3929,0.5821,0.4179,1.2427,0.5541,0.4459,1.4420,0.5905,0.4095,0.8752,553552.0000,632479.0000
1700838000000,1.3725,0.5785,0.4215,1.2464,0.5548,0.4452,1.4225,0.5872,0.4128,0.8752,553552.0000,632479.0000
1700838300000,1.3480,0.5741,0.4259,1.2472,0.5550,0.4450,1.4195,0.5867,0.4133,0.8752,553552.0000,632479.0000
1700838600000,1.3315,0.5711,0.4289,1.2501,0.5556,0.4444,1.3798,0.5798,0.4202,0.8752,553552.0000,632479.0000
1700838900000,1.3702,0.5781,0.4219,1.2446,0.5545,0.4455,1.4114,0.5853,0.4147,0.8752,553552.0000,632479.0000
1700839200000,1.3563,0.5756,0.4244,1.2475,0.5551,0.4449,1.3992,0.5832,0.4168,0.8752,553552.0000,632479.0000
1700839500000,1.4178,0.5864,0.4136,1.2509,0.5557,0.4443,1.4432,0.5907,0.4093,0.8752,553552.0000,632479.0000
1700839800000,1.4201,0.5868,0.4132,1.2599,0.5575,0.4425,1.4486,0.5916,0.4084,0.8752,553552.0000,632479.0000
1700840100000,1.4225,0.5872,0.4128,1.2608,0.5577,0.4423,1.4516,0.5921,0.4079,0.8752,553552.0000,632479.0000
1700840400000,1.3469,0.5739,0.4261,1.2611,0.5577,0.4423,1.3901,0.5816,0.4184,0.8752,553552.0000,632479.0000
1700840700000,1.3747,0.5789,0.4211,1.2659,0.5587,0.4413,1.4044,0.5841,0.4159,0.8752,553552.0000,632479.0000
1700841000000,1.3889,0.5814,0.4186,1.2679,0.5591,0.4409,1.4366,0.5896,0.4104,0.8752,553552.0000,632479.0000
1700841300000,1.4343,0.5892,0.4108,1.2693,0.5593,0.4407,1.4913,0.5986,0.4014,0.8752,553552.0000,632479.0000
1700841600000,1.3764,0.5792,0.4208,1.2691,0.5593,0.4407,1.4558,0.5928,0.4072,0.8752,553552.0000,632479.0000
1700841900000,1.4361,0.5895,0.4105,1.2751,0.5605,0.4395,1.5088,0.6014,0.3986,0.8752,553552.0000,632479.0000
1700842200000,1.5349,0.6055,0.3945,1.2741,0.5603,0.4397,1.5840,0.6130,0.3870,0.8752,553552.0000,632479.0000
1700842500000,1.5075,0.6012,0.3988,1.2768,0.5608,0.4392,1.5840,0.6130,0.3870,0.8752,553552.0000,632479.0000
1700842800000,1.5094,0.6015,0.3985,1.2775,0.5609,0.4391,1.5900,0.6139,0.3861,0.8752,553552.0000,632479.0000
1700843100000,1.5497,0.6078,0.3922,1.2779,0.5610,0.4390,1.6240,0.6189,0.3811,0.8752,553552.0000,632479.0000
1700843400000,1.5694,0.6108,0.3892,1.2805,0.5615,0.4385,1.6399,0.6212,0.3788,0.8752,553552.0000,632479.0000
1700843700000,1.5648,0.6101,0.3899,1.2837,0.5621,0.4379,1.6462,0.6221,0.3779,0.8752,553552.0000,632479.0000
1700844000000,1.5426,0.6067,0.3933,1.2872,0.5628,0.4372,1.6337,0.6203,0.3797,0.8752,553552.0000,632479.0000
1700844300000,1.5530,0.6083,0.3917,1.2868,0.5627,0.4373,1.6560,0.6235,0.3765,0.8752,553552.0000,632479.0000
1700844600000,1.6323,0.6201,0.3799,1.2877,0.5629,0.4371,1.6947,0.6289,0.3711,0.8752,553552.0000,632479.0000
1700844900000,1.6110,0.6170,0.3830,1.2918,0.5637,0.4363,1.6759,0.6263,0.3737,0.8752,553552.0000,632479.0000
1700845200000,1.6062,0.6163,0.3837,1.2950,0.5643,0.4357,1.6889,0.6281,0.3719,0.8752,553552.0000,632479.0000
1700845500000,1.6157,0.6177,0.3823,1.2939,0.5641,0.4359,1.7005,0.6297,0.3703,0.8752,553552.0000,632479.0000
