Timestamp,TopRatioAcc,TopLongAcc, TopShortAcc, TopRatioPos, TopLongPos, TopShortPos, GlobalRatioAcc, GlobalLongAcc, GlobalShortAcc, BuySellRatio, BuyVol, SelVol
1700695500000,1.1589,0.5368,0.4632,0.9590,0.4895,0.5105,1.7034,0.6301,0.3699,0.3944,12698.0000,32192.0000
1700695800000,1.1561,0.5362,0.4638,0.9602,0.4899,0.5101,1.7100,0.6310,0.3690,0.3944,12698.0000,32192.0000
1700696100000,1.1683,0.5388,0.4612,0.9590,0.4895,0.5105,1.6969,0.6292,0.3708,0.3944,12698.0000,32192.0000
1700696400000,1.1654,0.5382,0.4618,0.9585,0.4894,0.5106,1.6991,0.6295,0.3705,0.3944,12698.0000,32192.0000
1700696700000,1.1654,0.5382,0.4618,0.9603,0.4899,0.5101,1.7181,0.6321,0.3679,0.3944,12698.0000,32192.0000
1700697000000,1.1668,0.5385,0.4615,0.9606,0.4900,0.5100,1.7108,0.6311,0.3689,0.3944,12698.0000,32192.0000
1700697300000,1.1744,0.5401,0.4599,0.9596,0.4897,0.5103,1.7189,0.6322,0.3678,0.3944,12698.0000,32192.0000
1700697600000,1.1701,0.5392,0.4608,0.9597,0.4897,0.5103,1.7465,0.6359,0.3641,0.3944,12698.0000,32192.0000
1700697900000,1.1887,0.5431,0.4569,0.9595,0.4897,0.5103,1.7315,0.6339,0.3661,0.3944,12698.0000,32192.0000
1700698200000,1.2095,0.5474,0.4526,0.9599,0.4898,0.5102,1.6838,0.6274,0.3726,0.3944,12698.0000,32192.0000
1700698500000,1.2046,0.5464,0.4536,0.9600,0.4898,0.5102,1.6918,0.6285,0.3715,0.3944,12698.0000,32192.0000
1700698800000,1.1668,0.5385,0.4615,0.9623,0.4904,0.5096,1.7181,0.6321,0.3679,0.3944,12698.0000,32192.0000
1700699100000,1.1668,0.5385,0.4615,0.9629,0.4905,0.5095,1.7300,0.6337,0.3663,0.3944,12698.0000,32192.0000
1700699400000,1.1839,0.5421,0.4579,0.9621,0.4904,0.5096,1.7832,0.6407,0.3593,0.3944,12698.0000,32192.0000
1700699700000,1.2017,0.5458,0.4542,0.9616,0.4902,0.5098,1.7762,0.6398,0.3602,0.3944,12698.0000,32192.0000
1700700000000,1.2406,0.5537,0.4463,0.9603,0.4899,0.5101,1.8169,0.6450,0.3550,0.3944,12698.0000,32192.0000
1700700300000,1.2492,0.5554,0.4446,0.9615,0.4902,0.5098,1.8305,0.6467,0.3533,0.3944,12698.0000,32192.0000
1700700600000,1.2805,0.5615,0.4385,0.9610,0.4900,0.5100,1.8233,0.6458,0.3542,0.3944,12698.0000,32192.0000
1700700900000,1.2925,0.5638,0.4362,0.9618,0.4903,0.5097,1.8050,0.6435,0.3565,0.3944,12698.0000,32192.0000
1700701200000,1.2925,0.5638,0.4362,0.9634,0.4907,0.5093,1.8353,0.6473,0.3527,0.3944,12698.0000,32192.0000
1700701500000,1.2753,0.5605,0.4395,0.9602,0.4898,0.5102,1.8563,0.6499,0.3501,0.3944,12698.0000,32192.0000
1700701800000,1.2889,0.5631,0.4369,0.9705,0.4925,0.5075,1.7793,0.6402,0.3598,0.3944,12698.0000,32192.0000
1700702100000,1.2999,0.5652,0.4348,0.9722,0.4929,0.5071,1.7663,0.6385,0.3615,0.3944,12698.0000,32192.0000
1700702400000,1.2237,0.5503,0.4497,0.9705,0.4925,0.5075,1.7785,0.6401,0.3599,0.3944,12698.0000,32192.0000
1700702700000,1.2252,0.5506,0.4494,0.9721,0.4929,0.5071,1.7863,0.6411,0.3589,0.3944,12698.0000,32192.0000
1700703000000,1.2252,0.5506,0.4494,0.9694,0.4922,0.5078,1.7917,0.6418,0.3582,0.3944,12698.0000,32192.0000
1700703300000,1.2366,0.5529,0.4471,0.9721,0.4929,0.5071,1.8050,0.6435,0.3565,0.3944,12698.0000,32192.0000
1700703600000,1.2671,0.5589,0.4411,0.9754,0.4938,0.5062,1.7988,0.6427,0.3573,0.3944,12698.0000,32192.0000
1700703900000,1.2619,0.5579,0.4421,0.9729,0.4931,0.5069,1.7956,0.6423,0.3577,0.3944,12698.0000,32192.0000
1700704200000,1.2604,0.5576,0.4424,0.9729,0.4931,0.5069,1.7778,0.6400,0.3600,0.3944,12698.0000,32192.0000
1700704500000,1.2671,0.5589,0.4411,0.9735,0.4933,0.5067,1.7655,0.6384,0.3616,0.3944,12698.0000,32192.0000
1700704800000,1.2584,0.5572,0.4428,0.9780,0.4944,0.5056,1.8466,0.6487,0.3513,0.3944,12698.0000,32192.0000
1700705100000,1.2487,0.5553,0.4447,0.9808,0.4952,0.5048,1.8482,0.6489,0.3511,0.3944,12698.0000,32192.0000
1700705400000,1.3283,0.5705,0.4295,1.0448,0.5110,0.4890,1.8241,0.6459,0.3541,0.3944,12698.0000,32192.0000
1700705700000,1.4582,0.5932,0.4068,1.0466,0.5114,0.4886,1.8233,0.6458,0.3542,0.3944,12698.0000,32192.0000
1700706000000,1.4486,0.5916,0.4084,1.0453,0.5111,0.4889,1.8281,0.6464,0.3536,0.3944,12698.0000,32192.0000
1700706300000,1.4414,0.5904,0.4096,1.0472,0.5115,0.4885,1.8193,0.6453,0.3547,0.3944,12698.0000,32192.0000
1700706600000,1.4349,0.5893,0.4107,1.0473,0.5116,0.4884,1.8353,0.6473,0.3527,0.3944,12698.0000,32192.0000
1700706900000,1.4254,0.5877,0.4123,1.0457,0.5112,0.4888,1.8289,0.6465,0.3535,0.3944,12698.0000,32192.0000
1700707200000,1.4504,0.5919,0.4081,1.0384,0.5094,0.4906,1.8169,0.6450,0.3550,0.3944,12698.0000,32192.0000
1700707500000,1.4546,0.5926,0.4074,1.0369,0.5091,0.4909,1.8281,0.6464,0.3536,0.3944,12698.0000,32192.0000
1700707800000,1.4337,0.5891,0.4109,1.0350,0.5086,0.4914,1.8353,0.6473,0.3527,0.3944,12698.0000,32192.0000
1700708100000,1.4510,0.5920,0.4080,1.0356,0.5087,0.4913,1.8337,0.6471,0.3529,0.3944,12698.0000,32192.0000
1700708400000,1.4510,0.5920,0.4080,1.0355,0.5087,0.4913,1.8401,0.6479,0.3521,0.3944,12698.0000,32192.0000
1700708700000,1.4498,0.5918,0.4082,1.0356,0.5087,0.4913,1.8409,0.6480,0.3520,0.3944,12698.0000,32192.0000
1700709000000,1.4534,0.5924,0.4076,1.0363,0.5089,0.4911,1.8474,0.6488,0.3512,0.3944,12698.0000,32192.0000
1700709300000,1.4540,0.5925,0.4075,1.0336,0.5083,0.4917,1.8547,0.6497,0.3503,0.3944,12698.0000,32192.0000
1700709600000,1.4673,0.5947,0.4053,1.0327,0.5081,0.4919,1.8474,0.6488,0.3512,0.3944,12698.0000,32192.0000
1700709900000,1.4582,0.5932,0.4068,1.0356,0.5087,0.4913,1.8401,0.6479,0.3521,0.3944,12698.0000,32192.0000
1700710200000,1.4474,0.5914,0.4086,1.0309,0.5076,0.4924,1.8153,0.6448,0.3552,0.3944,12698.0000,32192.0000
1700710500000,1.4319,0.5888,0.4112,1.0310,0.5076,0.4924,1.8265,0.6462,0.3538,0.3944,12698.0000,32192.0000
1700710800000,1.4254,0.5877,0.4123,1.0315,0.5078,0.4922,1.8265,0.6462,0.3538,0.3944,12698.0000,32192.0000
1700711100000,1.4331,0.5890,0.4110,1.0333,0.5082,0.4918,1.8011,0.6430,0.3570,0.3944,12698.0000,32192.0000
1700712300000,1.4272,0.5880,0.4120,1.0370,0.5091,0.4909,1.8050,0.6435,0.3565,0.3944,12698.0000,32192.0000
1700712600000,1.4272,0.5880,0.4120,1.0367,0.5090,0.4910,1.8193,0.6453,0.3547,0.3944,12698.0000,32192.0000
1700712900000,1.4337,0.5891,0.4109,1.0367,0.5090,0.4910,1.8074,0.6438,0.3562,0.3944,12698.0000,32192.0000
1700713200000,1.4290,0.5883,0.4117,1.0361,0.5089,0.4911,1.8074,0.6438,0.3562,0.3944,12698.0000,32192.0000
1700713500000,1.4272,0.5880,0.4120,1.0383,0.5094,0.4906,1.8003,0.6429,0.3571,0.3944,12698.0000,32192.0000
1700713800000,1.4260,0.5878,0.4122,1.0365,0.5090,0.4910,1.7816,0.6405,0.3595,0.3944,12698.0000,32192.0000
1700714100000,1.4015,0.5836,0.4164,1.0349,0.5086,0.4914,1.7778,0.6400,0.3600,0.3944,12698.0000,32192.0000
1700714400000,1.4044,0.5841,0.4159,1.0355,0.5087,0.4913,1.7933,0.6420,0.3580,0.3944,12698.0000,32192.0000
1700714700000,1.4067,0.5845,0.4155,1.0348,0.5086,0.4914,1.8169,0.6450,0.3550,0.3944,12698.0000,32192.0000
1700715000000,1.4160,0.5861,0.4139,1.0344,0.5085,0.4915,1.8098,0.6441,0.3559,0.3944,12698.0000,32192.0000
1700715300000,1.4160,0.5861,0.4139,1.0349,0.5086,0.4914,1.7988,0.6427,0.3573,0.3944,12698.0000,32192.0000
1700715600000,1.4213,0.5870,0.4130,1.0366,0.5090,0.4910,1.8313,0.6468,0.3532,0.3944,12698.0000,32192.0000
1700715900000,1.4172,0.5863,0.4137,1.0316,0.5078,0.4922,1.8145,0.6447,0.3553,0.3944,12698.0000,32192.0000
1700716200000,1.4137,0.5857,0.4143,1.0342,0.5084,0.4916,1.7972,0.6425,0.3575,0.3944,12698.0000,32192.0000
1700716500000,1.4027,0.5838,0.4162,1.0337,0.5083,0.4917,1.7878,0.6413,0.3587,0.3944,12698.0000,32192.0000
1700716800000,1.4079,0.5847,0.4153,1.0348,0.5086,0.4914,1.7785,0.6401,0.3599,0.3944,12698.0000,32192.0000
1700717100000,1.4062,0.5844,0.4156,1.0343,0.5084,0.4916,1.7701,0.6390,0.3610,0.3944,12698.0000,32192.0000
1700717400000,1.4004,0.5834,0.4166,1.0341,0.5084,0.4916,1.7747,0.6396,0.3604,0.3944,12698.0000,32192.0000
1700717700000,1.3946,0.5824,0.4176,1.0353,0.5087,0.4913,1.7855,0.6410,0.3590,0.3944,12698.0000,32192.0000
1700718000000,1.3964,0.5827,0.4173,1.0366,0.5090,0.4910,1.7785,0.6401,0.3599,0.3944,12698.0000,32192.0000
1700718300000,1.3952,0.5825,0.4175,1.0372,0.5091,0.4909,1.7701,0.6390,0.3610,0.3944,12698.0000,32192.0000
1700718600000,1.3987,0.5831,0.4169,1.0379,0.5093,0.4907,1.7925,0.6419,0.3581,0.3944,12698.0000,32192.0000
1700718900000,1.4062,0.5844,0.4156,1.0347,0.5085,0.4915,1.8011,0.6430,0.3570,0.3944,12698.0000,32192.0000
1700719200000,1.4096,0.5850,0.4150,1.0353,0.5087,0.4913,1.7871,0.6412,0.3588,0.3944,12698.0000,32192.0000
1700719500000,1.4004,0.5834,0.4166,1.0357,0.5088,0.4912,1.7739,0.6395,0.3605,0.3944,12698.0000,32192.0000
1700719800000,1.4004,0.5834,0.4166,1.0390,0.5096,0.4904,1.7601,0.6377,0.3623,0.3944,12698.0000,32192.0000
1700720100000,1.3946,0.5824,0.4176,1.0399,0.5098,0.4902,1.7556,0.6371,0.3629,0.3944,12698.0000,32192.0000
1700720400000,1.3929,0.5821,0.4179,1.0395,0.5097,0.4903,1.7840,0.6408,0.3592,0.3944,12698.0000,32192.0000
1700720700000,1.4079,0.5847,0.4153,1.0388,0.5095,0.4905,1.7910,0.6417,0.3583,0.3944,12698.0000,32192.0000
1700721000000,1.4172,0.5863,0.4137,1.0388,0.5095,0.4905,1.7917,0.6418,0.3582,0.3944,12698.0000,32192.0000
1700721300000,1.4184,0.5865,0.4135,1.0443,0.5108,0.4892,1.7964,0.6424,0.3576,0.3944,12698.0000,32192.0000
1700721600000,1.4278,0.5881,0.4119,1.0424,0.5104,0.4896,1.7793,0.6402,0.3598,0.3944,12698.0000,32192.0000
1700721900000,1.4278,0.5881,0.4119,1.0437,0.5107,0.4893,1.8003,0.6429,0.3571,0.3944,12698.0000,32192.0000
1700722200000,1.4295,0.5884,0.4116,1.0413,0.5101,0.4899,1.7964,0.6424,0.3576,0.3944,12698.0000,32192.0000
1700722500000,1.4295,0.5884,0.4116,1.0416,0.5102,0.4898,1.8153,0.6448,0.3552,0.3944,12698.0000,32192.0000
1700722800000,1.4266,0.5879,0.4121,1.0379,0.5093,0.4907,1.8377,0.6476,0.3524,0.3944,12698.0000,32192.0000
1700723100000,1.4307,0.5886,0.4114,1.0333,0.5082,0.4918,1.7579,0.6374,0.3626,0.3944,12698.0000,32192.0000
1700723400000,1.3685,0.5778,0.4222,1.0348,0.5085,0.4915,1.7548,0.6370,0.3630,0.3944,12698.0000,32192.0000
1700723700000,1.3742,0.5788,0.4212,1.0350,0.5086,0.4914,1.7601,0.6377,0.3623,0.3944,12698.0000,32192.0000
1700724000000,1.3725,0.5785,0.4215,1.0344,0.5085,0.4915,1.7964,0.6424,0.3576,0.3944,12698.0000,32192.0000
1700724300000,1.4073,0.5846,0.4154,1.0401,0.5098,0.4902,1.7701,0.6390,0.3610,0.3944,12698.0000,32192.0000
1700724600000,1.4050,0.5842,0.4158,1.0428,0.5105,0.4895,1.7601,0.6377,0.3623,0.3944,12698.0000,32192.0000
1700724900000,1.3969,0.5828,0.4172,1.0434,0.5106,0.4894,1.8169,0.6450,0.3550,0.3944,12698.0000,32192.0000
1700725200000,1.4594,0.5934,0.4066,1.0446,0.5109,0.4891,1.8241,0.6459,0.3541,0.3944,12698.0000,32192.0000
1700725500000,1.4631,0.5940,0.4060,1.0458,0.5112,0.4888,1.8225,0.6457,0.3543,0.3944,12698.0000,32192.0000
1700725800000,1.4624,0.5939,0.4061,1.0436,0.5107,0.4893,1.8297,0.6466,0.3534,0.3944,12698.0000,32192.0000
1700726100000,1.4624,0.5939,0.4061,1.0446,0.5109,0.4891,1.8506,0.6492,0.3508,0.3944,12698.0000,32192.0000
1700726400000,1.4691,0.5950,0.4050,1.0431,0.5106,0.4894,1.7847,0.6409,0.3591,0.3944,12698.0000,32192.0000
1700726700000,1.3992,0.5832,0.4168,1.0412,0.5101,0.4899,1.7785,0.6401,0.3599,0.3944,12698.0000,32192.0000
1700727000000,1.3895,0.5815,0.4185,1.0414,0.5101,0.4899,1.8027,0.6432,0.3568,0.3944,12698.0000,32192.0000
1700727300000,1.3987,0.5831,0.4169,1.0339,0.5083,0.4917,1.7894,0.6415,0.3585,0.3944,12698.0000,32192.0000
1700727600000,1.3946,0.5824,0.4176,1.0359,0.5088,0.4912,1.7716,0.6392,0.3608,0.3944,12698.0000,32192.0000
1700727900000,1.3912,0.5818,0.4182,1.0380,0.5093,0.4907,1.7488,0.6362,0.3638,0.3944,12698.0000,32192.0000
1700728200000,1.3838,0.5805,0.4195,1.0398,0.5097,0.4903,1.7601,0.6377,0.3623,0.3944,12698.0000,32192.0000
1700728500000,1.3838,0.5805,0.4195,1.0397,0.5097,0.4903,1.7716,0.6392,0.3608,0.3944,12698.0000,32192.0000
1700728800000,1.3821,0.5802,0.4198,1.0377,0.5092,0.4908,1.7739,0.6395,0.3605,0.3944,12698.0000,32192.0000
1700729100000,1.3838,0.5805,0.4195,1.0391,0.5096,0.4904,1.7617,0.6379,0.3621,0.3944,12698.0000,32192.0000
1700729400000,1.3855,0.5808,0.4192,1.0413,0.5101,0.4899,1.7886,0.6414,0.3586,0.3944,12698.0000,32192.0000
1700729700000,1.4015,0.5836,0.4164,1.0413,0.5101,0.4899,1.7685,0.6388,0.3612,0.3944,12698.0000,32192.0000
1700730000000,1.3923,0.5820,0.4180,1.0398,0.5098,0.4902,1.7647,0.6383,0.3617,0.3944,12698.0000,32192.0000
1700730300000,1.3952,0.5825,0.4175,1.0400,0.5098,0.4902,1.7647,0.6383,0.3617,0.3944,12698.0000,32192.0000
1700730600000,1.3878,0.5812,0.4188,1.0381,0.5093,0.4907,1.7701,0.6390,0.3610,0.3944,12698.0000,32192.0000
1700730900000,1.3912,0.5818,0.4182,1.0382,0.5094,0.4906,1.7632,0.6381,0.3619,0.3944,12698.0000,32192.0000
1700731200000,1.3855,0.5808,0.4192,1.0393,0.5096,0.4904,1.7382,0.6348,0.3652,0.3944,12698.0000,32192.0000
1700731500000,1.3747,0.5789,0.4211,1.0394,0.5097,0.4903,1.8114,0.6443,0.3557,0.3944,12698.0000,32192.0000
1700731800000,1.4420,0.5905,0.4095,1.0396,0.5097,0.4903,1.8185,0.6452,0.3548,0.3944,12698.0000,32192.0000
1700732100000,1.4307,0.5886,0.4114,1.0420,0.5103,0.4897,1.7902,0.6416,0.3584,0.3944,12698.0000,32192.0000
1700732400000,1.4248,0.5876,0.4124,1.0423,0.5104,0.4896,1.7832,0.6407,0.3593,0.3944,12698.0000,32192.0000
1700732700000,1.4260,0.5878,0.4122,1.0413,0.5101,0.4899,1.7685,0.6388,0.3612,0.3944,12698.0000,32192.0000
1700733000000,1.4114,0.5853,0.4147,1.0417,0.5102,0.4898,1.8082,0.6439,0.3561,0.3944,12698.0000,32192.0000
1700733300000,1.4166,0.5862,0.4138,1.0357,0.5088,0.4912,1.8082,0.6439,0.3561,0.3944,12698.0000,32192.0000
1700733600000,1.4149,0.5859,0.4141,1.0336,0.5083,0.4917,1.8169,0.6450,0.3550,0.3944,12698.0000,32192.0000
1700733900000,1.4462,0.5912,0.4088,1.0405,0.5099,0.4901,1.8377,0.6476,0.3524,0.3944,12698.0000,32192.0000
1700734200000,1.4510,0.5920,0.4080,1.0410,0.5100,0.4900,1.8257,0.6461,0.3539,0.3944,12698.0000,32192.0000
1700734500000,1.4546,0.5926,0.4074,1.0415,0.5102,0.4898,1.8409,0.6480,0.3520,0.3944,12698.0000,32192.0000
1700734800000,1.4594,0.5934,0.4066,1.0428,0.5105,0.4895,1.8620,0.6506,0.3494,0.3944,12698.0000,32192.0000
1700735100000,1.4631,0.5940,0.4060,1.0417,0.5102,0.4898,1.8106,0.6442,0.3558,0.3944,12698.0000,32192.0000
1700735400000,1.4313,0.5887,0.4113,1.0430,0.5105,0.4895,1.7964,0.6424,0.3576,0.3944,12698.0000,32192.0000
1700735700000,1.4225,0.5872,0.4128,1.0427,0.5105,0.4895,1.7886,0.6414,0.3586,0.3944,12698.0000,32192.0000
1700736000000,1.4260,0.5878,0.4122,1.0455,0.5111,0.4889,1.7980,0.6426,0.3574,0.3944,12698.0000,32192.0000
1700736300000,1.4319,0.5888,0.4112,1.0446,0.5109,0.4891,1.7747,0.6396,0.3604,0.3944,12698.0000,32192.0000
1700736600000,1.4102,0.5851,0.4149,1.0474,0.5116,0.4884,1.7902,0.6416,0.3584,0.3944,12698.0000,32192.0000
1700736900000,1.4056,0.5843,0.4157,1.0442,0.5108,0.4892,1.7917,0.6418,0.3582,0.3944,12698.0000,32192.0000
1700737200000,1.4125,0.5855,0.4145,1.0450,0.5110,0.4890,1.7770,0.6399,0.3601,0.3944,12698.0000,32192.0000
1700737500000,1.4062,0.5844,0.4156,1.0468,0.5114,0.4886,1.7917,0.6418,0.3582,0.3944,12698.0000,32192.0000
1700737800000,1.4207,0.5869,0.4131,1.0455,0.5111,0.4889,1.7709,0.6391,0.3609,0.3944,12698.0000,32192.0000
1700738100000,1.3981,0.5830,0.4170,1.0459,0.5112,0.4888,1.7655,0.6384,0.3616,0.3944,12698.0000,32192.0000
1700738400000,1.3935,0.5822,0.4178,1.0442,0.5108,0.4892,1.8035,0.6433,0.3567,0.3944,12698.0000,32192.0000
1700738700000,1.4067,0.5845,0.4155,1.0400,0.5098,0.4902,1.7840,0.6408,0.3592,0.3944,12698.0000,32192.0000
1700739000000,1.3992,0.5832,0.4168,1.0416,0.5102,0.4898,1.7855,0.6410,0.3590,0.3944,12698.0000,32192.0000
1700739300000,1.4044,0.5841,0.4159,1.0445,0.5109,0.4891,1.7693,0.6389,0.3611,0.3944,12698.0000,32192.0000
1700739600000,1.3906,0.5817,0.4183,1.0427,0.5105,0.4895,1.7579,0.6374,0.3626,0.3944,12698.0000,32192.0000
1700739900000,1.3906,0.5817,0.4183,1.0429,0.5105,0.4895,1.7352,0.6344,0.3656,0.3944,12698.0000,32192.0000
1700740200000,1.3524,0.5749,0.4251,1.0409,0.5100,0.4900,1.7196,0.6323,0.3677,0.3944,12698.0000,32192.0000
1700740500000,1.3245,0.5698,0.4302,1.0404,0.5099,0.4901,1.7609,0.6378,0.3622,0.3944,12698.0000,32192.0000
1700740800000,1.3574,0.5758,0.4242,1.0413,0.5101,0.4899,1.8114,0.6443,0.3557,0.3944,12698.0000,32192.0000
1700741100000,1.4033,0.5839,0.4161,1.0405,0.5099,0.4901,1.8050,0.6435,0.3565,0.3944,12698.0000,32192.0000
1700741400000,1.4184,0.5865,0.4135,1.0434,0.5106,0.4894,1.8066,0.6437,0.3563,0.3944,12698.0000,32192.0000
1700741700000,1.4102,0.5851,0.4149,1.0432,0.5106,0.4894,1.8409,0.6480,0.3520,0.3944,12698.0000,32192.0000
1700742000000,1.4325,0.5889,0.4111,1.0426,0.5104,0.4896,1.7525,0.6367,0.3633,0.3944,12698.0000,32192.0000
1700742300000,1.3491,0.5743,0.4257,1.0460,0.5112,0.4888,1.7709,0.6391,0.3609,0.3944,12698.0000,32192.0000
1700742600000,1.3702,0.5781,0.4219,1.0465,0.5114,0.4886,1.7579,0.6374,0.3626,0.3944,12698.0000,32192.0000
1700742900000,1.3579,0.5759,0.4241,1.0458,0.5112,0.4888,1.7345,0.6343,0.3657,0.3944,12698.0000,32192.0000
1700743200000,1.3447,0.5735,0.4265,1.0499,0.5122,0.4878,1.7824,0.6406,0.3594,0.3944,12698.0000,32192.0000
1700743500000,1.4015,0.5836,0.4164,1.0505,0.5123,0.4877,1.7762,0.6398,0.3602,0.3944,12698.0000,32192.0000
1700743800000,1.3781,0.5795,0.4205,1.0466,0.5114,0.4886,1.7382,0.6348,0.3652,0.3944,12698.0000,32192.0000
1700744100000,1.3742,0.5788,0.4212,1.0662,0.5160,0.4840,1.7556,0.6371,0.3629,0.3944,12698.0000,32192.0000
1700744400000,1.3815,0.5801,0.4199,1.0639,0.5155,0.4845,1.7824,0.6406,0.3594,0.3944,12698.0000,32192.0000
1700744700000,1.4021,0.5837,0.4163,1.0611,0.5148,0.4852,1.7801,0.6403,0.3597,0.3944,12698.0000,32192.0000
1700745000000,1.3964,0.5827,0.4173,1.0610,0.5148,0.4852,1.7762,0.6398,0.3602,0.3944,12698.0000,32192.0000
1700745300000,1.3969,0.5828,0.4172,1.0602,0.5146,0.4854,1.7840,0.6408,0.3592,0.3944,12698.0000,32192.0000
1700745600000,1.4044,0.5841,0.4159,1.0597,0.5145,0.4855,1.7739,0.6395,0.3605,0.3944,12698.0000,32192.0000
1700745900000,1.4004,0.5834,0.4166,1.0615,0.5149,0.4851,1.7739,0.6395,0.3605,0.3944,12698.0000,32192.0000
1700746200000,1.4004,0.5834,0.4166,1.0608,0.5148,0.4852,1.7762,0.6398,0.3602,0.3944,12698.0000,32192.0000
1700746500000,1.3918,0.5819,0.4181,1.0601,0.5146,0.4854,1.7739,0.6395,0.3605,0.3944,12698.0000,32192.0000
1700746800000,1.3895,0.5815,0.4185,1.0605,0.5147,0.4853,1.7571,0.6373,0.3627,0.3944,12698.0000,32192.0000
1700747100000,1.3753,0.5790,0.4210,1.0611,0.5148,0.4852,1.7144,0.6316,0.3684,0.3944,12698.0000,32192.0000
1700747400000,1.3480,0.5741,0.4259,1.0634,0.5154,0.4846,1.7115,0.6312,0.3688,0.3944,12698.0000,32192.0000
1700747700000,1.3068,0.5665,0.4335,1.0589,0.5143,0.4857,1.7270,0.6333,0.3667,0.3944,12698.0000,32192.0000
1700748000000,1.3256,0.5700,0.4300,1.0592,0.5144,0.4856,1.7152,0.6317,0.3683,0.3944,12698.0000,32192.0000
1700748300000,1.3105,0.5672,0.4328,1.0580,0.5141,0.4859,1.7049,0.6303,0.3697,0.3944,12698.0000,32192.0000
1700748600000,1.3020,0.5656,0.4344,1.0582,0.5141,0.4859,1.6846,0.6275,0.3725,0.3944,12698.0000,32192.0000
1700748900000,1.2889,0.5631,0.4369,1.0576,0.5140,0.4860,1.6596,0.6240,0.3760,0.3944,12698.0000,32192.0000
1700749200000,1.2671,0.5589,0.4411,1.0543,0.5132,0.4868,1.6918,0.6285,0.3715,0.3944,12698.0000,32192.0000
1700749500000,1.2852,0.5624,0.4376,1.0539,0.5131,0.4869,1.6932,0.6287,0.3713,0.3944,12698.0000,32192.0000
1700749800000,1.2815,0.5617,0.4383,1.0543,0.5132,0.4868,1.7241,0.6329,0.3671,0.3944,12698.0000,32192.0000
1700750100000,1.3148,0.5680,0.4320,1.0544,0.5132,0.4868,1.7300,0.6337,0.3663,0.3944,12698.0000,32192.0000
1700750400000,1.3234,0.5696,0.4304,1.0551,0.5134,0.4866,1.7270,0.6333,0.3667,0.3944,12698.0000,32192.0000
1700750700000,1.3332,0.5714,0.4286,1.0567,0.5138,0.4862,1.7518,0.6366,0.3634,0.3944,12698.0000,32192.0000
1700751000000,1.3458,0.5737,0.4263,1.0569,0.5138,0.4862,1.7465,0.6359,0.3641,0.3944,12698.0000,32192.0000
1700751300000,1.3375,0.5722,0.4278,1.0572,0.5139,0.4861,1.7427,0.6354,0.3646,0.3944,12698.0000,32192.0000
1700751600000,1.3430,0.5732,0.4268,1.0568,0.5138,0.4862,1.7503,0.6364,0.3636,0.3944,12698.0000,32192.0000
1700751900000,1.3485,0.5742,0.4258,1.0571,0.5139,0.4861,1.7390,0.6349,0.3651,0.3944,12698.0000,32192.0000
1700752200000,1.3447,0.5735,0.4265,1.0574,0.5139,0.4861,1.7248,0.6330,0.3670,0.3944,12698.0000,32192.0000
1700752500000,1.3414,0.5729,0.4271,1.0590,0.5143,0.4857,1.6831,0.6273,0.3727,0.3944,12698.0000,32192.0000
1700752800000,1.3031,0.5658,0.4342,1.0608,0.5147,0.4853,1.6991,0.6295,0.3705,0.3944,12698.0000,32192.0000
1700753100000,1.3111,0.5673,0.4327,1.0485,0.5118,0.4882,1.6991,0.6295,0.3705,0.3944,12698.0000,32192.0000
1700753400000,1.2983,0.5649,0.4351,1.0443,0.5108,0.4892,1.6759,0.6263,0.3737,0.3944,12698.0000,32192.0000
1700753700000,1.2821,0.5618,0.4382,1.0440,0.5108,0.4892,1.6752,0.6262,0.3738,0.3944,12698.0000,32192.0000
1700754000000,1.2857,0.5625,0.4375,1.0470,0.5115,0.4885,1.6567,0.6236,0.3764,0.3944,12698.0000,32192.0000
1700754300000,1.2712,0.5597,0.4403,1.0482,0.5118,0.4882,1.6448,0.6219,0.3781,0.3944,12698.0000,32192.0000
1700754600000,1.2533,0.5562,0.4438,1.0492,0.5120,0.4880,1.6323,0.6201,0.3799,0.3944,12698.0000,32192.0000
1700754900000,1.2599,0.5575,0.4425,1.0505,0.5123,0.4877,1.6357,0.6206,0.3794,0.3944,12698.0000,32192.0000
1700755200000,1.2533,0.5562,0.4438,1.0499,0.5122,0.4878,1.6427,0.6216,0.3784,0.3944,12698.0000,32192.0000
1700755500000,1.2589,0.5573,0.4427,1.0485,0.5118,0.4882,1.6497,0.6226,0.3774,0.3944,12698.0000,32192.0000
1700755800000,1.2738,0.5602,0.4398,1.0468,0.5114,0.4886,1.6357,0.6206,0.3794,0.3944,12698.0000,32192.0000
1700756100000,1.2630,0.5581,0.4419,1.0431,0.5106,0.4894,1.6288,0.6196,0.3804,0.3944,12698.0000,32192.0000
1700756400000,1.2517,0.5559,0.4441,1.0485,0.5118,0.4882,1.6337,0.6203,0.3797,0.3944,12698.0000,32192.0000
1700756700000,1.2614,0.5578,0.4422,1.0464,0.5113,0.4887,1.6302,0.6198,0.3802,0.3944,12698.0000,32192.0000
1700757000000,1.2482,0.5552,0.4448,1.0459,0.5112,0.4888,1.6688,0.6253,0.3747,0.3944,12698.0000,32192.0000
1700757300000,1.2800,0.5614,0.4386,1.0463,0.5113,0.4887,1.6546,0.6233,0.3767,0.3944,12698.0000,32192.0000
1700757600000,1.2763,0.5607,0.4393,1.0487,0.5119,0.4881,1.6752,0.6262,0.3738,0.3944,12698.0000,32192.0000
1700757900000,1.2952,0.5643,0.4357,1.0500,0.5122,0.4878,1.6860,0.6277,0.3723,0.3944,12698.0000,32192.0000
1700758200000,1.3026,0.5657,0.4343,1.0478,0.5117,0.4883,1.6932,0.6287,0.3713,0.3944,12698.0000,32192.0000
1700758500000,1.2821,0.5618,0.4382,1.0462,0.5113,0.4887,1.6781,0.6266,0.3734,0.3944,12698.0000,32192.0000
1700758800000,1.2957,0.5644,0.4356,1.0498,0.5121,0.4879,1.6831,0.6273,0.3727,0.3944,12698.0000,32192.0000
1700759100000,1.2989,0.5650,0.4350,1.0493,0.5120,0.4880,1.6702,0.6255,0.3745,0.3944,12698.0000,32192.0000
1700759400000,1.2847,0.5623,0.4377,1.0519,0.5126,0.4874,1.6546,0.6233,0.3767,0.3944,12698.0000,32192.0000
1700759700000,1.2779,0.5610,0.4390,1.0516,0.5126,0.4874,1.6560,0.6235,0.3765,0.3944,12698.0000,32192.0000
1700760000000,1.2774,0.5609,0.4391,1.0500,0.5122,0.4878,1.6553,0.6234,0.3766,0.3944,12698.0000,32192.0000
1700760300000,1.2743,0.5603,0.4397,1.0512,0.5125,0.4875,1.6709,0.6256,0.3744,0.3944,12698.0000,32192.0000
1700760600000,1.2774,0.5609,0.4391,1.0495,0.5121,0.4879,1.6831,0.6273,0.3727,0.3944,12698.0000,32192.0000
1700760900000,1.2920,0.5637,0.4363,1.0506,0.5123,0.4877,1.6838,0.6274,0.3726,0.3944,12698.0000,32192.0000
1700761200000,1.2889,0.5631,0.4369,1.0496,0.5121,0.4879,1.7005,0.6297,0.3703,0.3944,12698.0000,32192.0000
1700761500000,1.2957,0.5644,0.4356,1.0496,0.5121,0.4879,1.6991,0.6295,0.3705,0.3944,12698.0000,32192.0000
1700761800000,1.2941,0.5641,0.4359,1.0469,0.5115,0.4885,1.6838,0.6274,0.3726,0.3944,12698.0000,32192.0000
1700762100000,1.2910,0.5635,0.4365,1.0463,0.5113,0.4887,1.7071,0.6306,0.3694,0.3944,12698.0000,32192.0000
1700762400000,1.3010,0.5654,0.4346,1.0467,0.5114,0.4886,1.6991,0.6295,0.3705,0.3944,12698.0000,32192.0000
1700762700000,1.2973,0.5647,0.4353,1.0459,0.5112,0.4888,1.6882,0.6280,0.3720,0.3944,12698.0000,32192.0000
1700763000000,1.3004,0.5653,0.4347,1.0470,0.5115,0.4885,1.6853,0.6276,0.3724,0.3944,12698.0000,32192.0000
1700763300000,1.2983,0.5649,0.4351,1.0489,0.5119,0.4881,1.6983,0.6294,0.3706,0.3944,12698.0000,32192.0000
1700763600000,1.3052,0.5662,0.4338,1.0470,0.5115,0.4885,1.6961,0.6291,0.3709,0.3944,12698.0000,32192.0000
1700763900000,1.3036,0.5659,0.4341,1.0483,0.5118,0.4882,1.6645,0.6247,0.3753,0.3944,12698.0000,32192.0000
1700764200000,1.2899,0.5633,0.4367,1.0507,0.5124,0.4876,1.6681,0.6252,0.3748,0.3944,12698.0000,32192.0000
1700764500000,1.2779,0.5610,0.4390,1.0493,0.5120,0.4880,1.6624,0.6244,0.3756,0.3944,12698.0000,32192.0000
1700764800000,1.2852,0.5624,0.4376,1.0506,0.5123,0.4877,1.6802,0.6269,0.3731,0.3944,12698.0000,32192.0000
1700765100000,1.2883,0.5630,0.4370,1.0501,0.5122,0.4878,1.6774,0.6265,0.3735,0.3944,12698.0000,32192.0000
1700765400000,1.2815,0.5617,0.4383,1.0484,0.5118,0.4882,1.6738,0.6260,0.3740,0.3944,12698.0000,32192.0000
1700765700000,1.2815,0.5617,0.4383,1.0487,0.5119,0.4881,1.6810,0.6270,0.3730,0.3944,12698.0000,32192.0000
1700766000000,1.2883,0.5630,0.4370,1.0491,0.5120,0.4880,1.6838,0.6274,0.3726,0.3944,12698.0000,32192.0000
1700766300000,1.3015,0.5655,0.4345,1.0504,0.5123,0.4877,1.7071,0.6306,0.3694,0.3944,12698.0000,32192.0000
1700766600000,1.3052,0.5662,0.4338,1.0496,0.5121,0.4879,1.7115,0.6312,0.3688,0.3944,12698.0000,32192.0000
1700766900000,1.3026,0.5657,0.4343,1.0489,0.5119,0.4881,1.6954,0.6290,0.3710,0.3944,12698.0000,32192.0000
1700767200000,1.3175,0.5685,0.4315,1.0507,0.5124,0.4876,1.6940,0.6288,0.3712,0.3944,12698.0000,32192.0000
1700767500000,1.3202,0.5690,0.4310,1.0512,0.5125,0.4875,1.6918,0.6285,0.3715,0.3944,12698.0000,32192.0000
1700767800000,1.3143,0.5679,0.4321,1.0507,0.5124,0.4876,1.7108,0.6311,0.3689,0.3944,12698.0000,32192.0000
1700768100000,1.3111,0.5673,0.4327,1.0502,0.5122,0.4878,1.6539,0.6232,0.3768,0.3944,12698.0000,32192.0000
1700768400000,1.2743,0.5603,0.4397,1.0687,0.5166,0.4834,1.6504,0.6227,0.3773,0.3944,12698.0000,32192.0000
1700768700000,1.2599,0.5575,0.4425,1.0644,0.5156,0.4844,1.6330,0.6202,0.3798,0.3944,12698.0000,32192.0000
1700769000000,1.2427,0.5541,0.4459,1.0612,0.5148,0.4852,1.6261,0.6192,0.3808,0.3944,12698.0000,32192.0000
1700769300000,1.2396,0.5535,0.4465,1.0606,0.5147,0.4853,1.6205,0.6184,0.3816,0.3944,12698.0000,32192.0000
1700769600000,1.2306,0.5517,0.4483,1.0607,0.5147,0.4853,1.6062,0.6163,0.3837,0.3944,12698.0000,32192.0000
1700769900000,1.2178,0.5491,0.4509,1.0582,0.5141,0.4859,1.6082,0.6166,0.3834,0.3944,12698.0000,32192.0000
1700770200000,1.2207,0.5497,0.4503,1.0590,0.5143,0.4857,1.6157,0.6177,0.3823,0.3944,12698.0000,32192.0000
1700770500000,1.2134,0.5482,0.4518,1.0588,0.5143,0.4857,1.6219,0.6186,0.3814,0.3944,12698.0000,32192.0000
1700770800000,1.2227,0.5501,0.4499,1.0602,0.5146,0.4854,1.6042,0.6160,0.3840,0.3944,12698.0000,32192.0000
1700771100000,1.2188,0.5493,0.4507,1.0529,0.5129,0.4871,1.6130,0.6173,0.3827,0.3944,12698.0000,32192.0000
1700771400000,1.2371,0.5530,0.4470,1.0593,0.5144,0.4856,1.6185,0.6181,0.3819,0.3944,12698.0000,32192.0000
1700771700000,1.2467,0.5549,0.4451,1.0546,0.5133,0.4867,1.6288,0.6196,0.3804,0.3944,12698.0000,32192.0000
1700772000000,1.2594,0.5574,0.4426,1.0548,0.5133,0.4867,1.6378,0.6209,0.3791,0.3944,12698.0000,32192.0000
1700772300000,1.2676,0.5590,0.4410,1.0525,0.5128,0.4872,1.6759,0.6263,0.3737,0.3944,12698.0000,32192.0000
1700772600000,1.2769,0.5608,0.4392,1.0460,0.5112,0.4888,1.6553,0.6234,0.3766,0.3944,12698.0000,32192.0000
1700772900000,1.2691,0.5593,0.4407,1.0457,0.5112,0.4888,1.6603,0.6241,0.3759,0.3944,12698.0000,32192.0000
1700773200000,1.2841,0.5622,0.4378,1.0471,0.5115,0.4885,1.6767,0.6264,0.3736,0.3944,12698.0000,32192.0000
1700773500000,1.2826,0.5619,0.4381,1.0472,0.5115,0.4885,1.6731,0.6259,0.3741,0.3944,12698.0000,32192.0000
1700773800000,1.2743,0.5603,0.4397,1.0455,0.5111,0.4889,1.6539,0.6232,0.3768,0.3944,12698.0000,32192.0000
1700774100000,1.2701,0.5595,0.4405,1.0472,0.5115,0.4885,1.6441,0.6218,0.3782,0.3944,12698.0000,32192.0000
1700774400000,1.2619,0.5579,0.4421,1.0496,0.5121,0.4879,1.6589,0.6239,0.3761,0.3944,12698.0000,32192.0000
1700774700000,1.2701,0.5595,0.4405,1.0490,0.5120,0.4880,1.6631,0.6245,0.3755,0.3944,12698.0000,32192.0000
1700775000000,1.2795,0.5613,0.4387,1.0498,0.5121,0.4879,1.6860,0.6277,0.3723,0.3944,12698.0000,32192.0000
1700775300000,1.3010,0.5654,0.4346,1.0509,0.5124,0.4876,1.6896,0.6282,0.3718,0.3944,12698.0000,32192.0000
1700775600000,1.3127,0.5676,0.4324,1.0525,0.5128,0.4872,1.6976,0.6293,0.3707,0.3944,12698.0000,32192.0000
1700775900000,1.3111,0.5673,0.4327,1.0511,0.5125,0.4875,1.6911,0.6284,0.3716,0.3944,12698.0000,32192.0000
1700776200000,1.2738,0.5602,0.4398,1.0482,0.5118,0.4882,1.6932,0.6287,0.3713,0.3944,12698.0000,32192.0000
1700776500000,1.2904,0.5634,0.4366,1.0545,0.5133,0.4867,1.6954,0.6290,0.3710,0.3944,12698.0000,32192.0000
1700776800000,1.2805,0.5615,0.4385,1.0494,0.5121,0.4879,1.6745,0.6261,0.3739,0.3944,12698.0000,32192.0000
1700777100000,1.2676,0.5590,0.4410,1.0482,0.5118,0.4882,1.6709,0.6256,0.3744,0.3944,12698.0000,32192.0000
1700777400000,1.2758,0.5606,0.4394,1.0483,0.5118,0.4882,1.6667,0.6250,0.3750,0.3944,12698.0000,32192.0000
1700777700000,1.2722,0.5599,0.4401,1.0486,0.5119,0.4881,1.6767,0.6264,0.3736,0.3944,12698.0000,32192.0000
1700778000000,1.2645,0.5584,0.4416,1.0481,0.5117,0.4883,1.7115,0.6312,0.3688,0.3944,12698.0000,32192.0000
1700778300000,1.2910,0.5635,0.4365,1.0535,0.5130,0.4870,1.7241,0.6329,0.3671,0.3944,12698.0000,32192.0000
1700778600000,1.3261,0.5701,0.4299,1.0476,0.5116,0.4884,1.7307,0.6338,0.3662,0.3944,12698.0000,32192.0000
1700778900000,1.3191,0.5688,0.4312,1.0465,0.5114,0.4886,1.7278,0.6334,0.3666,0.3944,12698.0000,32192.0000
1700779200000,1.3213,0.5692,0.4308,1.0465,0.5114,0.4886,1.7337,0.6342,0.3658,0.3944,12698.0000,32192.0000
1700779500000,1.3272,0.5703,0.4297,1.0449,0.5110,0.4890,1.7601,0.6377,0.3623,0.3944,12698.0000,32192.0000
1700779800000,1.3513,0.5747,0.4253,1.0407,0.5100,0.4900,1.7709,0.6391,0.3609,0.3944,12698.0000,32192.0000
1700780100000,1.3480,0.5741,0.4259,1.0404,0.5099,0.4901,1.7647,0.6383,0.3617,0.3944,12698.0000,32192.0000
1700780400000,1.3447,0.5735,0.4265,1.0403,0.5099,0.4901,1.7655,0.6384,0.3616,0.3944,12698.0000,32192.0000
1700780700000,1.3414,0.5729,0.4271,1.0378,0.5093,0.4907,1.7322,0.6340,0.3660,0.3944,12698.0000,32192.0000
1700781000000,1.3170,0.5684,0.4316,1.0385,0.5094,0.4906,1.7315,0.6339,0.3661,0.3944,12698.0000,32192.0000
1700781300000,1.3143,0.5679,0.4321,1.0379,0.5093,0.4907,1.7397,0.6350,0.3650,0.3944,12698.0000,32192.0000
1700781600000,1.3213,0.5692,0.4308,1.0395,0.5097,0.4903,1.7594,0.6376,0.3624,0.3944,12698.0000,32192.0000
1700781900000,1.3267,0.5702,0.4298,1.0376,0.5092,0.4908,1.7465,0.6359,0.3641,0.3944,12698.0000,32192.0000
1700782200000,1.3213,0.5692,0.4308,1.0380,0.5093,0.4907,1.7685,0.6388,0.3612,0.3944,12698.0000,32192.0000
1700782500000,1.3332,0.5714,0.4286,1.0340,0.5084,0.4916,1.7601,0.6377,0.3623,0.3944,12698.0000,32192.0000
1700782800000,1.3403,0.5727,0.4273,1.0363,0.5089,0.4911,1.7586,0.6375,0.3625,0.3944,12698.0000,32192.0000
1700783100000,1.3370,0.5721,0.4279,1.0360,0.5088,0.4912,1.7640,0.6382,0.3618,0.3944,12698.0000,32192.0000
1700783400000,1.3348,0.5717,0.4283,1.0346,0.5085,0.4915,1.7647,0.6383,0.3617,0.3944,12698.0000,32192.0000
1700783700000,1.3513,0.5747,0.4253,1.0371,0.5091,0.4909,1.7871,0.6412,0.3588,0.3944,12698.0000,32192.0000
1700784000000,1.3776,0.5794,0.4206,1.0389,0.5095,0.4905,1.7949,0.6422,0.3578,0.3944,12698.0000,32192.0000
1700784300000,1.4067,0.5845,0.4155,1.0402,0.5098,0.4902,1.8571,0.6500,0.3500,0.3944,12698.0000,32192.0000
1700784600000,1.4789,0.5966,0.4034,1.0445,0.5109,0.4891,1.7949,0.6422,0.3578,0.3944,12698.0000,32192.0000
1700784900000,1.4085,0.5848,0.4152,1.0438,0.5107,0.4893,1.8011,0.6430,0.3570,0.3944,12698.0000,32192.0000
1700785200000,1.4033,0.5839,0.4161,1.0382,0.5094,0.4906,1.8003,0.6429,0.3571,0.3944,12698.0000,32192.0000
1700785500000,1.4027,0.5838,0.4162,1.0369,0.5091,0.4909,1.7855,0.6410,0.3590,0.3944,12698.0000,32192.0000
1700785800000,1.3946,0.5824,0.4176,1.0371,0.5091,0.4909,1.7878,0.6413,0.3587,0.3944,12698.0000,32192.0000
1700786100000,1.3849,0.5807,0.4193,1.0353,0.5087,0.4913,1.8050,0.6435,0.3565,0.3944,12698.0000,32192.0000
1700786400000,1.3981,0.5830,0.4170,1.0376,0.5092,0.4908,1.7964,0.6424,0.3576,0.3944,12698.0000,32192.0000
1700786700000,1.3969,0.5828,0.4172,1.0370,0.5091,0.4909,1.7285,0.6335,0.3665,0.3944,12698.0000,32192.0000
1700787000000,1.3502,0.5745,0.4255,1.0409,0.5100,0.4900,1.7137,0.6315,0.3685,0.3944,12698.0000,32192.0000
1700787300000,1.3175,0.5685,0.4315,1.0389,0.5095,0.4905,1.7115,0.6312,0.3688,0.3944,12698.0000,32192.0000
1700787600000,1.3364,0.5720,0.4280,1.0402,0.5099,0.4901,1.7218,0.6326,0.3674,0.3944,12698.0000,32192.0000
1700787900000,1.3294,0.5707,0.4293,1.0388,0.5095,0.4905,1.7300,0.6337,0.3663,0.3944,12698.0000,32192.0000
1700788200000,1.3364,0.5720,0.4280,1.0393,0.5096,0.4904,1.7778,0.6400,0.3600,0.3944,12698.0000,32192.0000
1700788500000,1.3691,0.5779,0.4221,1.0394,0.5097,0.4903,1.7886,0.6414,0.3586,0.3944,12698.0000,32192.0000
1700788800000,1.3844,0.5806,0.4194,1.0389,0.5095,0.4905,1.8265,0.6462,0.3538,0.3944,12698.0000,32192.0000
1700789100000,1.4319,0.5888,0.4112,1.0438,0.5107,0.4893,1.8409,0.6480,0.3520,0.3944,12698.0000,32192.0000
1700789400000,1.4396,0.5901,0.4099,1.0436,0.5107,0.4893,1.8082,0.6439,0.3561,0.3944,12698.0000,32192.0000
1700789700000,1.4102,0.5851,0.4149,1.0440,0.5108,0.4892,1.8098,0.6441,0.3559,0.3944,12698.0000,32192.0000
1700790000000,1.4149,0.5859,0.4141,1.0439,0.5108,0.4892,1.8169,0.6450,0.3550,0.3944,12698.0000,32192.0000
1700790300000,1.4102,0.5851,0.4149,1.0418,0.5102,0.4898,1.8217,0.6456,0.3544,0.3944,12698.0000,32192.0000
1700790600000,1.4149,0.5859,0.4141,1.0416,0.5102,0.4898,1.8035,0.6433,0.3567,0.3944,12698.0000,32192.0000
1700790900000,1.4096,0.5850,0.4150,1.0467,0.5114,0.4886,1.8027,0.6432,0.3568,0.3944,12698.0000,32192.0000
1700791200000,1.4301,0.5885,0.4115,1.0471,0.5115,0.4885,1.8249,0.6460,0.3540,0.3944,12698.0000,32192.0000
1700791500000,1.4728,0.5956,0.4044,1.0481,0.5117,0.4883,1.8385,0.6477,0.3523,0.3944,12698.0000,32192.0000
1700791800000,1.4722,0.5955,0.4045,1.0423,0.5104,0.4896,1.8241,0.6459,0.3541,0.3944,12698.0000,32192.0000
1700792100000,1.4649,0.5943,0.4057,1.0421,0.5103,0.4897,1.8571,0.6500,0.3500,0.3944,12698.0000,32192.0000
1700792400000,1.4832,0.5973,0.4027,1.0446,0.5109,0.4891,1.8474,0.6488,0.3512,0.3944,12698.0000,32192.0000
1700792700000,1.4618,0.5938,0.4062,1.0410,0.5100,0.4900,1.8361,0.6474,0.3526,0.3944,12698.0000,32192.0000
1700793000000,1.4618,0.5938,0.4062,1.0414,0.5101,0.4899,1.8058,0.6436,0.3564,0.3944,12698.0000,32192.0000
1700793300000,1.4462,0.5912,0.4088,1.0398,0.5097,0.4903,1.7956,0.6423,0.3577,0.3944,12698.0000,32192.0000
1700793600000,1.4384,0.5899,0.4101,1.0408,0.5100,0.4900,1.7980,0.6426,0.3574,0.3944,12698.0000,32192.0000
1700793900000,1.4408,0.5903,0.4097,1.0412,0.5101,0.4899,1.7964,0.6424,0.3576,0.3944,12698.0000,32192.0000
1700794200000,1.4284,0.5882,0.4118,1.0406,0.5100,0.4900,1.7917,0.6418,0.3582,0.3944,12698.0000,32192.0000
1700794500000,1.4219,0.5871,0.4129,1.0416,0.5102,0.4898,1.7832,0.6407,0.3593,0.3944,12698.0000,32192.0000
1700794800000,1.4166,0.5862,0.4138,1.0414,0.5101,0.4899,1.7910,0.6417,0.3583,0.3944,12698.0000,32192.0000
1700795100000,1.4195,0.5867,0.4133,1.0410,0.5100,0.4900,1.7941,0.6421,0.3579,0.3944,12698.0000,32192.0000
1700795400000,1.4172,0.5863,0.4137,1.0418,0.5102,0.4898,1.7956,0.6423,0.3577,0.3944,12698.0000,32192.0000
1700795700000,1.4108,0.5852,0.4148,1.0448,0.5110,0.4890,1.7956,0.6423,0.3577,0.3944,12698.0000,32192.0000
1700796000000,1.4149,0.5859,0.4141,1.0461,0.5113,0.4887,1.7972,0.6425,0.3575,0.3944,12698.0000,32192.0000
1700796300000,1.4120,0.5854,0.4146,1.0460,0.5112,0.4888,1.6882,0.6280,0.3720,0.3944,12698.0000,32192.0000
1700796600000,1.3191,0.5688,0.4312,1.0532,0.5130,0.4870,1.7405,0.6351,0.3649,0.3944,12698.0000,32192.0000
1700796900000,1.3793,0.5797,0.4203,1.0538,0.5131,0.4869,1.7495,0.6363,0.3637,0.3944,12698.0000,32192.0000
1700797200000,1.3764,0.5792,0.4208,1.0530,0.5129,0.4871,1.7495,0.6363,0.3637,0.3944,12698.0000,32192.0000
1700797500000,1.3697,0.5780,0.4220,1.0513,0.5125,0.4875,1.7563,0.6372,0.3628,0.3944,12698.0000,32192.0000
1700797800000,1.3764,0.5792,0.4208,1.0509,0.5124,0.4876,1.7685,0.6388,0.3612,0.3944,12698.0000,32192.0000
1700798100000,1.3759,0.5791,0.4209,1.0501,0.5122,0.4878,1.7617,0.6379,0.3621,0.3944,12698.0000,32192.0000
1700798400000,1.3708,0.5782,0.4218,1.0501,0.5122,0.4878,1.7685,0.6388,0.3612,0.3944,12698.0000,32192.0000
1700798700000,1.3793,0.5797,0.4203,1.0503,0.5123,0.4877,1.7824,0.6406,0.3594,0.3944,12698.0000,32192.0000
1700799000000,1.3935,0.5822,0.4178,1.0504,0.5123,0.4877,1.7755,0.6397,0.3603,0.3944,12698.0000,32192.0000
1700799300000,1.4056,0.5843,0.4157,1.0521,0.5127,0.4873,1.7601,0.6377,0.3623,0.3944,12698.0000,32192.0000
1700799600000,1.3861,0.5809,0.4191,1.0507,0.5124,0.4876,1.7601,0.6377,0.3623,0.3944,12698.0000,32192.0000
1700799900000,1.3861,0.5809,0.4191,1.0513,0.5125,0.4875,1.7563,0.6372,0.3628,0.3944,12698.0000,32192.0000
1700800200000,1.3827,0.5803,0.4197,1.0514,0.5125,0.4875,1.7762,0.6398,0.3602,0.3944,12698.0000,32192.0000
1700800500000,1.3952,0.5825,0.4175,1.0505,0.5123,0.4877,1.7732,0.6394,0.3606,0.3944,12698.0000,32192.0000
1700800800000,1.3987,0.5831,0.4169,1.0509,0.5124,0.4876,1.7640,0.6382,0.3618,0.3944,12698.0000,32192.0000
1700801100000,1.3895,0.5815,0.4185,1.0510,0.5124,0.4876,1.7663,0.6385,0.3615,0.3944,12698.0000,32192.0000
1700801400000,1.3929,0.5821,0.4179,1.0506,0.5123,0.4877,1.7732,0.6394,0.3606,0.3944,12698.0000,32192.0000
1700801700000,1.3929,0.5821,0.4179,1.0498,0.5122,0.4878,1.7801,0.6403,0.3597,0.3944,12698.0000,32192.0000
1700802000000,1.3987,0.5831,0.4169,1.0498,0.5122,0.4878,1.7709,0.6391,0.3609,0.3944,12698.0000,32192.0000
1700802300000,1.3952,0.5825,0.4175,1.0511,0.5124,0.4876,1.8417,0.6481,0.3519,0.3944,12698.0000,32192.0000
1700802600000,1.4588,0.5933,0.4067,1.0530,0.5129,0.4871,1.7980,0.6426,0.3574,0.3944,12698.0000,32192.0000
1700802900000,1.4178,0.5864,0.4136,1.0534,0.5130,0.4870,1.7840,0.6408,0.3592,0.3944,12698.0000,32192.0000
1700803200000,1.4166,0.5862,0.4138,1.0547,0.5133,0.4867,1.7855,0.6410,0.3590,0.3944,12698.0000,32192.0000
1700803500000,1.4143,0.5858,0.4142,1.0548,0.5133,0.4867,1.7941,0.6421,0.3579,0.3944,12698.0000,32192.0000
1700803800000,1.4166,0.5862,0.4138,1.0535,0.5130,0.4870,1.7878,0.6413,0.3587,0.3944,12698.0000,32192.0000
1700804100000,1.4178,0.5864,0.4136,1.0565,0.5137,0.4863,1.8161,0.6449,0.3551,0.3944,12698.0000,32192.0000
1700804400000,1.4552,0.5927,0.4073,1.0471,0.5115,0.4885,1.8281,0.6464,0.3536,0.3944,12698.0000,32192.0000
1700804700000,1.4649,0.5943,0.4057,1.0477,0.5116,0.4884,1.8019,0.6431,0.3569,0.3944,12698.0000,32192.0000
1700805000000,1.4456,0.5911,0.4089,1.0517,0.5126,0.4874,1.8090,0.6440,0.3560,0.3944,12698.0000,32192.0000
1700805300000,1.4498,0.5918,0.4082,1.0523,0.5127,0.4873,1.8321,0.6469,0.3531,0.3944,12698.0000,32192.0000
1700805600000,1.4510,0.5920,0.4080,1.0446,0.5109,0.4891,1.8345,0.6472,0.3528,0.3944,12698.0000,32192.0000
1700805900000,1.4558,0.5928,0.4072,1.0445,0.5109,0.4891,1.8249,0.6460,0.3540,0.3944,12698.0000,32192.0000
1700806200000,1.4372,0.5897,0.4103,1.0447,0.5109,0.4891,1.8003,0.6429,0.3571,0.3944,12698.0000,32192.0000
1700806500000,1.4254,0.5877,0.4123,1.0539,0.5131,0.4869,1.8058,0.6436,0.3564,0.3944,12698.0000,32192.0000
1700806800000,1.4213,0.5870,0.4130,1.0530,0.5129,0.4871,1.8035,0.6433,0.3567,0.3944,12698.0000,32192.0000
1700807100000,1.4213,0.5870,0.4130,1.0527,0.5128,0.4872,1.8241,0.6459,0.3541,0.3944,12698.0000,32192.0000
1700807400000,1.4408,0.5903,0.4097,1.0527,0.5128,0.4872,1.7980,0.6426,0.3574,0.3944,12698.0000,32192.0000
1700807700000,1.4266,0.5879,0.4121,1.0575,0.5140,0.4860,1.8321,0.6469,0.3531,0.3944,12698.0000,32192.0000
1700808000000,1.4242,0.5875,0.4125,1.0488,0.5119,0.4881,1.8474,0.6488,0.3512,0.3944,12698.0000,32192.0000
1700808300000,1.4402,0.5902,0.4098,1.0474,0.5116,0.4884,1.8466,0.6487,0.3513,0.3944,12698.0000,32192.0000
1700808600000,1.4361,0.5895,0.4105,1.0484,0.5118,0.4882,1.8273,0.6463,0.3537,0.3944,12698.0000,32192.0000
1700808900000,1.4337,0.5891,0.4109,1.0518,0.5126,0.4874,1.8265,0.6462,0.3538,0.3944,12698.0000,32192.0000
1700809200000,1.4361,0.5895,0.4105,1.0521,0.5127,0.4873,1.8321,0.6469,0.3531,0.3944,12698.0000,32192.0000
1700809500000,1.4402,0.5902,0.4098,1.0520,0.5127,0.4873,1.8433,0.6483,0.3517,0.3944,12698.0000,32192.0000
1700809800000,1.4372,0.5897,0.4103,1.0496,0.5121,0.4879,1.8450,0.6485,0.3515,0.3944,12698.0000,32192.0000
1700810100000,1.4432,0.5907,0.4093,1.0505,0.5123,0.4877,1.8281,0.6464,0.3536,0.3944,12698.0000,32192.0000
1700810400000,1.4492,0.5917,0.4083,1.0565,0.5137,0.4863,1.8313,0.6468,0.3532,0.3944,12698.0000,32192.0000
1700810700000,1.4492,0.5917,0.4083,1.0571,0.5139,0.4861,1.8305,0.6467,0.3533,0.3944,12698.0000,32192.0000
1700811000000,1.4456,0.5911,0.4089,1.0569,0.5138,0.4862,1.8098,0.6441,0.3559,0.3944,12698.0000,32192.0000
1700811300000,1.4325,0.5889,0.4111,1.0564,0.5137,0.4863,1.8345,0.6472,0.3528,0.3944,12698.0000,32192.0000
1700811600000,1.4372,0.5897,0.4103,1.0522,0.5127,0.4873,1.8482,0.6489,0.3511,0.3944,12698.0000,32192.0000
1700811900000,1.4408,0.5903,0.4097,1.0506,0.5123,0.4877,1.8137,0.6446,0.3554,0.3944,12698.0000,32192.0000
1700812200000,1.4190,0.5866,0.4134,1.0489,0.5119,0.4881,1.8297,0.6466,0.3534,0.3944,12698.0000,32192.0000
1700812500000,1.4313,0.5887,0.4113,1.0492,0.5120,0.4880,1.8209,0.6455,0.3545,0.3944,12698.0000,32192.0000
1700812800000,1.4237,0.5874,0.4126,1.0499,0.5122,0.4878,1.8209,0.6455,0.3545,0.3944,12698.0000,32192.0000
1700813100000,1.4307,0.5886,0.4114,1.0510,0.5124,0.4876,1.8514,0.6493,0.3507,0.3944,12698.0000,32192.0000
1700813400000,1.4534,0.5924,0.4076,1.0527,0.5128,0.4872,1.8498,0.6491,0.3509,0.3944,12698.0000,32192.0000
1700813700000,1.4558,0.5928,0.4072,1.0493,0.5120,0.4880,1.8736,0.6520,0.3480,0.3944,12698.0000,32192.0000
1700814000000,1.4631,0.5940,0.4060,1.0471,0.5115,0.4885,1.8703,0.6516,0.3484,0.3944,12698.0000,32192.0000
1700814300000,1.4673,0.5947,0.4053,1.0487,0.5119,0.4881,1.8703,0.6516,0.3484,0.3944,12698.0000,32192.0000
1700814600000,1.4655,0.5944,0.4056,1.0495,0.5121,0.4879,1.8498,0.6491,0.3509,0.3944,12698.0000,32192.0000
1700814900000,1.4594,0.5934,0.4066,1.0531,0.5129,0.4871,1.8474,0.6488,0.3512,0.3944,12698.0000,32192.0000
1700815200000,1.4444,0.5909,0.4091,1.0510,0.5124,0.4876,1.8523,0.6494,0.3506,0.3944,12698.0000,32192.0000
1700815500000,1.4594,0.5934,0.4066,1.0530,0.5129,0.4871,1.8653,0.6510,0.3490,0.3944,12698.0000,32192.0000
1700815800000,1.4691,0.5950,0.4050,1.0529,0.5129,0.4871,1.8835,0.6532,0.3468,0.3944,12698.0000,32192.0000
1700816100000,1.4752,0.5960,0.4040,1.0528,0.5129,0.4871,1.8794,0.6527,0.3473,0.3944,12698.0000,32192.0000
1700816400000,1.4746,0.5959,0.4041,1.0566,0.5138,0.4862,1.8612,0.6505,0.3495,0.3944,12698.0000,32192.0000
1700816700000,1.4402,0.5902,0.4098,1.0520,0.5127,0.4873,1.8555,0.6498,0.3502,0.3944,12698.0000,32192.0000
1700817000000,1.4313,0.5887,0.4113,1.0502,0.5123,0.4877,1.8337,0.6471,0.3529,0.3944,12698.0000,32192.0000
1700817300000,1.4143,0.5858,0.4142,1.0472,0.5115,0.4885,1.8027,0.6432,0.3568,0.3944,12698.0000,32192.0000
1700817600000,1.4091,0.5849,0.4151,1.0438,0.5107,0.4893,1.8003,0.6429,0.3571,0.3944,12698.0000,32192.0000
1700817900000,1.3998,0.5833,0.4167,1.0344,0.5085,0.4915,1.7755,0.6397,0.3603,0.3944,12698.0000,32192.0000
1700818200000,1.3685,0.5778,0.4222,1.0306,0.5075,0.4925,1.7724,0.6393,0.3607,0.3944,12698.0000,32192.0000
1700818500000,1.3753,0.5790,0.4210,1.0328,0.5081,0.4919,1.7211,0.6325,0.3675,0.3944,12698.0000,32192.0000
1700818800000,1.3354,0.5718,0.4282,1.0274,0.5068,0.4932,1.6969,0.6292,0.3708,0.3944,12698.0000,32192.0000
1700819100000,1.3015,0.5655,0.4345,1.0264,0.5065,0.4935,1.7855,0.6410,0.3590,0.3944,12698.0000,32192.0000
1700819400000,1.3964,0.5827,0.4173,1.0316,0.5078,0.4922,1.7655,0.6384,0.3616,0.3944,12698.0000,32192.0000
1700819700000,1.3880,0.5813,0.4188,1.0333,0.5082,0.4918,1.7624,0.6380,0.3620,0.3944,12698.0000,32192.0000
1700820000000,1.3958,0.5826,0.4174,1.0368,0.5090,0.4910,1.7670,0.6386,0.3614,0.3944,12698.0000,32192.0000
1700820300000,1.3975,0.5829,0.4171,1.0367,0.5090,0.4910,1.7663,0.6385,0.3615,0.3944,12698.0000,32192.0000
1700820600000,1.3901,0.5816,0.4184,1.0346,0.5085,0.4915,1.7510,0.6365,0.3635,0.3944,12698.0000,32192.0000
1700820900000,1.3793,0.5797,0.4203,1.0340,0.5084,0.4916,1.7533,0.6368,0.3632,0.3944,12698.0000,32192.0000
1700821200000,1.3708,0.5782,0.4218,1.0311,0.5076,0.4924,1.7801,0.6403,0.3597,0.3944,12698.0000,32192.0000
1700821500000,1.4073,0.5846,0.4154,1.0300,0.5074,0.4926,1.8305,0.6467,0.3533,0.3944,12698.0000,32192.0000
1700821800000,1.4624,0.5939,0.4061,1.0338,0.5083,0.4917,1.7709,0.6391,0.3609,0.3944,12698.0000,32192.0000
1700822100000,1.3992,0.5832,0.4168,1.0334,0.5082,0.4918,1.7809,0.6404,0.3596,0.3944,12698.0000,32192.0000
1700822400000,1.4015,0.5836,0.4164,1.0323,0.5080,0.4920,1.7541,0.6369,0.3631,0.3944,12698.0000,32192.0000
1700822700000,1.3810,0.5800,0.4200,1.0324,0.5080,0.4920,1.7503,0.6364,0.3636,0.3944,12698.0000,32192.0000
1700823000000,1.3827,0.5803,0.4197,1.0312,0.5077,0.4923,1.7701,0.6390,0.3610,0.3944,12698.0000,32192.0000
1700823300000,1.3981,0.5830,0.4170,1.0308,0.5076,0.4924,1.7248,0.6330,0.3670,0.3944,12698.0000,32192.0000
1700823600000,1.3680,0.5777,0.4223,1.0344,0.5085,0.4915,1.7863,0.6411,0.3589,0.3944,12698.0000,32192.0000
1700823900000,1.4131,0.5856,0.4144,1.0315,0.5078,0.4922,1.8711,0.6517,0.3483,0.3944,12698.0000,32192.0000
1700824200000,1.4740,0.5958,0.4042,1.0500,0.5122,0.4878,1.8090,0.6440,0.3560,0.3944,12698.0000,32192.0000
1700824500000,1.4266,0.5879,0.4121,1.0534,0.5130,0.4870,1.8241,0.6459,0.3541,0.3944,12698.0000,32192.0000
1700824800000,1.4361,0.5895,0.4105,1.0524,0.5128,0.4872,1.8289,0.6465,0.3535,0.3944,12698.0000,32192.0000
1700825100000,1.4343,0.5892,0.4108,1.0521,0.5127,0.4873,1.7525,0.6367,0.3633,0.3944,12698.0000,32192.0000
1700825400000,1.3652,0.5772,0.4228,1.0588,0.5143,0.4857,1.7840,0.6408,0.3592,0.3944,12698.0000,32192.0000
1700825700000,1.3674,0.5776,0.4224,1.0464,0.5113,0.4887,1.8027,0.6432,0.3568,0.3944,12698.0000,32192.0000
1700826000000,1.3708,0.5782,0.4218,1.0474,0.5116,0.4884,1.8620,0.6506,0.3494,0.3944,12698.0000,32192.0000
1700826300000,1.3827,0.5803,0.4197,1.0418,0.5102,0.4898,1.8785,0.6526,0.3474,0.3944,12698.0000,32192.0000
1700826600000,1.3889,0.5814,0.4186,1.0475,0.5116,0.4884,1.8802,0.6528,0.3472,0.3944,12698.0000,32192.0000
1700826900000,1.3832,0.5804,0.4196,1.0473,0.5115,0.4885,1.8752,0.6522,0.3478,0.3944,12698.0000,32192.0000
1700827200000,1.3719,0.5784,0.4216,1.0484,0.5118,0.4882,1.9560,0.6617,0.3383,0.3944,12698.0000,32192.0000
1700827500000,1.4044,0.5841,0.4159,1.0394,0.5097,0.4903,1.9682,0.6631,0.3369,0.3944,12698.0000,32192.0000
1700827800000,1.3992,0.5832,0.4168,1.0368,0.5090,0.4910,1.9744,0.6638,0.3362,0.3944,12698.0000,32192.0000
1700828100000,1.3946,0.5824,0.4176,1.0361,0.5089,0.4911,1.9665,0.6629,0.3371,0.3944,12698.0000,32192.0000
1700828400000,1.3912,0.5818,0.4182,1.0316,0.5078,0.4922,1.9638,0.6626,0.3374,0.3944,12698.0000,32192.0000
1700828700000,1.3935,0.5822,0.4178,1.0344,0.5084,0.4916,1.9860,0.6651,0.3349,0.3944,12698.0000,32192.0000
1700829000000,1.4108,0.5852,0.4148,1.0338,0.5083,0.4917,1.9931,0.6659,0.3341,0.3944,12698.0000,32192.0000
1700829300000,1.4120,0.5854,0.4146,1.0342,0.5084,0.4916,1.9895,0.6655,0.3345,0.3944,12698.0000,32192.0000
1700829600000,1.4102,0.5851,0.4149,1.0318,0.5078,0.4922,2.0202,0.6689,0.3311,0.3944,12698.0000,32192.0000
1700829900000,1.4278,0.5881,0.4119,1.0337,0.5083,0.4917,2.0423,0.6713,0.3287,0.3944,12698.0000,32192.0000
1700830200000,1.4378,0.5898,0.4102,1.0334,0.5082,0.4918,2.0572,0.6729,0.3271,0.3944,12698.0000,32192.0000
1700830500000,1.4420,0.5905,0.4095,1.0318,0.5078,0.4922,2.1526,0.6828,0.3172,0.3944,12698.0000,32192.0000
1700830800000,1.5536,0.6084,0.3916,1.0328,0.5081,0.4919,2.1447,0.6820,0.3180,0.3944,12698.0000,32192.0000
1700831100000,1.5595,0.6093,0.3907,1.0332,0.5082,0.4918,2.1526,0.6828,0.3172,0.3944,12698.0000,32192.0000
1700831400000,1.5517,0.6081,0.3919,1.0313,0.5077,0.4923,2.1626,0.6838,0.3162,0.3944,12698.0000,32192.0000
1700831700000,1.5510,0.6080,0.3920,1.0302,0.5074,0.4926,2.1466,0.6822,0.3178,0.3944,12698.0000,32192.0000
1700832000000,1.5394,0.6062,0.3938,1.0310,0.5076,0.4924,2.0960,0.6770,0.3230,0.3944,12698.0000,32192.0000
1700832300000,1.4746,0.5959,0.4041,1.0302,0.5074,0.4926,2.0590,0.6731,0.3269,0.3944,12698.0000,32192.0000
1700832600000,1.4462,0.5912,0.4088,1.0315,0.5077,0.4923,2.0321,0.6702,0.3298,0.3944,12698.0000,32192.0000
1700832900000,1.4420,0.5905,0.4095,1.0328,0.5081,0.4919,2.0285,0.6698,0.3302,0.3944,12698.0000,32192.0000
1700833200000,1.4343,0.5892,0.4108,1.0355,0.5087,0.4913,2.0230,0.6692,0.3308,0.3944,12698.0000,32192.0000
1700833500000,1.4343,0.5892,0.4108,1.0364,0.5089,0.4911,2.0497,0.6721,0.3279,0.3944,12698.0000,32192.0000
1700833800000,1.4361,0.5895,0.4105,1.0354,0.5087,0.4913,2.0516,0.6723,0.3277,0.3944,12698.0000,32192.0000
1700834100000,1.4504,0.5919,0.4081,1.0345,0.5085,0.4915,2.0553,0.6727,0.3273,0.3944,12698.0000,32192.0000
1700834400000,1.4558,0.5928,0.4072,1.0350,0.5086,0.4914,2.0544,0.6726,0.3274,0.3944,12698.0000,32192.0000
1700834700000,1.4456,0.5911,0.4089,1.0349,0.5086,0.4914,2.0694,0.6742,0.3258,0.3944,12698.0000,32192.0000
1700835000000,1.4450,0.5910,0.4090,1.0339,0.5083,0.4917,2.0931,0.6767,0.3233,0.3944,12698.0000,32192.0000
1700835300000,1.4765,0.5962,0.4038,1.0353,0.5087,0.4913,2.0516,0.6723,0.3277,0.3944,12698.0000,32192.0000
1700835600000,1.4618,0.5938,0.4062,1.0370,0.5091,0.4909,2.0760,0.6749,0.3251,0.3944,12698.0000,32192.0000
1700835900000,1.4643,0.5942,0.4058,1.0364,0.5089,0.4911,2.0807,0.6754,0.3246,0.3944,12698.0000,32192.0000
1700836200000,1.4655,0.5944,0.4056,1.0337,0.5083,0.4917,2.0713,0.6744,0.3256,0.3944,12698.0000,32192.0000
1700836500000,1.4643,0.5942,0.4058,1.0338,0.5083,0.4917,2.1221,0.6797,0.3203,0.3944,12698.0000,32192.0000
1700836800000,1.4963,0.5994,0.4006,1.0351,0.5086,0.4914,2.1095,0.6784,0.3216,0.3944,12698.0000,32192.0000
1700837100000,1.4919,0.5987,0.4013,1.0362,0.5089,0.4911,2.0864,0.6760,0.3240,0.3944,12698.0000,32192.0000
1700837400000,1.4444,0.5909,0.4091,1.0343,0.5084,0.4916,2.0893,0.6763,0.3237,0.3944,12698.0000,32192.0000
1700837700000,1.4450,0.5910,0.4090,1.0323,0.5079,0.4921,2.1046,0.6779,0.3221,0.3944,12698.0000,32192.0000
1700838000000,1.4606,0.5936,0.4064,1.0332,0.5082,0.4918,2.1133,0.6788,0.3212,0.3944,12698.0000,32192.0000
1700838300000,1.4826,0.5972,0.4028,1.0336,0.5083,0.4917,2.1260,0.6801,0.3199,0.3944,12698.0000,32192.0000
1700838600000,1.4759,0.5961,0.4039,1.0328,0.5081,0.4919,2.1270,0.6802,0.3198,0.3944,12698.0000,32192.0000
1700838900000,1.4752,0.5960,0.4040,1.0319,0.5078,0.4922,2.0931,0.6767,0.3233,0.3944,12698.0000,32192.0000
1700839200000,1.4643,0.5942,0.4058,1.0361,0.5089,0.4911,2.1104,0.6785,0.3215,0.3944,12698.0000,32192.0000
1700839500000,1.4582,0.5932,0.4068,1.0329,0.5081,0.4919,2.1299,0.6805,0.3195,0.3944,12698.0000,32192.0000
1700839800000,1.4808,0.5969,0.4031,1.0336,0.5083,0.4917,2.1066,0.6781,0.3219,0.3944,12698.0000,32192.0000
1700840100000,1.4679,0.5948,0.4052,1.0356,0.5088,0.4912,2.1857,0.6861,0.3139,0.3944,12698.0000,32192.0000
1700840400000,1.5336,0.6053,0.3947,1.0395,0.5097,0.4903,2.2520,0.6925,0.3075,0.3944,12698.0000,32192.0000
1700840700000,1.6350,0.6205,0.3795,1.0425,0.5104,0.4896,2.2072,0.6882,0.3118,0.3944,12698.0000,32192.0000
1700841000000,1.6247,0.6190,0.3810,1.0474,0.5116,0.4884,2.2123,0.6887,0.3113,0.3944,12698.0000,32192.0000
1700841300000,1.6344,0.6204,0.3796,1.0473,0.5116,0.4884,2.2072,0.6882,0.3118,0.3944,12698.0000,32192.0000
1700841600000,1.6233,0.6188,0.3812,1.0473,0.5116,0.4884,2.1827,0.6858,0.3142,0.3944,12698.0000,32192.0000
1700841900000,1.6028,0.6158,0.3842,1.0469,0.5115,0.4885,2.1980,0.6873,0.3127,0.3944,12698.0000,32192.0000
1700842200000,1.6144,0.6175,0.3825,1.0461,0.5113,0.4887,2.2082,0.6883,0.3117,0.3944,12698.0000,32192.0000
1700842500000,1.6130,0.6173,0.3827,1.0474,0.5116,0.4884,2.2062,0.6881,0.3119,0.3944,12698.0000,32192.0000
1700842800000,1.6137,0.6174,0.3826,1.0460,0.5112,0.4888,2.2342,0.6908,0.3092,0.3944,12698.0000,32192.0000
1700843100000,1.6413,0.6214,0.3786,1.0478,0.5117,0.4883,2.2051,0.6880,0.3120,0.3944,12698.0000,32192.0000
1700843400000,1.6350,0.6205,0.3795,1.0512,0.5125,0.4875,2.1918,0.6867,0.3133,0.3944,12698.0000,32192.0000
1700843700000,1.6309,0.6199,0.3801,1.0501,0.5122,0.4878,2.1908,0.6866,0.3134,0.3944,12698.0000,32192.0000
1700844000000,1.6323,0.6201,0.3799,1.0495,0.5121,0.4879,2.1918,0.6867,0.3133,0.3944,12698.0000,32192.0000
1700844300000,1.6357,0.6206,0.3794,1.0488,0.5119,0.4881,2.1556,0.6831,0.3169,0.3944,12698.0000,32192.0000
1700844600000,1.6240,0.6189,0.3811,1.0548,0.5133,0.4867,2.1387,0.6814,0.3186,0.3944,12698.0000,32192.0000
1700844900000,1.5833,0.6129,0.3871,1.0506,0.5123,0.4877,2.0893,0.6763,0.3237,0.3944,12698.0000,32192.0000
1700845200000,1.5278,0.6044,0.3956,1.0442,0.5108,0.4892,2.0893,0.6763,0.3237,0.3944,12698.0000,32192.0000
1700845500000,1.5145,0.6023,0.3977,1.0419,0.5103,0.4897,2.0836,0.6757,0.3243,0.3944,12698.0000,32192.0000
1700845800000,1.5075,0.6012,0.3988,1.0399,0.5098,0.4902,2.0836,0.6757,0.3243,0.3944,12698.0000,32192.0000
1700846100000,1.5006,0.6001,0.3999,1.0382,0.5094,0.4906,2.0931,0.6767,0.3233,0.3944,12698.0000,32192.0000
1700846400000,1.5069,0.6011,0.3989,1.0374,0.5092,0.4908,2.0931,0.6767,0.3233,0.9938,32135.0000,32335.0000
1700846700000,1.5214,0.6034,0.3966,1.0374,0.5092,0.4908,2.1017,0.6776,0.3224,0.3389,32375.0000,95535.0000
1700847000000,1.5310,0.6049,0.3951,1.0383,0.5094,0.4906,2.1017,0.6776,0.3224,0.7630,27695.0000,36297.0000
1700847300000,1.5381,0.6060,0.3940,1.0389,0.5095,0.4905,2.1075,0.6782,0.3218,0.5522,5926.0000,10731.0000
1700847600000,1.5523,0.6082,0.3918,1.0418,0.5102,0.4898,2.1075,0.6782,0.3218,0.4214,19362.0000,45952.0000
1700847900000,1.5523,0.6082,0.3918,1.0404,0.5099,0.4901,2.0921,0.6766,0.3234,0.1943,7714.0000,39704.0000
1700848200000,1.5478,0.6075,0.3925,1.0404,0.5099,0.4901,2.0921,0.6766,0.3234,0.3171,20213.0000,63738.0000
1700848500000,1.5394,0.6062,0.3938,1.0397,0.5097,0.4903,2.0750,0.6748,0.3252,3.1446,20858.0000,6633.0000
1700848800000,1.5381,0.6060,0.3940,1.0400,0.5098,0.4902,2.0750,0.6748,0.3252,1.0040,9080.0000,9044.0000
1700849400000,1.5297,0.6047,0.3953,1.0387,0.5095,0.4905,2.0760,0.6749,0.3251,1.4350,17726.0000,12353.0000
1700849400000,1.5297,0.6047,0.3953,1.0387,0.5095,0.4905,2.0760,0.6749,0.3251,1.5185,34742.0000,22879.0000
1700850000000,1.5094,0.6015,0.3985,1.0382,0.5094,0.4906,2.0684,0.6741,0.3259,1.4971,57155.0000,38178.0000
1700850000000,1.5094,0.6015,0.3985,1.0382,0.5094,0.4906,2.0684,0.6741,0.3259,0.5532,10925.0000,19749.0000
1700850600000,1.5082,0.6013,0.3987,1.0347,0.5085,0.4915,2.0950,0.6769,0.3231,0.5532,10925.0000,19749.0000
1700850600000,1.5082,0.6013,0.3987,1.0347,0.5085,0.4915,2.0950,0.6769,0.3231,2.6870,41423.0000,15416.0000
1700851200000,1.4802,0.5968,0.4032,1.0309,0.5076,0.4924,2.0534,0.6725,0.3275,0.5494,33543.0000,61054.0000
1700851200000,1.4802,0.5968,0.4032,1.0309,0.5076,0.4924,2.0506,0.6722,0.3278,0.9397,58375.0000,62120.0000
1700851800000,1.4783,0.5965,0.4035,1.0314,0.5077,0.4923,2.0647,0.6737,0.3263,1.0356,28652.0000,27667.0000
1700851800000,1.4783,0.5965,0.4035,1.0314,0.5077,0.4923,2.0581,0.6730,0.3270,0.9470,16756.0000,17694.0000
1700852400000,1.4826,0.5972,0.4028,1.0328,0.5081,0.4919,2.0581,0.6730,0.3270,0.8927,15198.0000,17025.0000
1700852400000,1.4826,0.5972,0.4028,1.0328,0.5081,0.4919,2.0656,0.6738,0.3262,2.2108,26384.0000,11934.0000
1700853000000,1.4734,0.5957,0.4043,1.0326,0.5080,0.4920,2.0656,0.6738,0.3262,1.7039,21120.0000,12395.0000
1700853000000,1.4734,0.5957,0.4043,1.0326,0.5080,0.4920,2.0544,0.6726,0.3274,0.5954,24458.0000,41081.0000
1700853600000,1.4600,0.5935,0.4065,1.0311,0.5077,0.4923,2.0544,0.6726,0.3274,2.5911,31910.0000,12315.0000
1700853600000,1.4600,0.5935,0.4065,1.0311,0.5077,0.4923,2.0451,0.6716,0.3284,1.5568,17478.0000,11227.0000
1700854200000,1.4498,0.5918,0.4082,1.0320,0.5079,0.4921,2.0451,0.6716,0.3284,0.2186,12490.0000,57139.0000
1700854200000,1.4498,0.5918,0.4082,1.0320,0.5079,0.4921,2.0367,0.6707,0.3293,1.5843,21173.0000,13364.0000
1700854800000,1.4606,0.5936,0.4064,1.0331,0.5081,0.4919,2.0506,0.6722,0.3278,0.5289,5029.0000,9508.0000
1700854800000,1.4606,0.5936,0.4064,1.0331,0.5081,0.4919,2.0367,0.6707,0.3293,1.0029,15007.0000,14964.0000
1700855400000,1.4667,0.5946,0.4054,1.0334,0.5082,0.4918,2.0294,0.6699,0.3301,2.4977,8275.0000,3313.0000
1700855400000,1.4667,0.5946,0.4054,1.0334,0.5082,0.4918,2.0432,0.6714,0.3286,1.0317,12829.0000,12435.0000
1700856000000,1.4600,0.5935,0.4065,1.0328,0.5081,0.4919,2.0395,0.6710,0.3290,3.5357,15610.0000,4415.0000
1700856000000,1.4600,0.5935,0.4065,1.0328,0.5081,0.4919,2.0395,0.6710,0.3290,1.9271,9934.0000,5155.0000
1700856300000,1.4540,0.5925,0.4075,1.0359,0.5088,0.4912,2.0414,0.6712,0.3288,0.4773,22108.0000,46315.0000
1700856600000,1.4649,0.5943,0.4057,1.0358,0.5088,0.4912,2.0414,0.6712,0.3288,2.9697,16666.0000,5612.0000
1700857200000,1.4988,0.5998,0.4002,1.0386,0.5095,0.4905,2.0750,0.6748,0.3252,0.8543,15115.0000,17692.0000
1700857200000,1.4988,0.5998,0.4002,1.0386,0.5095,0.4905,2.0750,0.6748,0.3252,0.3160,22063.0000,69822.0000
1700857500000,1.4900,0.5984,0.4016,1.0363,0.5089,0.4911,2.0807,0.6754,0.3246,5.1435,26911.0000,5232.0000
1700857800000,1.4888,0.5982,0.4018,1.0362,0.5089,0.4911,2.0807,0.6754,0.3246,1.2857,8708.0000,6773.0000
1700858100000,1.5038,0.6006,0.3994,1.0366,0.5090,0.4910,2.0969,0.6771,0.3229,0.6544,3990.0000,6097.0000
1700858400000,1.5025,0.6004,0.3996,1.0366,0.5090,0.4910,2.0969,0.6771,0.3229,1.5916,17135.0000,10766.0000
1700858700000,1.4963,0.5994,0.4006,1.0366,0.5090,0.4910,2.0931,0.6767,0.3233,1.2649,4283.0000,3386.0000
1700859000000,1.4907,0.5985,0.4015,1.0341,0.5084,0.4916,2.0741,0.6747,0.3253,8.0232,35615.0000,4439.0000
1700859300000,1.5056,0.6009,0.3991,1.0331,0.5081,0.4919,2.0969,0.6771,0.3229,1.4439,32932.0000,22808.0000
1700859600000,1.5044,0.6007,0.3993,1.0357,0.5088,0.4912,2.0788,0.6752,0.3248,0.7234,54763.0000,75700.0000
1700859900000,1.5006,0.6001,0.3999,1.0366,0.5090,0.4910,2.0694,0.6742,0.3258,0.7007,25276.0000,36071.0000
1700860500000,1.5038,0.6006,0.3994,1.0370,0.5091,0.4909,2.0703,0.6743,0.3257,0.2708,3218.0000,11884.0000
1700860500000,1.5038,0.6006,0.3994,1.0370,0.5091,0.4909,2.0703,0.6743,0.3257,0.8515,15473.0000,18171.0000
1700861100000,1.5000,0.6000,0.4000,1.0367,0.5090,0.4910,2.0600,0.6732,0.3268,0.7900,12673.0000,16041.0000
1700861100000,1.5000,0.6000,0.4000,1.0367,0.5090,0.4910,2.0600,0.6732,0.3268,0.2517,4061.0000,16132.0000
1700861700000,1.5000,0.6000,0.4000,1.0362,0.5089,0.4911,2.0647,0.6737,0.3263,1.5648,21482.0000,13728.0000
1700862300000,1.5000,0.6000,0.4000,1.0364,0.5089,0.4911,2.0628,0.6735,0.3265,0.3617,5459.0000,15093.0000
1700862300000,1.5000,0.6000,0.4000,1.0364,0.5089,0.4911,2.0628,0.6735,0.3265,0.2278,9642.0000,42333.0000
1700862900000,1.5056,0.6009,0.3991,1.0373,0.5091,0.4909,2.0656,0.6738,0.3262,1.8415,11535.0000,6264.0000
1700862900000,1.5056,0.6009,0.3991,1.0373,0.5091,0.4909,2.0656,0.6738,0.3262,0.2162,3396.0000,15708.0000
1700863500000,1.4814,0.5970,0.4030,1.0430,0.5105,0.4895,2.0404,0.6711,0.3289,1.7618,101147.0000,57412.0000
1700863500000,1.4814,0.5970,0.4030,1.0430,0.5105,0.4895,2.0404,0.6711,0.3289,0.4321,20217.0000,46789.0000
1700864100000,1.5088,0.6014,0.3986,1.0389,0.5095,0.4905,2.0609,0.6733,0.3267,0.8300,10929.0000,13168.0000
1700864700000,1.4832,0.5973,0.4027,1.0436,0.5107,0.4893,2.0656,0.6738,0.3262,1.3859,72960.0000,52643.0000
1700865300000,1.5208,0.6033,0.3967,1.0422,0.5103,0.4897,2.0656,0.6738,0.3262,0.1655,30566.0000,184657.0000
1700865900000,1.5088,0.6014,0.3986,1.0398,0.5097,0.4903,2.0656,0.6738,0.3262,3.0225,19036.0000,6298.0000
1700866500000,1.4975,0.5996,0.4004,1.0417,0.5102,0.4898,2.0722,0.6745,0.3255,1.9289,36242.0000,18789.0000
1700867100000,1.5038,0.6006,0.3994,1.0443,0.5108,0.4892,2.0722,0.6745,0.3255,0.6271,9461.0000,15088.0000
1700867100000,1.5038,0.6006,0.3994,1.0443,0.5108,0.4892,2.0057,0.6673,0.3327,0.9405,52904.0000,56252.0000
1700867700000,1.3691,0.5779,0.4221,1.0433,0.5106,0.4894,2.0057,0.6673,0.3327,0.9405,52904.0000,56252.0000
1700867700000,1.3691,0.5779,0.4221,1.0433,0.5106,0.4894,1.9036,0.6556,0.3444,1.1521,154102.0000,133759.0000
1700868300000,1.3563,0.5756,0.4244,1.0407,0.5100,0.4900,1.9036,0.6556,0.3444,0.6782,26199.0000,38631.0000
1700868300000,1.3563,0.5756,0.4244,1.0407,0.5100,0.4900,1.9138,0.6568,0.3432,1.3641,38723.0000,28388.0000
1700868600000,1.3663,0.5774,0.4226,1.0404,0.5099,0.4901,1.9138,0.6568,0.3432,1.1910,21428.0000,17992.0000
1700868900000,1.3815,0.5801,0.4199,1.0384,0.5094,0.4906,1.9386,0.6597,0.3403,2.8736,136440.0000,47480.0000
1700869200000,1.3832,0.5804,0.4196,1.0362,0.5089,0.4911,1.9386,0.6597,0.3403,116.4280,27477.0000,236.0000
1700869500000,1.3844,0.5806,0.4194,1.0355,0.5087,0.4913,1.9464,0.6606,0.3394,3.1264,17911.0000,5729.0000
1700869800000,1.3946,0.5824,0.4176,1.0363,0.5089,0.4911,1.9560,0.6617,0.3383,0.3730,4108.0000,11013.0000
1700870100000,1.3981,0.5830,0.4170,1.0367,0.5090,0.4910,1.9560,0.6617,0.3383,0.2129,1935.0000,9087.0000
1700870700000,1.3277,0.5704,0.4296,1.0076,0.5019,0.4981,1.8490,0.6490,0.3510,5.4854,255519.0000,46582.0000
1700870700000,1.3277,0.5704,0.4296,1.0076,0.5019,0.4981,1.8490,0.6490,0.3510,0.6979,440610.0000,631343.0000
1700871000000,1.3804,0.5799,0.4201,1.0010,0.5003,0.4997,1.9351,0.6593,0.3407,0.8295,244169.0000,294363.0000
1700871600000,1.3602,0.5763,0.4237,1.0012,0.5003,0.4997,1.9351,0.6593,0.3407,1.2774,67006.0000,52454.0000
1700871600000,1.3602,0.5763,0.4237,1.0012,0.5003,0.4997,1.9129,0.6567,0.3433,1.0631,142238.0000,133792.0000
1700872200000,1.3652,0.5772,0.4228,1.0032,0.5008,0.4992,1.9129,0.6567,0.3433,0.6236,37295.0000,59803.0000
1700872200000,1.3652,0.5772,0.4228,1.0032,0.5008,0.4992,1.8969,0.6548,0.3452,1.8959,58772.0000,31000.0000
1700872800000,1.3787,0.5796,0.4204,1.0043,0.5011,0.4989,1.8969,0.6548,0.3452,0.1945,7939.0000,40813.0000
1700872800000,1.3787,0.5796,0.4204,1.0043,0.5011,0.4989,1.8977,0.6549,0.3451,0.2913,2956.0000,10149.0000
1700873400000,1.4225,0.5872,0.4128,1.0040,0.5010,0.4990,1.9146,0.6569,0.3431,0.8940,36252.0000,40549.0000
1700873400000,1.4225,0.5872,0.4128,1.0040,0.5010,0.4990,2.0120,0.6680,0.3320,0.6622,20348.0000,30728.0000
1700874000000,1.4643,0.5942,0.4058,1.0039,0.5010,0.4990,1.9976,0.6664,0.3336,0.2837,30009.0000,105761.0000
1700874000000,1.4643,0.5942,0.4058,1.0039,0.5010,0.4990,1.9976,0.6664,0.3336,0.3441,12030.0000,34959.0000
1700874600000,1.4576,0.5931,0.4069,1.0041,0.5010,0.4990,1.9780,0.6642,0.3358,1.4426,24828.0000,17211.0000
1700874600000,1.4576,0.5931,0.4069,1.0041,0.5010,0.4990,1.9780,0.6642,0.3358,0.9817,21455.0000,21854.0000
1700875200000,1.4667,0.5946,0.4054,1.0036,0.5009,0.4991,1.9967,0.6663,0.3337,0.1535,5105.0000,33263.0000
1700875200000,1.4667,0.5946,0.4054,1.0036,0.5009,0.4991,1.9967,0.6663,0.3337,0.8055,21795.0000,27058.0000
1700875800000,1.4771,0.5963,0.4037,1.0082,0.5020,0.4980,1.9967,0.6663,0.3337,0.4941,12601.0000,25502.0000
1700875800000,1.4771,0.5963,0.4037,1.0082,0.5020,0.4980,1.9967,0.6663,0.3337,0.2386,29609.0000,124086.0000
1700876400000,1.5164,0.6026,0.3974,1.0107,0.5027,0.4973,2.0441,0.6715,0.3285,2.0978,87757.0000,41832.0000
1700876400000,1.5164,0.6026,0.3974,1.0107,0.5027,0.4973,2.0441,0.6715,0.3285,0.1459,15905.0000,109043.0000
1700877000000,1.5310,0.6049,0.3951,1.0101,0.5025,0.4975,2.0395,0.6710,0.3290,0.3881,12936.0000,33328.0000
1700877000000,1.5310,0.6049,0.3951,1.0101,0.5025,0.4975,2.0874,0.6761,0.3239,8.8799,222726.0000,25082.0000
1700877600000,1.5767,0.6119,0.3881,1.0224,0.5055,0.4945,2.0979,0.6772,0.3228,0.6538,29924.0000,45767.0000
1700877600000,1.5767,0.6119,0.3881,1.0224,0.5055,0.4945,2.1027,0.6777,0.3223,0.8987,120789.0000,134407.0000
1700878200000,1.5820,0.6127,0.3873,1.0506,0.5123,0.4877,2.1027,0.6777,0.3223,0.4739,86970.0000,183519.0000
1700878200000,1.5820,0.6127,0.3873,1.0506,0.5123,0.4877,2.0741,0.6747,0.3253,1.7249,108238.0000,62751.0000
1700878800000,1.5773,0.6120,0.3880,1.0518,0.5126,0.4874,2.0741,0.6747,0.3253,0.5380,94623.0000,175881.0000
1700878800000,1.5773,0.6120,0.3880,1.0518,0.5126,0.4874,2.0893,0.6763,0.3237,0.5046,32326.0000,64061.0000
1700879400000,1.5813,0.6126,0.3874,1.0424,0.5104,0.4896,2.1027,0.6777,0.3223,0.6304,48630.0000,77141.0000
1700879400000,1.5813,0.6126,0.3874,1.0424,0.5104,0.4896,2.0769,0.6750,0.3250,0.2821,38486.0000,136443.0000
1700879700000,1.5813,0.6126,0.3874,1.0439,0.5107,0.4893,2.0769,0.6750,0.3250,1.7735,55036.0000,31032.0000
1700880000000,1.5786,0.6122,0.3878,1.0439,0.5107,0.4893,2.0769,0.6750,0.3250,0.1501,3021.0000,20125.0000
1700880300000,1.5727,0.6113,0.3887,1.0431,0.5105,0.4895,2.0817,0.6755,0.3245,0.3443,9651.0000,28034.0000
1700880600000,1.5773,0.6120,0.3880,1.0410,0.5100,0.4900,2.0807,0.6754,0.3246,4.0923,59347.0000,14502.0000
1700880900000,1.5720,0.6112,0.3888,1.0405,0.5099,0.4901,2.0902,0.6764,0.3236,1.0246,23219.0000,22662.0000
1700881200000,1.5773,0.6120,0.3880,1.0404,0.5099,0.4901,2.1066,0.6781,0.3219,0.5283,26387.0000,49947.0000
1700881500000,1.5967,0.6149,0.3851,1.0413,0.5101,0.4899,2.0960,0.6770,0.3230,0.5572,68246.0000,122481.0000
1700882100000,1.6055,0.6162,0.3838,1.0446,0.5109,0.4891,2.0960,0.6770,0.3230,2.0869,4349.0000,2084.0000
1700882100000,1.6055,0.6162,0.3838,1.0446,0.5109,0.4891,2.1037,0.6778,0.3222,0.5020,15093.0000,30063.0000
1700882700000,1.5934,0.6144,0.3856,1.0419,0.5103,0.4897,2.1037,0.6778,0.3222,4.6129,45700.0000,9907.0000
1700882700000,1.5934,0.6144,0.3856,1.0419,0.5103,0.4897,2.0950,0.6769,0.3231,0.9102,17918.0000,19686.0000
1700883300000,1.5767,0.6119,0.3881,1.0390,0.5096,0.4904,2.0950,0.6769,0.3231,0.9102,17918.0000,19686.0000
1700883600000,1.5767,0.6119,0.3881,1.0385,0.5095,0.4905,2.0989,0.6773,0.3227,0.4398,9960.0000,22648.0000
1700883900000,1.5767,0.6119,0.3881,1.0393,0.5096,0.4904,2.0989,0.6773,0.3227,0.4398,9960.0000,22648.0000
1700883900000,1.5767,0.6119,0.3881,1.0393,0.5096,0.4904,2.0855,0.6759,0.3241,0.3336,10833.0000,32473.0000
1700884500000,1.5867,0.6134,0.3866,1.0403,0.5099,0.4901,2.0855,0.6759,0.3241,0.3047,14219.0000,46658.0000
1700884500000,1.5867,0.6134,0.3866,1.0403,0.5099,0.4901,2.0950,0.6769,0.3231,2.0006,34586.0000,17288.0000
1700885100000,1.6171,0.6179,0.3821,1.0388,0.5095,0.4905,2.1387,0.6814,0.3186,1.2452,32147.0000,25816.0000
1700885100000,1.6171,0.6179,0.3821,1.0388,0.5095,0.4905,2.1387,0.6814,0.3186,0.1977,34021.0000,172082.0000
1700885700000,1.6274,0.6194,0.3806,1.0382,0.5094,0.4906,2.1456,0.6821,0.3179,1.0302,6645.0000,6450.0000
1700885700000,1.6274,0.6194,0.3806,1.0382,0.5094,0.4906,2.1456,0.6821,0.3179,0.2896,5304.0000,18313.0000
1700886300000,1.6247,0.6190,0.3810,1.0419,0.5103,0.4897,2.1270,0.6802,0.3198,7.4647,17012.0000,2279.0000
1700886300000,1.6247,0.6190,0.3810,1.0419,0.5103,0.4897,2.1270,0.6802,0.3198,0.3681,22812.0000,61967.0000
1700886900000,1.6144,0.6175,0.3825,1.0438,0.5107,0.4893,2.1270,0.6802,0.3198,0.5125,26469.0000,51644.0000
1700886900000,1.6144,0.6175,0.3825,1.0438,0.5107,0.4893,2.1270,0.6802,0.3198,1.4227,186087.0000,130796.0000
1700887500000,1.6110,0.6170,0.3830,1.0430,0.5105,0.4895,2.1250,0.6800,0.3200,1.9121,22557.0000,11797.0000
1700887800000,1.6497,0.6226,0.3774,1.0475,0.5116,0.4884,2.1686,0.6844,0.3156,0.2787,12441.0000,44643.0000
1700888100000,1.6371,0.6208,0.3792,1.0438,0.5107,0.4893,2.1447,0.6820,0.3180,0.2204,170074.0000,771543.0000
1700888100000,1.6371,0.6208,0.3792,1.0438,0.5107,0.4893,2.1447,0.6820,0.3180,0.7832,349844.0000,446694.0000
1700888700000,1.6337,0.6203,0.3797,1.0390,0.5096,0.4904,2.1516,0.6827,0.3173,1.1310,233218.0000,206201.0000
1700888700000,1.6337,0.6203,0.3797,1.0390,0.5096,0.4904,2.1576,0.6833,0.3167,0.9595,46561.0000,48528.0000
1700889300000,1.6532,0.6231,0.3769,1.0384,0.5094,0.4906,2.1576,0.6833,0.3167,0.5019,90345.0000,180011.0000
1700889300000,1.6532,0.6231,0.3769,1.0384,0.5094,0.4906,2.1230,0.6798,0.3202,20.1692,46006.0000,2281.0000
1700889900000,1.6413,0.6214,0.3786,1.0430,0.5105,0.4895,2.1397,0.6815,0.3185,1.3025,174202.0000,133749.0000
1700889900000,1.6413,0.6214,0.3786,1.0430,0.5105,0.4895,2.1397,0.6815,0.3185,1.1918,61744.0000,51808.0000
1700890500000,1.6378,0.6209,0.3791,1.0435,0.5106,0.4894,2.1397,0.6815,0.3185,5.6324,58740.0000,10429.0000
1700890500000,1.6378,0.6209,0.3791,1.0435,0.5106,0.4894,2.1328,0.6808,0.3192,2.3989,35808.0000,14927.0000
1700891100000,1.6399,0.6212,0.3788,1.0446,0.5109,0.4891,2.1328,0.6808,0.3192,1.4947,51486.0000,34446.0000
1700891100000,1.6399,0.6212,0.3788,1.0446,0.5109,0.4891,2.1427,0.6818,0.3182,2.0665,21533.0000,10420.0000
1700891400000,1.6330,0.6202,0.3798,1.0446,0.5109,0.4891,2.1427,0.6818,0.3182,0.2313,7398.0000,31990.0000
1700891700000,1.6330,0.6202,0.3798,1.0448,0.5110,0.4890,2.1447,0.6820,0.3180,1.5885,8592.0000,5409.0000
1700892300000,1.6469,0.6222,0.3778,1.0452,0.5110,0.4890,2.1447,0.6820,0.3180,1.4318,18467.0000,12898.0000
1700892300000,1.6469,0.6222,0.3778,1.0452,0.5110,0.4890,2.1358,0.6811,0.3189,1.3047,13846.0000,10612.0000
1700893200000,1.6462,0.6221,0.3779,1.0440,0.5108,0.4892,2.1387,0.6814,0.3186,2.3870,44620.0000,18693.0000
1700893800000,1.6385,0.6210,0.3790,1.0439,0.5107,0.4893,2.1387,0.6814,0.3186,1.2988,17176.0000,13225.0000
1700894400000,1.6603,0.6241,0.3759,1.0333,0.5082,0.4918,2.1626,0.6838,0.3162,1.6789,31468.0000,18743.0000
1700895000000,1.6567,0.6236,0.3764,1.0402,0.5098,0.4902,2.1686,0.6844,0.3156,7.5444,60959.0000,8080.0000
1700895600000,1.6846,0.6275,0.3725,1.0397,0.5097,0.4903,2.1686,0.6844,0.3156,1.8573,88914.0000,47874.0000
1700895600000,1.6846,0.6275,0.3725,1.0397,0.5097,0.4903,2.1847,0.6860,0.3140,0.9806,13622.0000,13891.0000
1700896200000,1.6853,0.6276,0.3724,1.0417,0.5102,0.4898,2.1847,0.6860,0.3140,1.0507,38983.0000,37101.0000
1700896200000,1.6853,0.6276,0.3724,1.0417,0.5102,0.4898,2.1939,0.6869,0.3131,2.2859,35896.0000,15703.0000
1700896800000,1.6667,0.6250,0.3750,1.0382,0.5094,0.4906,2.1959,0.6871,0.3129,5.2996,102563.0000,19353.0000
1700897400000,1.6476,0.6223,0.3777,1.0408,0.5100,0.4900,2.1847,0.6860,0.3140,1.4714,228792.0000,155497.0000
1700899200000,1.6624,0.6244,0.3756,1.0430,0.5105,0.4895,2.2020,0.6877,0.3123,0.0518,1420.0000,27403.0000
1700899800000,1.6582,0.6238,0.3762,1.0427,0.5104,0.4896,2.1990,0.6874,0.3126,0.8571,11446.0000,13355.0000
1700899800000,1.6582,0.6238,0.3762,1.0427,0.5104,0.4896,2.1990,0.6874,0.3126,0.8571,11446.0000,13355.0000
1700900400000,1.6717,0.6257,0.3743,1.0437,0.5107,0.4893,2.1898,0.6865,0.3135,1.3201,15540.0000,11772.0000
1700901000000,1.6724,0.6258,0.3742,1.0464,0.5113,0.4887,2.1716,0.6847,0.3153,0.2955,11619.0000,39326.0000
1700901600000,1.6774,0.6265,0.3735,1.0496,0.5121,0.4879,2.1746,0.6850,0.3150,0.5523,30080.0000,54462.0000
1700902800000,1.6497,0.6226,0.3774,1.0504,0.5123,0.4877,2.1546,0.6830,0.3170,1.1642,12131.0000,10420.0000
1700903400000,1.6344,0.6204,0.3796,1.0500,0.5122,0.4878,2.1456,0.6821,0.3179,3.7539,19693.0000,5246.0000
1700903700000,1.6357,0.6206,0.3794,1.0501,0.5122,0.4878,2.1250,0.6800,0.3200,1.5944,18773.0000,11774.0000
1700904300000,1.6413,0.6214,0.3786,1.0498,0.5122,0.4878,2.1328,0.6808,0.3192,0.2567,5787.0000,22548.0000
1700904900000,1.6462,0.6221,0.3779,1.0523,0.5127,0.4873,2.1526,0.6828,0.3172,0.3080,68185.0000,221352.0000
1700905500000,1.6427,0.6216,0.3784,1.0416,0.5102,0.4898,2.1736,0.6849,0.3151,1.5568,120968.0000,77704.0000
1700906700000,1.6575,0.6237,0.3763,1.0407,0.5100,0.4900,2.1817,0.6857,0.3143,1.7896,12037.0000,6726.0000
1700907300000,1.6610,0.6242,0.3758,1.0422,0.5103,0.4897,2.1817,0.6857,0.3143,3.9365,38078.0000,9673.0000
1700907900000,1.6610,0.6242,0.3758,1.0442,0.5108,0.4892,2.1706,0.6846,0.3154,0.5257,10786.0000,20518.0000
1700907900000,1.6610,0.6242,0.3758,1.0442,0.5108,0.4892,2.1536,0.6829,0.3171,0.7382,48753.0000,66041.0000
1700908500000,1.6490,0.6225,0.3775,1.0429,0.5105,0.4895,2.1536,0.6829,0.3171,0.9414,21020.0000,22328.0000
1700908500000,1.6490,0.6225,0.3775,1.0429,0.5105,0.4895,2.1706,0.6846,0.3154,0.5871,17683.0000,30117.0000
1700909100000,1.6567,0.6236,0.3764,1.0493,0.5120,0.4880,2.1706,0.6846,0.3154,0.5420,69692.0000,128585.0000
1700909700000,1.6434,0.6217,0.3783,1.0465,0.5114,0.4886,2.1827,0.6858,0.3142,1.1884,26885.0000,22623.0000
1700910900000,1.6420,0.6215,0.3785,1.0440,0.5108,0.4892,2.1786,0.6854,0.3146,1.1660,27639.0000,23705.0000
1700912100000,1.6288,0.6196,0.3804,1.0412,0.5101,0.4899,2.1746,0.6850,0.3150,2.2386,32964.0000,14725.0000
1700915100000,1.6802,0.6269,0.3731,1.0486,0.5119,0.4881,2.2082,0.6883,0.3117,0.5342,24330.0000,45547.0000
1700915400000,1.6882,0.6280,0.3720,1.0496,0.5121,0.4879,2.2000,0.6875,0.3125,0.3490,10828.0000,31027.0000
1700916000000,1.6911,0.6284,0.3716,1.0539,0.5131,0.4869,2.2000,0.6875,0.3125,0.0302,1588.0000,52519.0000
1700916600000,1.6940,0.6288,0.3712,1.0497,0.5121,0.4879,2.2175,0.6892,0.3108,1.1717,55969.0000,47766.0000
1700917200000,1.7042,0.6302,0.3698,1.0529,0.5129,0.4871,2.2072,0.6882,0.3118,0.2666,52272.0000,196083.0000
1700917200000,1.7042,0.6302,0.3698,1.0529,0.5129,0.4871,2.2072,0.6882,0.3118,2.0659,22805.0000,11039.0000
1700917800000,1.7196,0.6323,0.3677,1.0506,0.5123,0.4877,2.2446,0.6918,0.3082,0.1593,3868.0000,24279.0000
1700918400000,1.6911,0.6284,0.3716,1.0516,0.5126,0.4874,2.1616,0.6837,0.3163,0.3876,31244.0000,80609.0000
1700919000000,1.6802,0.6269,0.3731,1.0515,0.5126,0.4874,2.1397,0.6815,0.3185,0.3057,10217.0000,33424.0000
1700919600000,1.6511,0.6228,0.3772,1.0501,0.5122,0.4878,2.0941,0.6768,0.3232,3.4834,135189.0000,38809.0000
1700924400000,1.6455,0.6220,0.3780,1.0543,0.5132,0.4868,2.0750,0.6748,0.3252,0.2540,6434.0000,25328.0000
1700925000000,1.6392,0.6211,0.3789,1.0544,0.5132,0.4868,2.0637,0.6736,0.3264,0.5164,9629.0000,18648.0000
1700926200000,1.6518,0.6229,0.3771,1.0473,0.5115,0.4885,2.0769,0.6750,0.3250,0.2023,64539.0000,319003.0000
1700926500000,1.6497,0.6226,0.3774,1.0459,0.5112,0.4888,2.0769,0.6750,0.3250,4.7490,65760.0000,13847.0000
1700927100000,1.6427,0.6216,0.3784,1.0473,0.5116,0.4884,2.0675,0.6740,0.3260,0.5972,10887.0000,18231.0000
1700927700000,1.6483,0.6224,0.3776,1.0520,0.5127,0.4873,2.0675,0.6740,0.3260,9.6604,84200.0000,8716.0000
1700927700000,1.6483,0.6224,0.3776,1.0520,0.5127,0.4873,2.0600,0.6732,0.3268,3.7360,66885.0000,17903.0000
1700928900000,1.6295,0.6197,0.3803,1.0528,0.5129,0.4871,2.0581,0.6730,0.3270,1.5896,29493.0000,18554.0000
1700929500000,1.6546,0.6233,0.3767,1.0525,0.5128,0.4872,2.0581,0.6730,0.3270,0.2753,20864.0000,75774.0000
1700929500000,1.6546,0.6233,0.3767,1.0525,0.5128,0.4872,2.0684,0.6741,0.3259,0.7439,14399.0000,19357.0000
1700930100000,1.6560,0.6235,0.3765,1.0547,0.5133,0.4867,2.0544,0.6726,0.3274,0.9939,17548.0000,17655.0000
1700930700000,1.6364,0.6207,0.3793,1.0561,0.5136,0.4864,2.0469,0.6718,0.3282,1.3763,19584.0000,14229.0000
1700931300000,1.6364,0.6207,0.3793,1.0534,0.5130,0.4870,2.0562,0.6728,0.3272,0.9244,9229.0000,9984.0000
1700931900000,1.6371,0.6208,0.3792,1.0543,0.5132,0.4868,2.0432,0.6714,0.3286,2.5296,32520.0000,12856.0000
1700931900000,1.6371,0.6208,0.3792,1.0543,0.5132,0.4868,2.0432,0.6714,0.3286,0.8933,5804.0000,6497.0000
1700933100000,1.6385,0.6210,0.3790,1.0524,0.5128,0.4872,2.0590,0.6731,0.3269,7.4543,15915.0000,2135.0000
1700933100000,1.6385,0.6210,0.3790,1.0524,0.5128,0.4872,2.0590,0.6731,0.3269,1.2683,6386.0000,5035.0000
1700934300000,1.6316,0.6200,0.3800,1.0474,0.5116,0.4884,2.0807,0.6754,0.3246,2.1898,29323.0000,13391.0000
1700938200000,1.6624,0.6244,0.3756,1.0414,0.5101,0.4899,2.1506,0.6826,0.3174,0.4339,5368.0000,12371.0000
1700938800000,1.6631,0.6245,0.3755,1.0409,0.5100,0.4900,2.1616,0.6837,0.3163,0.4949,3639.0000,7353.0000
1700940000000,1.6567,0.6236,0.3764,1.0436,0.5107,0.4893,2.1377,0.6813,0.3187,1.1907,24367.0000,20465.0000
1700940000000,1.6567,0.6236,0.3764,1.0436,0.5107,0.4893,2.1526,0.6828,0.3172,4.5622,22907.0000,5021.0000
1700940600000,1.6553,0.6234,0.3766,1.0459,0.5112,0.4888,2.1526,0.6828,0.3172,0.2649,47321.0000,178613.0000
1700945100000,1.6199,0.6183,0.3817,1.0437,0.5107,0.4893,2.1114,0.6786,0.3214,1.6106,23803.0000,14779.0000
1700948400000,1.6267,0.6193,0.3807,1.0415,0.5102,0.4898,2.1309,0.6806,0.3194,0.8051,6313.0000,7841.0000
1700949900000,1.6267,0.6193,0.3807,1.0453,0.5111,0.4889,2.0950,0.6769,0.3231,1.6482,18170.0000,11024.0000
1700950200000,1.6219,0.6186,0.3814,1.0453,0.5111,0.4889,2.1017,0.6776,0.3224,3.0700,22276.0000,7256.0000
1700950500000,1.6295,0.6197,0.3803,1.0429,0.5105,0.4895,2.1299,0.6805,0.3195,0.3472,13464.0000,38777.0000
1700951100000,1.6344,0.6204,0.3796,1.0423,0.5104,0.4896,2.1348,0.6810,0.3190,0.8831,13773.0000,15597.0000
1700954700000,1.6309,0.6199,0.3801,1.0399,0.5098,0.4902,2.1456,0.6821,0.3179,3.1112,10522.0000,3382.0000
1700955900000,1.6330,0.6202,0.3798,1.0408,0.5100,0.4900,2.1447,0.6820,0.3180,0.9774,9508.0000,9728.0000
1700957700000,1.4594,0.5934,0.4066,1.0403,0.5099,0.4901,1.9797,0.6644,0.3356,1.0060,450476.0000,447784.0000
1700960400000,1.5013,0.6002,0.3998,1.0382,0.5094,0.4906,2.0102,0.6678,0.3322,0.2587,88346.0000,341553.0000
1700960700000,1.5075,0.6012,0.3988,1.0303,0.5075,0.4925,2.0102,0.6678,0.3322,1.9170,272216.0000,141999.0000
1700961000000,1.5381,0.6060,0.3940,1.0400,0.5098,0.4902,2.0590,0.6731,0.3269,1.0664,525388.0000,492656.0000
1700961600000,1.4857,0.5977,0.4023,1.0292,0.5072,0.4928,2.0012,0.6668,0.3332,2.2668,365193.0000,161107.0000
1700962200000,1.4624,0.5939,0.4061,1.0350,0.5086,0.4914,1.9525,0.6613,0.3387,1.1816,389883.0000,329964.0000
1700964600000,1.5284,0.6045,0.3955,1.1043,0.5248,0.4752,1.9360,0.6594,0.3406,0.7377,260369.0000,352959.0000
1700965200000,1.5439,0.6069,0.3931,1.1041,0.5247,0.4753,1.9248,0.6581,0.3419,0.3404,47383.0000,139183.0000
1700965800000,1.5100,0.6016,0.3984,1.1018,0.5242,0.4758,1.8986,0.6550,0.3450,1.4488,246884.0000,170403.0000
1700965800000,1.5100,0.6016,0.3984,1.1018,0.5242,0.4758,1.8885,0.6538,0.3462,1.8813,104463.0000,55527.0000
1700967600000,1.5478,0.6075,0.3925,1.1044,0.5248,0.4752,1.9490,0.6609,0.3391,0.4087,63279.0000,154848.0000
1700972400000,1.4777,0.5964,0.4036,1.1002,0.5238,0.4762,1.8458,0.6486,0.3514,1.1726,21526.0000,18357.0000
1700973000000,1.4919,0.5987,0.4013,1.1017,0.5242,0.4758,1.8620,0.6506,0.3494,0.3967,13453.0000,33916.0000
1700973300000,1.4832,0.5973,0.4027,1.1011,0.5241,0.4759,1.8620,0.6506,0.3494,0.4341,9315.0000,21460.0000
1700974500000,1.4667,0.5946,0.4054,1.1058,0.5251,0.4749,1.8794,0.6527,0.3473,1.4772,87651.0000,59334.0000
1700978100000,1.5227,0.6036,0.3964,1.1051,0.5250,0.4750,1.9753,0.6639,0.3361,0.2449,27704.0000,113129.0000
1700982000000,1.4988,0.5998,0.4002,1.0785,0.5189,0.4811,2.0184,0.6687,0.3313,0.6908,81996.0000,118701.0000
1700982300000,1.4869,0.5979,0.4021,1.0739,0.5178,0.4822,2.0184,0.6687,0.3313,0.7241,80490.0000,111166.0000
1700982600000,1.4907,0.5985,0.4015,1.0741,0.5179,0.4821,2.0075,0.6675,0.3325,0.2560,17363.0000,67833.0000
1700983500000,1.4600,0.5935,0.4065,1.0835,0.5200,0.4800,1.9789,0.6643,0.3357,3.6576,129269.0000,35343.0000
1700984700000,1.4498,0.5918,0.4082,1.0709,0.5171,0.4829,1.9612,0.6623,0.3377,0.7392,276688.0000,374304.0000
1700985300000,1.4510,0.5920,0.4080,1.0718,0.5173,0.4827,1.9806,0.6645,0.3355,0.7774,210105.0000,270267.0000
1700985600000,1.4272,0.5880,0.4120,1.0690,0.5167,0.4833,1.9931,0.6659,0.3341,1.6808,114717.0000,68252.0000
1700986200000,1.4242,0.5875,0.4125,1.0749,0.5180,0.4820,1.9931,0.6659,0.3341,0.6433,138956.0000,215999.0000
1700986800000,1.4219,0.5871,0.4129,1.0650,0.5157,0.4843,1.9780,0.6642,0.3358,0.5386,65201.0000,121062.0000
1700987400000,1.4067,0.5845,0.4155,1.0507,0.5124,0.4876,1.9412,0.6600,0.3400,0.5925,35260.0000,59506.0000
1700988000000,1.4456,0.5911,0.4089,1.0649,0.5157,0.4843,1.9577,0.6619,0.3381,0.4224,154634.0000,366076.0000
1700989800000,1.3964,0.5827,0.4173,1.0572,0.5139,0.4861,1.9078,0.6561,0.3439,1.2853,349100.0000,271618.0000
1700990400000,1.3901,0.5816,0.4184,1.0511,0.5124,0.4876,1.9257,0.6582,0.3418,0.8578,234606.0000,273508.0000
1700991000000,1.4237,0.5874,0.4126,1.0669,0.5162,0.4838,1.9172,0.6572,0.3428,0.5382,210557.0000,391205.0000
1700992200000,1.3708,0.5782,0.4218,1.0746,0.5180,0.4820,1.8580,0.6501,0.3499,1.1564,104690.0000,90532.0000
1700993400000,1.3674,0.5776,0.4224,1.0717,0.5173,0.4827,1.8736,0.6520,0.3480,0.2538,51891.0000,204495.0000
1700993700000,1.3629,0.5768,0.4232,1.0698,0.5169,0.4831,1.8744,0.6521,0.3479,1.2902,95476.0000,74001.0000
1700994000000,1.3579,0.5759,0.4241,1.0592,0.5144,0.4856,1.8827,0.6531,0.3469,0.3221,26479.0000,82207.0000
1700996400000,1.3764,0.5792,0.4208,1.0783,0.5188,0.4812,1.8653,0.6510,0.3490,1.3179,130371.0000,98922.0000
1700997300000,1.3557,0.5755,0.4245,1.0750,0.5181,0.4819,1.8313,0.6468,0.3532,1.2444,53320.0000,42849.0000
1700997300000,1.3557,0.5755,0.4245,1.0750,0.5181,0.4819,1.8169,0.6450,0.3550,0.9873,183786.0000,186151.0000
1700998500000,1.3229,0.5695,0.4305,1.0782,0.5188,0.4812,1.8027,0.6432,0.3568,1.4331,292046.0000,203784.0000
1700998500000,1.3229,0.5695,0.4305,1.0782,0.5188,0.4812,1.7778,0.6400,0.3600,1.3616,272073.0000,199824.0000
1701001500000,1.4056,0.5843,0.4157,1.0549,0.5134,0.4866,1.8620,0.6506,0.3494,0.8053,300032.0000,372567.0000
1701002100000,1.3935,0.5822,0.4178,1.0585,0.5142,0.4858,1.8620,0.6506,0.3494,0.6045,287153.0000,475034.0000
1701004200000,1.4033,0.5839,0.4161,1.0774,0.5186,0.4814,1.8653,0.6510,0.3490,0.3047,86629.0000,284298.0000
1701013500000,1.5253,0.6040,0.3960,1.0483,0.5118,0.4882,1.9265,0.6583,0.3417,0.5832,107578.0000,184450.0000
1701016200000,1.4062,0.5844,0.4156,1.0395,0.5097,0.4903,1.8225,0.6457,0.3543,0.3854,276286.0000,716820.0000
1701017100000,1.4231,0.5873,0.4127,1.0523,0.5127,0.4873,1.8217,0.6456,0.3544,2.1209,432152.0000,203763.0000
1701018000000,1.3901,0.5816,0.4184,1.0501,0.5122,0.4878,1.7678,0.6387,0.3613,1.2726,60822.0000,47793.0000
1701018300000,1.4004,0.5834,0.4166,1.0452,0.5111,0.4889,1.7917,0.6418,0.3582,1.2843,88931.0000,69244.0000
1701018300000,1.4004,0.5834,0.4166,1.0452,0.5111,0.4889,1.8305,0.6467,0.3533,3.5444,185459.0000,52324.0000
1701018900000,1.4272,0.5880,0.4120,1.0494,0.5120,0.4880,1.8121,0.6444,0.3556,1.1538,89051.0000,77178.0000
1701019500000,1.3923,0.5820,0.4180,1.0477,0.5117,0.4883,1.8225,0.6457,0.3543,2.6337,134135.0000,50931.0000
1701020100000,1.4085,0.5848,0.4152,1.0452,0.5111,0.4889,1.8209,0.6455,0.3545,1.0905,132466.0000,121470.0000
1701022500000,1.3702,0.5781,0.4219,1.0450,0.5110,0.4890,1.7917,0.6418,0.3582,2.1617,43685.0000,20209.0000
1701024900000,1.3935,0.5822,0.4178,1.0451,0.5110,0.4890,1.8114,0.6443,0.3557,1.1438,52189.0000,45627.0000
1701025500000,1.3958,0.5826,0.4174,1.0425,0.5104,0.4896,1.8289,0.6465,0.3535,0.5454,65850.0000,120746.0000
1701026400000,1.3998,0.5833,0.4167,1.0518,0.5126,0.4874,1.8082,0.6439,0.3561,0.8394,71483.0000,85163.0000
1701027000000,1.3946,0.5824,0.4176,1.0446,0.5109,0.4891,1.8225,0.6457,0.3543,0.4611,35710.0000,77450.0000
1701027300000,1.3872,0.5811,0.4189,1.0448,0.5110,0.4890,1.8225,0.6457,0.3543,0.8149,38831.0000,47652.0000
1701027600000,1.4010,0.5835,0.4165,1.0449,0.5110,0.4890,1.8385,0.6477,0.3523,0.8149,38831.0000,47652.0000
1701027900000,1.3906,0.5817,0.4183,1.0471,0.5115,0.4885,1.8385,0.6477,0.3523,0.4790,39439.0000,82331.0000
1701028200000,1.3906,0.5817,0.4183,1.0459,0.5112,0.4888,1.8193,0.6453,0.3547,0.7744,35584.0000,45948.0000
1701028500000,1.3883,0.5813,0.4187,1.0496,0.5121,0.4879,1.8193,0.6453,0.3547,1.6648,26691.0000,16033.0000
1701028800000,1.4044,0.5841,0.4159,1.0532,0.5129,0.4871,1.8257,0.6461,0.3539,0.3545,64824.0000,182876.0000
1701029100000,1.4219,0.5871,0.4129,1.0506,0.5123,0.4877,1.8305,0.6467,0.3533,0.3545,64824.0000,182876.0000
1701029400000,1.4160,0.5861,0.4139,1.0540,0.5131,0.4869,1.8506,0.6492,0.3508,0.5687,107362.0000,188797.0000
1701029700000,1.4184,0.5865,0.4135,1.0550,0.5134,0.4866,1.8417,0.6481,0.3519,1.2846,101979.0000,79388.0000
1701030000000,1.4408,0.5903,0.4097,1.0562,0.5137,0.4863,1.8620,0.6506,0.3494,1.8190,23841.0000,13107.0000
1701030300000,1.4558,0.5928,0.4072,1.0584,0.5142,0.4858,1.8653,0.6510,0.3490,0.6004,28227.0000,47017.0000
1701030600000,1.5304,0.6048,0.3952,1.0600,0.5146,0.4854,1.9377,0.6596,0.3404,0.3513,21531.0000,61297.0000
1701030900000,1.4432,0.5907,0.4093,1.0623,0.5151,0.4849,1.8555,0.6498,0.3502,0.1792,17327.0000,96714.0000
1701031200000,1.4091,0.5849,0.4151,1.0602,0.5146,0.4854,1.8257,0.6461,0.3539,1.7235,47311.0000,27450.0000
1701031200000,1.4091,0.5849,0.4151,1.0602,0.5146,0.4854,1.7732,0.6394,0.3606,2.6177,72756.0000,27794.0000
1701031800000,1.4396,0.5901,0.4099,1.0592,0.5144,0.4856,1.7732,0.6394,0.3606,3.3174,87564.0000,26395.0000
1701031800000,1.4396,0.5901,0.4099,1.0592,0.5144,0.4856,1.8273,0.6463,0.3537,2.2702,194232.0000,85557.0000
1701032400000,1.4480,0.5915,0.4085,1.0574,0.5139,0.4861,1.8273,0.6463,0.3537,0.3764,25792.0000,68522.0000
1701032400000,1.4480,0.5915,0.4085,1.0574,0.5139,0.4861,1.8852,0.6534,0.3466,1.3817,71977.0000,52094.0000
1701033000000,1.4975,0.5996,0.4004,1.0555,0.5135,0.4865,1.9019,0.6554,0.3446,0.4768,17708.0000,37141.0000
1701033000000,1.4975,0.5996,0.4004,1.0555,0.5135,0.4865,1.8860,0.6535,0.3465,0.5430,44550.0000,82041.0000
1701033600000,1.4944,0.5991,0.4009,1.0592,0.5144,0.4856,1.8927,0.6543,0.3457,4.1046,42634.0000,10387.0000
1701034200000,1.4290,0.5883,0.4117,1.0583,0.5142,0.4858,1.8450,0.6485,0.3515,0.6769,29460.0000,43525.0000
1701034500000,1.4325,0.5889,0.4111,1.0572,0.5139,0.4861,1.8466,0.6487,0.3513,1.7122,13545.0000,7911.0000
1701034800000,1.4408,0.5903,0.4097,1.0582,0.5141,0.4859,1.8401,0.6479,0.3521,2.3734,24868.0000,10478.0000
1701035100000,1.4366,0.5896,0.4104,1.0573,0.5139,0.4861,1.8466,0.6487,0.3513,0.2412,9193.0000,38106.0000
1701035400000,1.4056,0.5843,0.4157,1.0603,0.5146,0.4854,1.8225,0.6457,0.3543,1.3958,30506.0000,21855.0000
1701035700000,1.4004,0.5834,0.4166,1.0608,0.5147,0.4853,1.8114,0.6443,0.3557,3.1844,81369.0000,25552.0000
1701036000000,1.3964,0.5827,0.4173,1.0615,0.5149,0.4851,1.8027,0.6432,0.3568,0.8454,12270.0000,14514.0000
1701036300000,1.4155,0.5860,0.4140,1.0602,0.5146,0.4854,1.8027,0.6432,0.3568,1.1365,21140.0000,18601.0000
1701036600000,1.4956,0.5993,0.4007,1.0602,0.5146,0.4854,1.8986,0.6550,0.3450,1.1021,39620.0000,35949.0000
1701036900000,1.5432,0.6068,0.3932,1.0589,0.5143,0.4857,1.9490,0.6609,0.3391,0.7913,61333.0000,77512.0000
1701037200000,1.4759,0.5961,0.4039,1.0596,0.5145,0.4855,1.8760,0.6523,0.3477,0.4472,43349.0000,96941.0000
1701037500000,1.4919,0.5987,0.4013,1.0595,0.5144,0.4856,1.8818,0.6530,0.3470,0.9219,24422.0000,26490.0000
1701037800000,1.4765,0.5962,0.4038,1.0580,0.5141,0.4859,1.8785,0.6526,0.3474,2.5282,19740.0000,7808.0000
1701038100000,1.4771,0.5963,0.4037,1.0579,0.5141,0.4859,1.8835,0.6532,0.3468,1.0725,21838.0000,20362.0000
1701038400000,1.4679,0.5948,0.4052,1.0565,0.5137,0.4863,1.8719,0.6518,0.3482,0.9310,28291.0000,30387.0000
1701038700000,1.4631,0.5940,0.4060,1.0557,0.5135,0.4865,1.8694,0.6515,0.3485,1.5967,44561.0000,27908.0000
1701039000000,1.4685,0.5949,0.4051,1.0559,0.5136,0.4864,1.8727,0.6519,0.3481,0.4648,12549.0000,27001.0000
1701039300000,1.4783,0.5965,0.4035,1.0540,0.5132,0.4868,1.8952,0.6546,0.3454,0.5920,21340.0000,36047.0000
1701039600000,1.4746,0.5959,0.4041,1.0528,0.5129,0.4871,1.8994,0.6551,0.3449,0.3323,14264.0000,42926.0000
1701039900000,1.5031,0.6005,0.3995,1.0612,0.5148,0.4852,1.9036,0.6556,0.3444,0.2903,39963.0000,137674.0000
1701040200000,1.5013,0.6002,0.3998,1.0655,0.5159,0.4841,1.9061,0.6559,0.3441,0.3257,55703.0000,171033.0000
1701040500000,1.4114,0.5853,0.4147,1.0547,0.5133,0.4867,1.8281,0.6464,0.3536,2.6145,521599.0000,199501.0000
1701040800000,1.3240,0.5697,0.4303,1.0568,0.5138,0.4862,1.7226,0.6327,0.3673,2.4966,353560.0000,141618.0000
1701041100000,1.3866,0.5810,0.4190,1.0612,0.5148,0.4852,1.7840,0.6408,0.3592,0.6590,158067.0000,239859.0000
1701041400000,1.4125,0.5855,0.4145,1.0648,0.5157,0.4843,1.7840,0.6408,0.3592,0.6590,158067.0000,239859.0000
1701041700000,1.4010,0.5835,0.4165,1.0613,0.5149,0.4851,1.7972,0.6425,0.3575,0.4488,29951.0000,66743.0000
1701042000000,1.3992,0.5832,0.4168,1.0678,0.5164,0.4836,1.7724,0.6393,0.3607,1.9938,146040.0000,73247.0000
1701042300000,1.4242,0.5875,0.4125,1.0679,0.5164,0.4836,1.7996,0.6428,0.3572,0.3923,30267.0000,77153.0000
1701042300000,1.4242,0.5875,0.4125,1.0679,0.5164,0.4836,1.8066,0.6437,0.3563,1.5870,53088.0000,33451.0000
1701042900000,1.4925,0.5988,0.4012,1.0643,0.5156,0.4844,1.8777,0.6525,0.3475,0.3678,24423.0000,66408.0000
1701042900000,1.4925,0.5988,0.4012,1.0643,0.5156,0.4844,1.7941,0.6421,0.3579,1.8163,88009.0000,48455.0000
1701043500000,1.5510,0.6080,0.3920,1.0694,0.5168,0.4832,1.9163,0.6571,0.3429,3.2157,390774.0000,121521.0000
1701043500000,1.5510,0.6080,0.3920,1.0694,0.5168,0.4832,1.9308,0.6588,0.3412,0.3179,265270.0000,834398.0000
1701044100000,1.5628,0.6098,0.3902,1.0583,0.5142,0.4858,1.9377,0.6596,0.3404,0.5384,257495.0000,478241.0000
1701044100000,1.5628,0.6098,0.3902,1.0583,0.5142,0.4858,1.8612,0.6505,0.3495,0.5329,119300.0000,223857.0000
1701044700000,1.4498,0.5918,0.4082,1.0530,0.5129,0.4871,1.8506,0.6492,0.3508,2.5971,474004.0000,182515.0000
1701044700000,1.4498,0.5918,0.4082,1.0530,0.5129,0.4871,1.8694,0.6515,0.3485,1.1784,135776.0000,115217.0000
1701045300000,1.4925,0.5988,0.4012,1.0554,0.5135,0.4865,1.8653,0.6510,0.3490,0.2579,68531.0000,265731.0000
1701045600000,1.5195,0.6031,0.3969,1.0490,0.5119,0.4881,1.9138,0.6568,0.3432,0.3234,141905.0000,438743.0000
1701045900000,1.5233,0.6037,0.3963,1.0539,0.5131,0.4869,1.9138,0.6568,0.3432,0.2471,141496.0000,572684.0000
1701046200000,1.5265,0.6042,0.3958,1.0511,0.5125,0.4875,1.8986,0.6550,0.3450,0.6012,141733.0000,235746.0000
1701046500000,1.5536,0.6084,0.3916,1.0501,0.5122,0.4878,1.9146,0.6569,0.3431,0.5502,111364.0000,202424.0000
1701046800000,1.5465,0.6073,0.3927,1.0530,0.5129,0.4871,1.8994,0.6551,0.3449,0.5545,192205.0000,346657.0000
1701047100000,1.5497,0.6078,0.3922,1.0471,0.5115,0.4885,1.9053,0.6558,0.3442,0.5740,90318.0000,157352.0000
1701047400000,1.5445,0.6070,0.3930,1.0341,0.5084,0.4916,1.9146,0.6569,0.3431,0.8920,352020.0000,394647.0000
1701047700000,1.5426,0.6067,0.3933,1.0354,0.5087,0.4913,1.9308,0.6588,0.3412,2.4744,317780.0000,128427.0000
1701048000000,1.5400,0.6063,0.3937,1.0458,0.5112,0.4888,1.9155,0.6570,0.3430,2.6510,178791.0000,67444.0000
1701048300000,1.5253,0.6040,0.3960,1.0470,0.5115,0.4885,1.9019,0.6554,0.3446,1.4003,201619.0000,143986.0000
1701048600000,1.5157,0.6025,0.3975,1.0491,0.5120,0.4880,1.8727,0.6519,0.3481,1.2484,106162.0000,85036.0000
1701048900000,1.5151,0.6024,0.3976,1.0514,0.5125,0.4875,1.8818,0.6530,0.3470,3.7171,268621.0000,72267.0000
1701049200000,1.5246,0.6039,0.3961,1.0545,0.5133,0.4867,1.8935,0.6544,0.3456,2.6900,251675.0000,93559.0000
1701049500000,1.3906,0.5817,0.4183,1.0742,0.5179,0.4821,1.7801,0.6403,0.3597,0.8314,82474.0000,99204.0000
1701049800000,1.4038,0.5840,0.4160,1.0770,0.5185,0.4815,1.7693,0.6389,0.3611,3.1168,1347432.0000,432309.0000
1701050100000,1.4266,0.5879,0.4121,1.0681,0.5165,0.4835,1.7640,0.6382,0.3618,1.3353,755787.0000,566010.0000
1701050400000,1.5720,0.6112,0.3888,1.0704,0.5170,0.4830,1.9163,0.6571,0.3429,0.5194,346517.0000,667191.0000
1701050700000,1.5733,0.6114,0.3886,1.0715,0.5173,0.4827,1.9172,0.6572,0.3428,0.9337,121772.0000,130415.0000
1701051000000,1.5119,0.6019,0.3981,1.0264,0.5065,0.4935,1.9394,0.6598,0.3402,0.9315,122901.0000,131934.0000
1701051300000,1.4384,0.5899,0.4101,1.0256,0.5063,0.4937,1.8580,0.6501,0.3499,0.7434,94230.0000,126750.0000
1701051600000,1.4254,0.5877,0.4123,1.0244,0.5060,0.4940,1.8794,0.6527,0.3473,0.9953,415597.0000,417561.0000
1701051900000,1.4378,0.5898,0.4102,1.0270,0.5067,0.4933,1.8686,0.6514,0.3486,0.5560,60345.0000,108532.0000
1701052200000,1.4444,0.5909,0.4091,1.0264,0.5065,0.4935,1.8769,0.6524,0.3476,0.6966,170604.0000,244902.0000
1701052500000,1.4414,0.5904,0.4096,1.0280,0.5069,0.4931,1.8760,0.6523,0.3477,0.6705,57207.0000,85315.0000
1701052800000,1.4432,0.5907,0.4093,1.0278,0.5068,0.4932,1.8843,0.6533,0.3467,0.9398,49789.0000,52977.0000
1701053100000,1.4462,0.5912,0.4088,1.0254,0.5063,0.4937,1.8752,0.6522,0.3478,0.8389,111174.0000,132518.0000
1701053400000,1.4114,0.5853,0.4147,1.0233,0.5057,0.4943,1.8571,0.6500,0.3500,4.8334,433206.0000,89627.0000
1701053700000,1.4056,0.5843,0.4157,1.0231,0.5057,0.4943,1.8401,0.6479,0.3521,1.5082,179352.0000,118917.0000
1701054000000,1.3832,0.5804,0.4196,1.0200,0.5050,0.4950,1.8313,0.6468,0.3532,0.9852,82167.0000,83402.0000
1701054000000,1.3832,0.5804,0.4196,1.0200,0.5050,0.4950,1.8313,0.6468,0.3532,0.5966,53032.0000,88890.0000
1701054600000,1.4096,0.5850,0.4150,1.0234,0.5058,0.4942,1.8369,0.6475,0.3525,0.5966,53032.0000,88890.0000
1701054600000,1.4096,0.5850,0.4150,1.0234,0.5058,0.4942,1.8425,0.6482,0.3518,0.9757,61875.0000,63417.0000
1701055200000,1.4260,0.5878,0.4122,1.0270,0.5067,0.4933,1.8736,0.6520,0.3480,0.7984,34201.0000,42837.0000
1701055200000,1.4260,0.5878,0.4122,1.0270,0.5067,0.4933,1.8580,0.6501,0.3499,0.7984,34201.0000,42837.0000
1701055800000,1.4056,0.5843,0.4157,1.0307,0.5075,0.4925,1.8074,0.6438,0.3562,0.7942,26382.0000,33217.0000
1701056100000,1.3326,0.5713,0.4287,1.0262,0.5065,0.4935,1.7525,0.6367,0.3633,1.6660,147307.0000,88421.0000
1701056400000,1.3375,0.5722,0.4278,1.0322,0.5079,0.4921,1.7732,0.6394,0.3606,3.8407,493397.0000,128465.0000
1701056700000,1.3804,0.5799,0.4201,1.0387,0.5095,0.4905,1.7824,0.6406,0.3594,0.4884,144877.0000,296607.0000
1701057000000,1.3736,0.5787,0.4213,1.0394,0.5097,0.4903,1.7709,0.6391,0.3609,1.1707,65291.0000,55772.0000
1701057300000,1.3607,0.5764,0.4236,1.0371,0.5091,0.4909,1.7709,0.6391,0.3609,1.1707,65291.0000,55772.0000
1701057600000,1.3535,0.5751,0.4249,1.0362,0.5089,0.4911,1.7709,0.6391,0.3609,0.7631,47732.0000,62553.0000
1701057900000,1.3518,0.5748,0.4252,1.0338,0.5083,0.4917,1.7360,0.6345,0.3655,2.6342,61667.0000,23410.0000
1701058200000,1.3234,0.5696,0.4304,1.0295,0.5073,0.4927,1.7360,0.6345,0.3655,0.9239,99165.0000,107337.0000
1701058500000,1.3186,0.5687,0.4313,1.0339,0.5083,0.4917,1.7420,0.6353,0.3647,0.9239,99165.0000,107337.0000
1701058800000,1.3132,0.5677,0.4323,1.0376,0.5092,0.4908,1.7203,0.6324,0.3676,0.5185,45603.0000,87956.0000
1701059100000,1.3669,0.5775,0.4225,1.0384,0.5094,0.4906,1.7685,0.6388,0.3612,0.4479,37701.0000,84178.0000
1701059400000,1.3861,0.5809,0.4191,1.0360,0.5088,0.4912,1.7824,0.6406,0.3594,0.3904,89725.0000,229848.0000
1701059700000,1.4155,0.5860,0.4140,1.0328,0.5081,0.4919,1.8145,0.6447,0.3553,0.6345,107343.0000,169178.0000
1701060300000,1.4534,0.5924,0.4076,1.0380,0.5093,0.4907,1.8353,0.6473,0.3527,0.5657,29576.0000,52286.0000
1701060300000,1.4534,0.5924,0.4076,1.0380,0.5093,0.4907,1.8555,0.6498,0.3502,0.2217,27178.0000,122612.0000
1701060600000,1.4740,0.5958,0.4042,1.0391,0.5096,0.4904,1.8769,0.6524,0.3476,0.2217,27178.0000,122612.0000
1701060900000,1.4661,0.5945,0.4055,1.0355,0.5087,0.4913,1.8769,0.6524,0.3476,0.5219,80307.0000,153865.0000
1701061200000,1.4594,0.5934,0.4066,1.0304,0.5075,0.4925,1.8727,0.6519,0.3481,0.2832,22404.0000,79113.0000
1701061500000,1.4576,0.5931,0.4069,1.0362,0.5089,0.4911,1.8727,0.6519,0.3481,0.8806,64075.0000,72764.0000
1701061800000,1.4444,0.5909,0.4091,1.0295,0.5073,0.4927,1.8466,0.6487,0.3513,0.6546,31717.0000,48451.0000
1701062100000,1.4184,0.5865,0.4135,1.0276,0.5068,0.4932,1.8393,0.6478,0.3522,0.5805,92126.0000,158689.0000
1701062400000,1.4131,0.5856,0.4144,1.0307,0.5076,0.4924,1.8257,0.6461,0.3539,1.3371,62561.0000,46787.0000
1701062700000,1.4149,0.5859,0.4141,1.0317,0.5078,0.4922,1.8217,0.6456,0.3544,0.6042,67405.0000,111567.0000
1701063000000,1.4102,0.5851,0.4149,1.0291,0.5072,0.4928,1.8321,0.6469,0.3531,2.2199,68742.0000,30966.0000
1701063300000,1.4102,0.5851,0.4149,1.0285,0.5070,0.4930,1.8297,0.6466,0.3534,2.7568,115423.0000,41868.0000
1701063600000,1.4108,0.5852,0.4148,1.0324,0.5080,0.4920,1.8050,0.6435,0.3565,1.3041,32836.0000,25179.0000
1701063900000,1.4108,0.5852,0.4148,1.0312,0.5077,0.4923,1.8121,0.6444,0.3556,1.0234,54451.0000,53207.0000
1701064200000,1.4079,0.5847,0.4153,1.0317,0.5078,0.4922,1.8090,0.6440,0.3560,2.0921,45776.0000,21880.0000
1701064500000,1.4172,0.5863,0.4137,1.0289,0.5071,0.4929,1.8297,0.6466,0.3534,0.3972,13905.0000,35010.0000
1701064800000,1.3901,0.5816,0.4184,1.0373,0.5092,0.4908,1.7980,0.6426,0.3574,2.0270,140118.0000,69125.0000
1701065100000,1.3315,0.5711,0.4289,1.0360,0.5088,0.4912,1.7450,0.6357,0.3643,1.9964,631047.0000,316096.0000
1701065400000,1.2931,0.5639,0.4361,1.0325,0.5080,0.4920,1.7122,0.6313,0.3687,2.1484,169473.0000,78882.0000
1701065700000,1.2931,0.5639,0.4361,1.0319,0.5078,0.4922,1.7330,0.6341,0.3659,2.0469,115553.0000,56454.0000
1701066000000,1.3832,0.5804,0.4196,1.0392,0.5096,0.4904,1.8027,0.6432,0.3568,0.7105,66173.0000,93133.0000
1701066300000,1.3889,0.5814,0.4186,1.0380,0.5093,0.4907,1.8129,0.6445,0.3555,0.4051,69157.0000,170698.0000
